ISO-10303-21;
HEADER;
/* Generated by software containing ST-Developer
 * from STEP Tools, Inc. (www.steptools.com) 
 */

FILE_DESCRIPTION(
/* description */ (''),
/* implementation_level */ '2;1');

FILE_NAME(
/* name */ 'MX_Case_R.step',
/* time_stamp */ '2026-08-30T20:02:16-07:00',
/* author */ (''),
/* organization */ (''),
/* preprocessor_version */ 'ST-DEVELOPER v20.1',
/* originating_system */ 'Autodesk Translation Framework v15.8.0.0',
/* authorisation */ '');

FILE_SCHEMA (('AUTOMOTIVE_DESIGN { 1 0 10303 214 3 1 1 }'));
ENDSEC;

DATA;
#10=MECHANICAL_DESIGN_GEOMETRIC_PRESENTATION_REPRESENTATION('',(#13),#3745);
#11=SHAPE_REPRESENTATION_RELATIONSHIP('SRR','None',#3752,#12);
#12=ADVANCED_BREP_SHAPE_REPRESENTATION('',(#14),#3744);
#13=STYLED_ITEM('',(#3761),#14);
#14=MANIFOLD_SOLID_BREP('Case_R',#2201);
#15=FACE_BOUND('',#277,.T.);
#16=FACE_BOUND('',#279,.T.);
#17=FACE_BOUND('',#280,.T.);
#18=FACE_BOUND('',#281,.T.);
#19=FACE_BOUND('',#282,.T.);
#20=FACE_BOUND('',#283,.T.);
#21=FACE_BOUND('',#284,.T.);
#22=FACE_BOUND('',#285,.T.);
#23=FACE_BOUND('',#294,.T.);
#24=FACE_BOUND('',#297,.T.);
#25=FACE_BOUND('',#300,.T.);
#26=FACE_BOUND('',#303,.T.);
#27=FACE_BOUND('',#305,.T.);
#28=FACE_BOUND('',#307,.T.);
#29=FACE_BOUND('',#309,.T.);
#30=FACE_BOUND('',#311,.T.);
#31=PLANE('',#2218);
#32=PLANE('',#2222);
#33=PLANE('',#2226);
#34=PLANE('',#2230);
#35=PLANE('',#2234);
#36=PLANE('',#2235);
#37=PLANE('',#2239);
#38=PLANE('',#2243);
#39=PLANE('',#2247);
#40=PLANE('',#2251);
#41=PLANE('',#2255);
#42=PLANE('',#2259);
#43=PLANE('',#2260);
#44=PLANE('',#2261);
#45=PLANE('',#2262);
#46=PLANE('',#2263);
#47=PLANE('',#2264);
#48=PLANE('',#2268);
#49=PLANE('',#2272);
#50=PLANE('',#2276);
#51=PLANE('',#2280);
#52=PLANE('',#2284);
#53=PLANE('',#2288);
#54=PLANE('',#2292);
#55=PLANE('',#2296);
#56=PLANE('',#2300);
#57=PLANE('',#2304);
#58=PLANE('',#2308);
#59=PLANE('',#2312);
#60=PLANE('',#2313);
#61=PLANE('',#2327);
#62=PLANE('',#2337);
#63=PLANE('',#2340);
#64=PLANE('',#2343);
#65=PLANE('',#2347);
#66=PLANE('',#2352);
#67=PLANE('',#2357);
#68=PLANE('',#2362);
#69=PLANE('',#2364);
#70=PLANE('',#2367);
#71=PLANE('',#2370);
#72=PLANE('',#2373);
#73=PLANE('',#2380);
#74=PLANE('',#2383);
#75=PLANE('',#2386);
#76=PLANE('',#2387);
#77=PLANE('',#2388);
#78=PLANE('',#2391);
#79=PLANE('',#2392);
#80=PLANE('',#2393);
#81=PLANE('',#2394);
#82=PLANE('',#2397);
#83=PLANE('',#2400);
#84=PLANE('',#2401);
#85=PLANE('',#2402);
#86=PLANE('',#2403);
#87=PLANE('',#2404);
#88=PLANE('',#2405);
#89=PLANE('',#2408);
#90=PLANE('',#2409);
#91=PLANE('',#2412);
#92=PLANE('',#2415);
#93=PLANE('',#2418);
#94=PLANE('',#2421);
#95=PLANE('',#2424);
#96=PLANE('',#2427);
#97=PLANE('',#2430);
#98=PLANE('',#2433);
#99=PLANE('',#2434);
#100=PLANE('',#2437);
#101=PLANE('',#2438);
#102=FACE_OUTER_BOUND('',#224,.T.);
#103=FACE_OUTER_BOUND('',#225,.T.);
#104=FACE_OUTER_BOUND('',#226,.T.);
#105=FACE_OUTER_BOUND('',#227,.T.);
#106=FACE_OUTER_BOUND('',#228,.T.);
#107=FACE_OUTER_BOUND('',#229,.T.);
#108=FACE_OUTER_BOUND('',#230,.T.);
#109=FACE_OUTER_BOUND('',#231,.T.);
#110=FACE_OUTER_BOUND('',#232,.T.);
#111=FACE_OUTER_BOUND('',#233,.T.);
#112=FACE_OUTER_BOUND('',#234,.T.);
#113=FACE_OUTER_BOUND('',#235,.T.);
#114=FACE_OUTER_BOUND('',#236,.T.);
#115=FACE_OUTER_BOUND('',#237,.T.);
#116=FACE_OUTER_BOUND('',#238,.T.);
#117=FACE_OUTER_BOUND('',#239,.T.);
#118=FACE_OUTER_BOUND('',#240,.T.);
#119=FACE_OUTER_BOUND('',#241,.T.);
#120=FACE_OUTER_BOUND('',#242,.T.);
#121=FACE_OUTER_BOUND('',#243,.T.);
#122=FACE_OUTER_BOUND('',#244,.T.);
#123=FACE_OUTER_BOUND('',#245,.T.);
#124=FACE_OUTER_BOUND('',#246,.T.);
#125=FACE_OUTER_BOUND('',#247,.T.);
#126=FACE_OUTER_BOUND('',#248,.T.);
#127=FACE_OUTER_BOUND('',#249,.T.);
#128=FACE_OUTER_BOUND('',#250,.T.);
#129=FACE_OUTER_BOUND('',#251,.T.);
#130=FACE_OUTER_BOUND('',#252,.T.);
#131=FACE_OUTER_BOUND('',#253,.T.);
#132=FACE_OUTER_BOUND('',#254,.T.);
#133=FACE_OUTER_BOUND('',#255,.T.);
#134=FACE_OUTER_BOUND('',#256,.T.);
#135=FACE_OUTER_BOUND('',#257,.T.);
#136=FACE_OUTER_BOUND('',#258,.T.);
#137=FACE_OUTER_BOUND('',#259,.T.);
#138=FACE_OUTER_BOUND('',#260,.T.);
#139=FACE_OUTER_BOUND('',#261,.T.);
#140=FACE_OUTER_BOUND('',#262,.T.);
#141=FACE_OUTER_BOUND('',#263,.T.);
#142=FACE_OUTER_BOUND('',#264,.T.);
#143=FACE_OUTER_BOUND('',#265,.T.);
#144=FACE_OUTER_BOUND('',#266,.T.);
#145=FACE_OUTER_BOUND('',#267,.T.);
#146=FACE_OUTER_BOUND('',#268,.T.);
#147=FACE_OUTER_BOUND('',#269,.T.);
#148=FACE_OUTER_BOUND('',#270,.T.);
#149=FACE_OUTER_BOUND('',#271,.T.);
#150=FACE_OUTER_BOUND('',#272,.T.);
#151=FACE_OUTER_BOUND('',#273,.T.);
#152=FACE_OUTER_BOUND('',#274,.T.);
#153=FACE_OUTER_BOUND('',#275,.T.);
#154=FACE_OUTER_BOUND('',#276,.T.);
#155=FACE_OUTER_BOUND('',#278,.T.);
#156=FACE_OUTER_BOUND('',#286,.T.);
#157=FACE_OUTER_BOUND('',#287,.T.);
#158=FACE_OUTER_BOUND('',#288,.T.);
#159=FACE_OUTER_BOUND('',#289,.T.);
#160=FACE_OUTER_BOUND('',#290,.T.);
#161=FACE_OUTER_BOUND('',#291,.T.);
#162=FACE_OUTER_BOUND('',#292,.T.);
#163=FACE_OUTER_BOUND('',#293,.T.);
#164=FACE_OUTER_BOUND('',#295,.T.);
#165=FACE_OUTER_BOUND('',#296,.T.);
#166=FACE_OUTER_BOUND('',#298,.T.);
#167=FACE_OUTER_BOUND('',#299,.T.);
#168=FACE_OUTER_BOUND('',#301,.T.);
#169=FACE_OUTER_BOUND('',#302,.T.);
#170=FACE_OUTER_BOUND('',#304,.T.);
#171=FACE_OUTER_BOUND('',#306,.T.);
#172=FACE_OUTER_BOUND('',#308,.T.);
#173=FACE_OUTER_BOUND('',#310,.T.);
#174=FACE_OUTER_BOUND('',#312,.T.);
#175=FACE_OUTER_BOUND('',#313,.T.);
#176=FACE_OUTER_BOUND('',#314,.T.);
#177=FACE_OUTER_BOUND('',#315,.T.);
#178=FACE_OUTER_BOUND('',#316,.T.);
#179=FACE_OUTER_BOUND('',#317,.T.);
#180=FACE_OUTER_BOUND('',#318,.T.);
#181=FACE_OUTER_BOUND('',#319,.T.);
#182=FACE_OUTER_BOUND('',#320,.T.);
#183=FACE_OUTER_BOUND('',#321,.T.);
#184=FACE_OUTER_BOUND('',#322,.T.);
#185=FACE_OUTER_BOUND('',#323,.T.);
#186=FACE_OUTER_BOUND('',#324,.T.);
#187=FACE_OUTER_BOUND('',#325,.T.);
#188=FACE_OUTER_BOUND('',#326,.T.);
#189=FACE_OUTER_BOUND('',#327,.T.);
#190=FACE_OUTER_BOUND('',#328,.T.);
#191=FACE_OUTER_BOUND('',#329,.T.);
#192=FACE_OUTER_BOUND('',#330,.T.);
#193=FACE_OUTER_BOUND('',#331,.T.);
#194=FACE_OUTER_BOUND('',#332,.T.);
#195=FACE_OUTER_BOUND('',#333,.T.);
#196=FACE_OUTER_BOUND('',#334,.T.);
#197=FACE_OUTER_BOUND('',#335,.T.);
#198=FACE_OUTER_BOUND('',#336,.T.);
#199=FACE_OUTER_BOUND('',#337,.T.);
#200=FACE_OUTER_BOUND('',#338,.T.);
#201=FACE_OUTER_BOUND('',#339,.T.);
#202=FACE_OUTER_BOUND('',#340,.T.);
#203=FACE_OUTER_BOUND('',#341,.T.);
#204=FACE_OUTER_BOUND('',#342,.T.);
#205=FACE_OUTER_BOUND('',#343,.T.);
#206=FACE_OUTER_BOUND('',#344,.T.);
#207=FACE_OUTER_BOUND('',#345,.T.);
#208=FACE_OUTER_BOUND('',#346,.T.);
#209=FACE_OUTER_BOUND('',#347,.T.);
#210=FACE_OUTER_BOUND('',#348,.T.);
#211=FACE_OUTER_BOUND('',#349,.T.);
#212=FACE_OUTER_BOUND('',#350,.T.);
#213=FACE_OUTER_BOUND('',#351,.T.);
#214=FACE_OUTER_BOUND('',#352,.T.);
#215=FACE_OUTER_BOUND('',#353,.T.);
#216=FACE_OUTER_BOUND('',#354,.T.);
#217=FACE_OUTER_BOUND('',#355,.T.);
#218=FACE_OUTER_BOUND('',#356,.T.);
#219=FACE_OUTER_BOUND('',#357,.T.);
#220=FACE_OUTER_BOUND('',#358,.T.);
#221=FACE_OUTER_BOUND('',#359,.T.);
#222=FACE_OUTER_BOUND('',#360,.T.);
#223=FACE_OUTER_BOUND('',#361,.T.);
#224=EDGE_LOOP('',(#1404,#1405,#1406,#1407));
#225=EDGE_LOOP('',(#1408,#1409,#1410,#1411));
#226=EDGE_LOOP('',(#1412,#1413,#1414,#1415));
#227=EDGE_LOOP('',(#1416,#1417,#1418,#1419));
#228=EDGE_LOOP('',(#1420,#1421,#1422,#1423));
#229=EDGE_LOOP('',(#1424,#1425,#1426,#1427));
#230=EDGE_LOOP('',(#1428,#1429,#1430,#1431));
#231=EDGE_LOOP('',(#1432,#1433,#1434,#1435));
#232=EDGE_LOOP('',(#1436,#1437,#1438,#1439));
#233=EDGE_LOOP('',(#1440,#1441,#1442,#1443));
#234=EDGE_LOOP('',(#1444,#1445,#1446,#1447));
#235=EDGE_LOOP('',(#1448,#1449,#1450,#1451));
#236=EDGE_LOOP('',(#1452,#1453,#1454,#1455));
#237=EDGE_LOOP('',(#1456,#1457,#1458,#1459));
#238=EDGE_LOOP('',(#1460,#1461,#1462,#1463));
#239=EDGE_LOOP('',(#1464,#1465,#1466,#1467));
#240=EDGE_LOOP('',(#1468,#1469,#1470,#1471));
#241=EDGE_LOOP('',(#1472,#1473,#1474,#1475));
#242=EDGE_LOOP('',(#1476,#1477,#1478,#1479));
#243=EDGE_LOOP('',(#1480,#1481,#1482,#1483));
#244=EDGE_LOOP('',(#1484,#1485,#1486,#1487));
#245=EDGE_LOOP('',(#1488,#1489,#1490,#1491));
#246=EDGE_LOOP('',(#1492,#1493,#1494,#1495));
#247=EDGE_LOOP('',(#1496,#1497,#1498,#1499));
#248=EDGE_LOOP('',(#1500,#1501,#1502,#1503));
#249=EDGE_LOOP('',(#1504,#1505,#1506,#1507));
#250=EDGE_LOOP('',(#1508,#1509,#1510,#1511));
#251=EDGE_LOOP('',(#1512,#1513,#1514,#1515));
#252=EDGE_LOOP('',(#1516,#1517,#1518,#1519));
#253=EDGE_LOOP('',(#1520,#1521,#1522,#1523));
#254=EDGE_LOOP('',(#1524,#1525,#1526,#1527));
#255=EDGE_LOOP('',(#1528,#1529,#1530,#1531));
#256=EDGE_LOOP('',(#1532,#1533,#1534,#1535));
#257=EDGE_LOOP('',(#1536,#1537,#1538,#1539));
#258=EDGE_LOOP('',(#1540,#1541,#1542,#1543));
#259=EDGE_LOOP('',(#1544,#1545,#1546,#1547));
#260=EDGE_LOOP('',(#1548,#1549,#1550,#1551));
#261=EDGE_LOOP('',(#1552,#1553,#1554,#1555));
#262=EDGE_LOOP('',(#1556,#1557,#1558,#1559));
#263=EDGE_LOOP('',(#1560,#1561,#1562,#1563));
#264=EDGE_LOOP('',(#1564,#1565,#1566,#1567));
#265=EDGE_LOOP('',(#1568,#1569,#1570,#1571));
#266=EDGE_LOOP('',(#1572,#1573,#1574,#1575));
#267=EDGE_LOOP('',(#1576,#1577,#1578,#1579));
#268=EDGE_LOOP('',(#1580,#1581,#1582,#1583));
#269=EDGE_LOOP('',(#1584,#1585,#1586,#1587));
#270=EDGE_LOOP('',(#1588,#1589,#1590,#1591));
#271=EDGE_LOOP('',(#1592,#1593,#1594,#1595));
#272=EDGE_LOOP('',(#1596,#1597,#1598,#1599));
#273=EDGE_LOOP('',(#1600,#1601,#1602,#1603));
#274=EDGE_LOOP('',(#1604,#1605,#1606,#1607));
#275=EDGE_LOOP('',(#1608,#1609,#1610,#1611));
#276=EDGE_LOOP('',(#1612,#1613,#1614,#1615,#1616,#1617,#1618,#1619,#1620,
#1621,#1622,#1623,#1624,#1625,#1626,#1627,#1628,#1629,#1630,#1631,#1632,
#1633,#1634,#1635,#1636,#1637,#1638,#1639,#1640,#1641,#1642,#1643,#1644,
#1645,#1646,#1647,#1648));
#277=EDGE_LOOP('',(#1649,#1650,#1651,#1652,#1653,#1654,#1655,#1656,#1657,
#1658,#1659,#1660,#1661,#1662,#1663,#1664,#1665,#1666,#1667,#1668,#1669,
#1670,#1671,#1672,#1673,#1674,#1675,#1676,#1677,#1678,#1679,#1680,#1681,
#1682,#1683,#1684,#1685,#1686,#1687,#1688,#1689,#1690,#1691,#1692,#1693,
#1694,#1695,#1696,#1697,#1698,#1699,#1700));
#278=EDGE_LOOP('',(#1701,#1702,#1703,#1704,#1705,#1706,#1707,#1708,#1709,
#1710,#1711,#1712,#1713,#1714,#1715,#1716,#1717,#1718,#1719,#1720,#1721,
#1722,#1723,#1724,#1725,#1726,#1727,#1728,#1729,#1730,#1731,#1732,#1733,
#1734,#1735,#1736,#1737,#1738,#1739,#1740,#1741,#1742,#1743,#1744,#1745,
#1746,#1747,#1748,#1749,#1750,#1751,#1752));
#279=EDGE_LOOP('',(#1753));
#280=EDGE_LOOP('',(#1754));
#281=EDGE_LOOP('',(#1755));
#282=EDGE_LOOP('',(#1756));
#283=EDGE_LOOP('',(#1757));
#284=EDGE_LOOP('',(#1758));
#285=EDGE_LOOP('',(#1759));
#286=EDGE_LOOP('',(#1760,#1761,#1762,#1763));
#287=EDGE_LOOP('',(#1764));
#288=EDGE_LOOP('',(#1765,#1766,#1767,#1768));
#289=EDGE_LOOP('',(#1769));
#290=EDGE_LOOP('',(#1770,#1771,#1772,#1773));
#291=EDGE_LOOP('',(#1774));
#292=EDGE_LOOP('',(#1775,#1776,#1777,#1778));
#293=EDGE_LOOP('',(#1779));
#294=EDGE_LOOP('',(#1780));
#295=EDGE_LOOP('',(#1781,#1782,#1783,#1784));
#296=EDGE_LOOP('',(#1785));
#297=EDGE_LOOP('',(#1786));
#298=EDGE_LOOP('',(#1787,#1788,#1789,#1790));
#299=EDGE_LOOP('',(#1791));
#300=EDGE_LOOP('',(#1792));
#301=EDGE_LOOP('',(#1793,#1794,#1795,#1796));
#302=EDGE_LOOP('',(#1797));
#303=EDGE_LOOP('',(#1798));
#304=EDGE_LOOP('',(#1799));
#305=EDGE_LOOP('',(#1800));
#306=EDGE_LOOP('',(#1801));
#307=EDGE_LOOP('',(#1802));
#308=EDGE_LOOP('',(#1803));
#309=EDGE_LOOP('',(#1804));
#310=EDGE_LOOP('',(#1805));
#311=EDGE_LOOP('',(#1806));
#312=EDGE_LOOP('',(#1807,#1808,#1809,#1810));
#313=EDGE_LOOP('',(#1811,#1812,#1813,#1814));
#314=EDGE_LOOP('',(#1815,#1816,#1817,#1818));
#315=EDGE_LOOP('',(#1819,#1820,#1821,#1822));
#316=EDGE_LOOP('',(#1823));
#317=EDGE_LOOP('',(#1824,#1825,#1826,#1827));
#318=EDGE_LOOP('',(#1828,#1829,#1830,#1831));
#319=EDGE_LOOP('',(#1832));
#320=EDGE_LOOP('',(#1833,#1834,#1835,#1836));
#321=EDGE_LOOP('',(#1837,#1838,#1839,#1840));
#322=EDGE_LOOP('',(#1841));
#323=EDGE_LOOP('',(#1842,#1843,#1844,#1845));
#324=EDGE_LOOP('',(#1846,#1847,#1848,#1849));
#325=EDGE_LOOP('',(#1850,#1851,#1852,#1853));
#326=EDGE_LOOP('',(#1854,#1855,#1856,#1857));
#327=EDGE_LOOP('',(#1858,#1859,#1860,#1861));
#328=EDGE_LOOP('',(#1862,#1863,#1864,#1865));
#329=EDGE_LOOP('',(#1866,#1867,#1868,#1869));
#330=EDGE_LOOP('',(#1870,#1871,#1872,#1873));
#331=EDGE_LOOP('',(#1874,#1875,#1876,#1877));
#332=EDGE_LOOP('',(#1878,#1879,#1880,#1881));
#333=EDGE_LOOP('',(#1882,#1883,#1884,#1885));
#334=EDGE_LOOP('',(#1886,#1887,#1888,#1889));
#335=EDGE_LOOP('',(#1890,#1891,#1892,#1893));
#336=EDGE_LOOP('',(#1894,#1895,#1896,#1897));
#337=EDGE_LOOP('',(#1898,#1899,#1900,#1901));
#338=EDGE_LOOP('',(#1902,#1903,#1904,#1905));
#339=EDGE_LOOP('',(#1906,#1907,#1908,#1909));
#340=EDGE_LOOP('',(#1910,#1911,#1912,#1913));
#341=EDGE_LOOP('',(#1914,#1915,#1916,#1917));
#342=EDGE_LOOP('',(#1918,#1919,#1920,#1921));
#343=EDGE_LOOP('',(#1922,#1923,#1924,#1925));
#344=EDGE_LOOP('',(#1926,#1927,#1928,#1929));
#345=EDGE_LOOP('',(#1930,#1931,#1932,#1933));
#346=EDGE_LOOP('',(#1934,#1935,#1936,#1937));
#347=EDGE_LOOP('',(#1938,#1939,#1940,#1941));
#348=EDGE_LOOP('',(#1942,#1943,#1944,#1945));
#349=EDGE_LOOP('',(#1946,#1947,#1948,#1949));
#350=EDGE_LOOP('',(#1950,#1951,#1952,#1953));
#351=EDGE_LOOP('',(#1954,#1955,#1956,#1957));
#352=EDGE_LOOP('',(#1958,#1959,#1960,#1961));
#353=EDGE_LOOP('',(#1962,#1963,#1964,#1965));
#354=EDGE_LOOP('',(#1966,#1967,#1968,#1969));
#355=EDGE_LOOP('',(#1970,#1971,#1972,#1973));
#356=EDGE_LOOP('',(#1974,#1975,#1976,#1977));
#357=EDGE_LOOP('',(#1978,#1979,#1980,#1981));
#358=EDGE_LOOP('',(#1982,#1983,#1984,#1985));
#359=EDGE_LOOP('',(#1986,#1987,#1988,#1989));
#360=EDGE_LOOP('',(#1990));
#361=EDGE_LOOP('',(#1991,#1992,#1993,#1994,#1995,#1996,#1997,#1998,#1999,
#2000,#2001,#2002,#2003,#2004,#2005,#2006,#2007,#2008,#2009,#2010,#2011,
#2012,#2013,#2014,#2015,#2016,#2017,#2018,#2019,#2020,#2021,#2022,#2023,
#2024,#2025,#2026,#2027));
#362=LINE('',#3105,#572);
#363=LINE('',#3108,#573);
#364=LINE('',#3111,#574);
#365=LINE('',#3113,#575);
#366=LINE('',#3114,#576);
#367=LINE('',#3120,#577);
#368=LINE('',#3123,#578);
#369=LINE('',#3125,#579);
#370=LINE('',#3126,#580);
#371=LINE('',#3132,#581);
#372=LINE('',#3135,#582);
#373=LINE('',#3137,#583);
#374=LINE('',#3138,#584);
#375=LINE('',#3144,#585);
#376=LINE('',#3147,#586);
#377=LINE('',#3149,#587);
#378=LINE('',#3150,#588);
#379=LINE('',#3156,#589);
#380=LINE('',#3159,#590);
#381=LINE('',#3161,#591);
#382=LINE('',#3162,#592);
#383=LINE('',#3165,#593);
#384=LINE('',#3167,#594);
#385=LINE('',#3168,#595);
#386=LINE('',#3174,#596);
#387=LINE('',#3177,#597);
#388=LINE('',#3179,#598);
#389=LINE('',#3180,#599);
#390=LINE('',#3186,#600);
#391=LINE('',#3189,#601);
#392=LINE('',#3191,#602);
#393=LINE('',#3192,#603);
#394=LINE('',#3198,#604);
#395=LINE('',#3201,#605);
#396=LINE('',#3203,#606);
#397=LINE('',#3204,#607);
#398=LINE('',#3210,#608);
#399=LINE('',#3213,#609);
#400=LINE('',#3215,#610);
#401=LINE('',#3216,#611);
#402=LINE('',#3222,#612);
#403=LINE('',#3225,#613);
#404=LINE('',#3227,#614);
#405=LINE('',#3228,#615);
#406=LINE('',#3234,#616);
#407=LINE('',#3237,#617);
#408=LINE('',#3239,#618);
#409=LINE('',#3240,#619);
#410=LINE('',#3243,#620);
#411=LINE('',#3245,#621);
#412=LINE('',#3246,#622);
#413=LINE('',#3249,#623);
#414=LINE('',#3251,#624);
#415=LINE('',#3252,#625);
#416=LINE('',#3255,#626);
#417=LINE('',#3257,#627);
#418=LINE('',#3258,#628);
#419=LINE('',#3261,#629);
#420=LINE('',#3263,#630);
#421=LINE('',#3264,#631);
#422=LINE('',#3267,#632);
#423=LINE('',#3269,#633);
#424=LINE('',#3270,#634);
#425=LINE('',#3276,#635);
#426=LINE('',#3279,#636);
#427=LINE('',#3281,#637);
#428=LINE('',#3282,#638);
#429=LINE('',#3288,#639);
#430=LINE('',#3291,#640);
#431=LINE('',#3293,#641);
#432=LINE('',#3294,#642);
#433=LINE('',#3300,#643);
#434=LINE('',#3303,#644);
#435=LINE('',#3305,#645);
#436=LINE('',#3306,#646);
#437=LINE('',#3312,#647);
#438=LINE('',#3315,#648);
#439=LINE('',#3317,#649);
#440=LINE('',#3318,#650);
#441=LINE('',#3324,#651);
#442=LINE('',#3327,#652);
#443=LINE('',#3329,#653);
#444=LINE('',#3330,#654);
#445=LINE('',#3336,#655);
#446=LINE('',#3339,#656);
#447=LINE('',#3341,#657);
#448=LINE('',#3342,#658);
#449=LINE('',#3348,#659);
#450=LINE('',#3351,#660);
#451=LINE('',#3353,#661);
#452=LINE('',#3354,#662);
#453=LINE('',#3360,#663);
#454=LINE('',#3363,#664);
#455=LINE('',#3365,#665);
#456=LINE('',#3366,#666);
#457=LINE('',#3372,#667);
#458=LINE('',#3375,#668);
#459=LINE('',#3377,#669);
#460=LINE('',#3378,#670);
#461=LINE('',#3384,#671);
#462=LINE('',#3387,#672);
#463=LINE('',#3389,#673);
#464=LINE('',#3390,#674);
#465=LINE('',#3396,#675);
#466=LINE('',#3399,#676);
#467=LINE('',#3401,#677);
#468=LINE('',#3402,#678);
#469=LINE('',#3408,#679);
#470=LINE('',#3410,#680);
#471=LINE('',#3411,#681);
#472=LINE('',#3417,#682);
#473=LINE('',#3419,#683);
#474=LINE('',#3423,#684);
#475=LINE('',#3425,#685);
#476=LINE('',#3427,#686);
#477=LINE('',#3429,#687);
#478=LINE('',#3433,#688);
#479=LINE('',#3437,#689);
#480=LINE('',#3439,#690);
#481=LINE('',#3441,#691);
#482=LINE('',#3443,#692);
#483=LINE('',#3445,#693);
#484=LINE('',#3447,#694);
#485=LINE('',#3451,#695);
#486=LINE('',#3453,#696);
#487=LINE('',#3457,#697);
#488=LINE('',#3461,#698);
#489=LINE('',#3465,#699);
#490=LINE('',#3469,#700);
#491=LINE('',#3473,#701);
#492=LINE('',#3477,#702);
#493=LINE('',#3481,#703);
#494=LINE('',#3485,#704);
#495=LINE('',#3486,#705);
#496=LINE('',#3505,#706);
#497=LINE('',#3510,#707);
#498=LINE('',#3515,#708);
#499=LINE('',#3521,#709);
#500=LINE('',#3530,#710);
#501=LINE('',#3539,#711);
#502=LINE('',#3548,#712);
#503=LINE('',#3574,#713);
#504=LINE('',#3576,#714);
#505=LINE('',#3578,#715);
#506=LINE('',#3580,#716);
#507=LINE('',#3583,#717);
#508=LINE('',#3585,#718);
#509=LINE('',#3588,#719);
#510=LINE('',#3590,#720);
#511=LINE('',#3594,#721);
#512=LINE('',#3596,#722);
#513=LINE('',#3597,#723);
#514=LINE('',#3600,#724);
#515=LINE('',#3601,#725);
#516=LINE('',#3605,#726);
#517=LINE('',#3608,#727);
#518=LINE('',#3609,#728);
#519=LINE('',#3612,#729);
#520=LINE('',#3613,#730);
#521=LINE('',#3616,#731);
#522=LINE('',#3617,#732);
#523=LINE('',#3620,#733);
#524=LINE('',#3621,#734);
#525=LINE('',#3625,#735);
#526=LINE('',#3628,#736);
#527=LINE('',#3629,#737);
#528=LINE('',#3633,#738);
#529=LINE('',#3636,#739);
#530=LINE('',#3637,#740);
#531=LINE('',#3640,#741);
#532=LINE('',#3641,#742);
#533=LINE('',#3644,#743);
#534=LINE('',#3645,#744);
#535=LINE('',#3648,#745);
#536=LINE('',#3649,#746);
#537=LINE('',#3652,#747);
#538=LINE('',#3653,#748);
#539=LINE('',#3656,#749);
#540=LINE('',#3657,#750);
#541=LINE('',#3661,#751);
#542=LINE('',#3664,#752);
#543=LINE('',#3665,#753);
#544=LINE('',#3668,#754);
#545=LINE('',#3669,#755);
#546=LINE('',#3673,#756);
#547=LINE('',#3676,#757);
#548=LINE('',#3677,#758);
#549=LINE('',#3681,#759);
#550=LINE('',#3684,#760);
#551=LINE('',#3685,#761);
#552=LINE('',#3689,#762);
#553=LINE('',#3692,#763);
#554=LINE('',#3693,#764);
#555=LINE('',#3697,#765);
#556=LINE('',#3700,#766);
#557=LINE('',#3701,#767);
#558=LINE('',#3705,#768);
#559=LINE('',#3708,#769);
#560=LINE('',#3709,#770);
#561=LINE('',#3713,#771);
#562=LINE('',#3716,#772);
#563=LINE('',#3717,#773);
#564=LINE('',#3721,#774);
#565=LINE('',#3724,#775);
#566=LINE('',#3725,#776);
#567=LINE('',#3729,#777);
#568=LINE('',#3732,#778);
#569=LINE('',#3733,#779);
#570=LINE('',#3736,#780);
#571=LINE('',#3737,#781);
#572=VECTOR('',#2445,10.);
#573=VECTOR('',#2448,10.);
#574=VECTOR('',#2451,10.);
#575=VECTOR('',#2452,10.);
#576=VECTOR('',#2453,10.);
#577=VECTOR('',#2460,10.);
#578=VECTOR('',#2463,10.);
#579=VECTOR('',#2464,10.);
#580=VECTOR('',#2465,10.);
#581=VECTOR('',#2472,10.);
#582=VECTOR('',#2475,10.);
#583=VECTOR('',#2476,10.);
#584=VECTOR('',#2477,10.);
#585=VECTOR('',#2484,10.);
#586=VECTOR('',#2487,10.);
#587=VECTOR('',#2488,10.);
#588=VECTOR('',#2489,10.);
#589=VECTOR('',#2496,10.);
#590=VECTOR('',#2499,10.);
#591=VECTOR('',#2500,10.);
#592=VECTOR('',#2501,10.);
#593=VECTOR('',#2504,10.);
#594=VECTOR('',#2505,10.);
#595=VECTOR('',#2506,10.);
#596=VECTOR('',#2513,10.);
#597=VECTOR('',#2516,10.);
#598=VECTOR('',#2517,10.);
#599=VECTOR('',#2518,10.);
#600=VECTOR('',#2525,10.);
#601=VECTOR('',#2528,10.);
#602=VECTOR('',#2529,10.);
#603=VECTOR('',#2530,10.);
#604=VECTOR('',#2537,10.);
#605=VECTOR('',#2540,10.);
#606=VECTOR('',#2541,10.);
#607=VECTOR('',#2542,10.);
#608=VECTOR('',#2549,10.);
#609=VECTOR('',#2552,10.);
#610=VECTOR('',#2553,10.);
#611=VECTOR('',#2554,10.);
#612=VECTOR('',#2561,10.);
#613=VECTOR('',#2564,10.);
#614=VECTOR('',#2565,10.);
#615=VECTOR('',#2566,10.);
#616=VECTOR('',#2573,10.);
#617=VECTOR('',#2576,10.);
#618=VECTOR('',#2577,10.);
#619=VECTOR('',#2578,10.);
#620=VECTOR('',#2581,10.);
#621=VECTOR('',#2582,10.);
#622=VECTOR('',#2583,10.);
#623=VECTOR('',#2586,10.);
#624=VECTOR('',#2587,10.);
#625=VECTOR('',#2588,10.);
#626=VECTOR('',#2591,10.);
#627=VECTOR('',#2592,10.);
#628=VECTOR('',#2593,10.);
#629=VECTOR('',#2596,10.);
#630=VECTOR('',#2597,10.);
#631=VECTOR('',#2598,10.);
#632=VECTOR('',#2601,10.);
#633=VECTOR('',#2602,10.);
#634=VECTOR('',#2603,10.);
#635=VECTOR('',#2610,10.);
#636=VECTOR('',#2613,10.);
#637=VECTOR('',#2614,10.);
#638=VECTOR('',#2615,10.);
#639=VECTOR('',#2622,10.);
#640=VECTOR('',#2625,10.);
#641=VECTOR('',#2626,10.);
#642=VECTOR('',#2627,10.);
#643=VECTOR('',#2634,10.);
#644=VECTOR('',#2637,10.);
#645=VECTOR('',#2638,10.);
#646=VECTOR('',#2639,10.);
#647=VECTOR('',#2646,10.);
#648=VECTOR('',#2649,10.);
#649=VECTOR('',#2650,10.);
#650=VECTOR('',#2651,10.);
#651=VECTOR('',#2658,10.);
#652=VECTOR('',#2661,10.);
#653=VECTOR('',#2662,10.);
#654=VECTOR('',#2663,10.);
#655=VECTOR('',#2670,10.);
#656=VECTOR('',#2673,10.);
#657=VECTOR('',#2674,10.);
#658=VECTOR('',#2675,10.);
#659=VECTOR('',#2682,10.);
#660=VECTOR('',#2685,10.);
#661=VECTOR('',#2686,10.);
#662=VECTOR('',#2687,10.);
#663=VECTOR('',#2694,10.);
#664=VECTOR('',#2697,10.);
#665=VECTOR('',#2698,10.);
#666=VECTOR('',#2699,10.);
#667=VECTOR('',#2706,10.);
#668=VECTOR('',#2709,10.);
#669=VECTOR('',#2710,10.);
#670=VECTOR('',#2711,10.);
#671=VECTOR('',#2718,10.);
#672=VECTOR('',#2721,10.);
#673=VECTOR('',#2722,10.);
#674=VECTOR('',#2723,10.);
#675=VECTOR('',#2730,10.);
#676=VECTOR('',#2733,10.);
#677=VECTOR('',#2734,10.);
#678=VECTOR('',#2735,10.);
#679=VECTOR('',#2742,10.);
#680=VECTOR('',#2745,10.);
#681=VECTOR('',#2746,10.);
#682=VECTOR('',#2751,10.);
#683=VECTOR('',#2752,10.);
#684=VECTOR('',#2755,10.);
#685=VECTOR('',#2756,10.);
#686=VECTOR('',#2757,10.);
#687=VECTOR('',#2758,10.);
#688=VECTOR('',#2761,10.);
#689=VECTOR('',#2764,10.);
#690=VECTOR('',#2765,10.);
#691=VECTOR('',#2766,10.);
#692=VECTOR('',#2767,10.);
#693=VECTOR('',#2768,10.);
#694=VECTOR('',#2769,10.);
#695=VECTOR('',#2772,10.);
#696=VECTOR('',#2773,10.);
#697=VECTOR('',#2776,10.);
#698=VECTOR('',#2779,10.);
#699=VECTOR('',#2782,10.);
#700=VECTOR('',#2785,10.);
#701=VECTOR('',#2788,10.);
#702=VECTOR('',#2791,10.);
#703=VECTOR('',#2794,10.);
#704=VECTOR('',#2797,10.);
#705=VECTOR('',#2798,10.);
#706=VECTOR('',#2819,2.5);
#707=VECTOR('',#2826,2.5);
#708=VECTOR('',#2833,2.5);
#709=VECTOR('',#2840,1.04999999999999);
#710=VECTOR('',#2851,1.05);
#711=VECTOR('',#2862,1.05);
#712=VECTOR('',#2873,1.05);
#713=VECTOR('',#2906,1.45);
#714=VECTOR('',#2909,2.25);
#715=VECTOR('',#2912,1.45);
#716=VECTOR('',#2915,2.25);
#717=VECTOR('',#2920,1.45);
#718=VECTOR('',#2923,2.25);
#719=VECTOR('',#2928,1.45);
#720=VECTOR('',#2931,2.25);
#721=VECTOR('',#2936,10.);
#722=VECTOR('',#2937,10.);
#723=VECTOR('',#2938,10.);
#724=VECTOR('',#2941,10.);
#725=VECTOR('',#2942,10.);
#726=VECTOR('',#2947,10.);
#727=VECTOR('',#2950,10.);
#728=VECTOR('',#2951,10.);
#729=VECTOR('',#2954,10.);
#730=VECTOR('',#2955,10.);
#731=VECTOR('',#2958,10.);
#732=VECTOR('',#2959,10.);
#733=VECTOR('',#2962,10.);
#734=VECTOR('',#2963,10.);
#735=VECTOR('',#2968,10.);
#736=VECTOR('',#2971,10.);
#737=VECTOR('',#2972,10.);
#738=VECTOR('',#2977,10.);
#739=VECTOR('',#2980,10.);
#740=VECTOR('',#2981,10.);
#741=VECTOR('',#2984,10.);
#742=VECTOR('',#2985,10.);
#743=VECTOR('',#2988,10.);
#744=VECTOR('',#2989,10.);
#745=VECTOR('',#2992,10.);
#746=VECTOR('',#2993,10.);
#747=VECTOR('',#2996,10.);
#748=VECTOR('',#2997,10.);
#749=VECTOR('',#3000,10.);
#750=VECTOR('',#3001,10.);
#751=VECTOR('',#3006,10.);
#752=VECTOR('',#3009,10.);
#753=VECTOR('',#3010,10.);
#754=VECTOR('',#3013,10.);
#755=VECTOR('',#3014,10.);
#756=VECTOR('',#3019,10.);
#757=VECTOR('',#3022,10.);
#758=VECTOR('',#3023,10.);
#759=VECTOR('',#3028,10.);
#760=VECTOR('',#3031,10.);
#761=VECTOR('',#3032,10.);
#762=VECTOR('',#3037,10.);
#763=VECTOR('',#3040,10.);
#764=VECTOR('',#3041,10.);
#765=VECTOR('',#3046,10.);
#766=VECTOR('',#3049,10.);
#767=VECTOR('',#3050,10.);
#768=VECTOR('',#3055,10.);
#769=VECTOR('',#3058,10.);
#770=VECTOR('',#3059,10.);
#771=VECTOR('',#3064,10.);
#772=VECTOR('',#3067,10.);
#773=VECTOR('',#3068,10.);
#774=VECTOR('',#3073,10.);
#775=VECTOR('',#3076,10.);
#776=VECTOR('',#3077,10.);
#777=VECTOR('',#3082,10.);
#778=VECTOR('',#3085,10.);
#779=VECTOR('',#3086,10.);
#780=VECTOR('',#3089,10.);
#781=VECTOR('',#3090,10.);
#782=CIRCLE('',#2216,1.3301399263385);
#783=CIRCLE('',#2217,1.3301399263385);
#784=CIRCLE('',#2220,0.464327966539049);
#785=CIRCLE('',#2221,0.464327966539049);
#786=CIRCLE('',#2224,1.50926859462648);
#787=CIRCLE('',#2225,1.50926859462648);
#788=CIRCLE('',#2228,1.30511685053192);
#789=CIRCLE('',#2229,1.30511685053192);
#790=CIRCLE('',#2232,1.10724592866417);
#791=CIRCLE('',#2233,1.10724592866417);
#792=CIRCLE('',#2237,2.84026290762986);
#793=CIRCLE('',#2238,2.84026290762986);
#794=CIRCLE('',#2241,0.344443103608393);
#795=CIRCLE('',#2242,0.344443103608393);
#796=CIRCLE('',#2245,1.04922802049825);
#797=CIRCLE('',#2246,1.04922802049825);
#798=CIRCLE('',#2249,1.63304698547584);
#799=CIRCLE('',#2250,1.63304698547584);
#800=CIRCLE('',#2253,2.55451836580006);
#801=CIRCLE('',#2254,2.55451836580006);
#802=CIRCLE('',#2257,2.14521137152131);
#803=CIRCLE('',#2258,2.14521137152131);
#804=CIRCLE('',#2266,2.00129963892006);
#805=CIRCLE('',#2267,2.00129963892006);
#806=CIRCLE('',#2270,0.901510879704616);
#807=CIRCLE('',#2271,0.901510879704616);
#808=CIRCLE('',#2274,1.50229726991125);
#809=CIRCLE('',#2275,1.50229726991125);
#810=CIRCLE('',#2278,2.02793954404134);
#811=CIRCLE('',#2279,2.02793954404134);
#812=CIRCLE('',#2282,3.51700038374514);
#813=CIRCLE('',#2283,3.51700038374514);
#814=CIRCLE('',#2286,2.54837474531317);
#815=CIRCLE('',#2287,2.54837474531317);
#816=CIRCLE('',#2290,0.496731246974955);
#817=CIRCLE('',#2291,0.496731246974955);
#818=CIRCLE('',#2294,2.28327057410343);
#819=CIRCLE('',#2295,2.28327057410343);
#820=CIRCLE('',#2298,0.72204487136806);
#821=CIRCLE('',#2299,0.72204487136806);
#822=CIRCLE('',#2302,2.99104988026327);
#823=CIRCLE('',#2303,2.99104988026327);
#824=CIRCLE('',#2306,2.88351954181349);
#825=CIRCLE('',#2307,2.88351954181349);
#826=CIRCLE('',#2310,1.52055717821672);
#827=CIRCLE('',#2311,1.52055717821672);
#828=CIRCLE('',#2314,5.10724592866417);
#829=CIRCLE('',#2315,6.84026290762986);
#830=CIRCLE('',#2316,6.55451836580005);
#831=CIRCLE('',#2317,6.14521137152132);
#832=CIRCLE('',#2318,6.00129963892006);
#833=CIRCLE('',#2319,6.02793954404134);
#834=CIRCLE('',#2320,7.51700038374516);
#835=CIRCLE('',#2321,6.54837474531317);
#836=CIRCLE('',#2322,6.28327057410341);
#837=CIRCLE('',#2323,6.99104988026327);
#838=CIRCLE('',#2324,6.8835195418135);
#839=CIRCLE('',#2325,5.33013992633851);
#840=CIRCLE('',#2326,5.50926859462647);
#841=CIRCLE('',#2328,2.25);
#842=CIRCLE('',#2329,2.25);
#843=CIRCLE('',#2330,2.25);
#844=CIRCLE('',#2331,2.25);
#845=CIRCLE('',#2332,2.5);
#846=CIRCLE('',#2333,2.5);
#847=CIRCLE('',#2334,2.5);
#848=CIRCLE('',#2336,2.5);
#849=CIRCLE('',#2339,2.5);
#850=CIRCLE('',#2342,2.5);
#851=CIRCLE('',#2345,1.04999999999999);
#852=CIRCLE('',#2346,1.04999999999999);
#853=CIRCLE('',#2348,1.45);
#854=CIRCLE('',#2350,1.05);
#855=CIRCLE('',#2351,1.05);
#856=CIRCLE('',#2353,1.45);
#857=CIRCLE('',#2355,1.05);
#858=CIRCLE('',#2356,1.05);
#859=CIRCLE('',#2358,1.45);
#860=CIRCLE('',#2360,1.05);
#861=CIRCLE('',#2361,1.05);
#862=CIRCLE('',#2363,1.45);
#863=CIRCLE('',#2365,2.25);
#864=CIRCLE('',#2366,1.45);
#865=CIRCLE('',#2368,2.25);
#866=CIRCLE('',#2369,1.45);
#867=CIRCLE('',#2371,2.25);
#868=CIRCLE('',#2372,1.45);
#869=CIRCLE('',#2374,2.25);
#870=CIRCLE('',#2375,1.45);
#871=CIRCLE('',#2390,6.84026290762986);
#872=CIRCLE('',#2396,6.55451836580005);
#873=CIRCLE('',#2399,6.14521137152132);
#874=CIRCLE('',#2407,6.00129963892006);
#875=CIRCLE('',#2411,6.02793954404134);
#876=CIRCLE('',#2414,7.51700038374516);
#877=CIRCLE('',#2417,6.54837474531317);
#878=CIRCLE('',#2420,6.28327057410341);
#879=CIRCLE('',#2423,6.99104988026327);
#880=CIRCLE('',#2426,6.8835195418135);
#881=CIRCLE('',#2429,5.33013992633851);
#882=CIRCLE('',#2432,5.50926859462647);
#883=CIRCLE('',#2436,5.10724592866417);
#884=VERTEX_POINT('',#3101);
#885=VERTEX_POINT('',#3102);
#886=VERTEX_POINT('',#3104);
#887=VERTEX_POINT('',#3106);
#888=VERTEX_POINT('',#3110);
#889=VERTEX_POINT('',#3112);
#890=VERTEX_POINT('',#3116);
#891=VERTEX_POINT('',#3118);
#892=VERTEX_POINT('',#3122);
#893=VERTEX_POINT('',#3124);
#894=VERTEX_POINT('',#3128);
#895=VERTEX_POINT('',#3130);
#896=VERTEX_POINT('',#3134);
#897=VERTEX_POINT('',#3136);
#898=VERTEX_POINT('',#3140);
#899=VERTEX_POINT('',#3142);
#900=VERTEX_POINT('',#3146);
#901=VERTEX_POINT('',#3148);
#902=VERTEX_POINT('',#3152);
#903=VERTEX_POINT('',#3154);
#904=VERTEX_POINT('',#3158);
#905=VERTEX_POINT('',#3160);
#906=VERTEX_POINT('',#3164);
#907=VERTEX_POINT('',#3166);
#908=VERTEX_POINT('',#3170);
#909=VERTEX_POINT('',#3172);
#910=VERTEX_POINT('',#3176);
#911=VERTEX_POINT('',#3178);
#912=VERTEX_POINT('',#3182);
#913=VERTEX_POINT('',#3184);
#914=VERTEX_POINT('',#3188);
#915=VERTEX_POINT('',#3190);
#916=VERTEX_POINT('',#3194);
#917=VERTEX_POINT('',#3196);
#918=VERTEX_POINT('',#3200);
#919=VERTEX_POINT('',#3202);
#920=VERTEX_POINT('',#3206);
#921=VERTEX_POINT('',#3208);
#922=VERTEX_POINT('',#3212);
#923=VERTEX_POINT('',#3214);
#924=VERTEX_POINT('',#3218);
#925=VERTEX_POINT('',#3220);
#926=VERTEX_POINT('',#3224);
#927=VERTEX_POINT('',#3226);
#928=VERTEX_POINT('',#3230);
#929=VERTEX_POINT('',#3232);
#930=VERTEX_POINT('',#3236);
#931=VERTEX_POINT('',#3238);
#932=VERTEX_POINT('',#3242);
#933=VERTEX_POINT('',#3244);
#934=VERTEX_POINT('',#3248);
#935=VERTEX_POINT('',#3250);
#936=VERTEX_POINT('',#3254);
#937=VERTEX_POINT('',#3256);
#938=VERTEX_POINT('',#3260);
#939=VERTEX_POINT('',#3262);
#940=VERTEX_POINT('',#3266);
#941=VERTEX_POINT('',#3268);
#942=VERTEX_POINT('',#3272);
#943=VERTEX_POINT('',#3274);
#944=VERTEX_POINT('',#3278);
#945=VERTEX_POINT('',#3280);
#946=VERTEX_POINT('',#3284);
#947=VERTEX_POINT('',#3286);
#948=VERTEX_POINT('',#3290);
#949=VERTEX_POINT('',#3292);
#950=VERTEX_POINT('',#3296);
#951=VERTEX_POINT('',#3298);
#952=VERTEX_POINT('',#3302);
#953=VERTEX_POINT('',#3304);
#954=VERTEX_POINT('',#3308);
#955=VERTEX_POINT('',#3310);
#956=VERTEX_POINT('',#3314);
#957=VERTEX_POINT('',#3316);
#958=VERTEX_POINT('',#3320);
#959=VERTEX_POINT('',#3322);
#960=VERTEX_POINT('',#3326);
#961=VERTEX_POINT('',#3328);
#962=VERTEX_POINT('',#3332);
#963=VERTEX_POINT('',#3334);
#964=VERTEX_POINT('',#3338);
#965=VERTEX_POINT('',#3340);
#966=VERTEX_POINT('',#3344);
#967=VERTEX_POINT('',#3346);
#968=VERTEX_POINT('',#3350);
#969=VERTEX_POINT('',#3352);
#970=VERTEX_POINT('',#3356);
#971=VERTEX_POINT('',#3358);
#972=VERTEX_POINT('',#3362);
#973=VERTEX_POINT('',#3364);
#974=VERTEX_POINT('',#3368);
#975=VERTEX_POINT('',#3370);
#976=VERTEX_POINT('',#3374);
#977=VERTEX_POINT('',#3376);
#978=VERTEX_POINT('',#3380);
#979=VERTEX_POINT('',#3382);
#980=VERTEX_POINT('',#3386);
#981=VERTEX_POINT('',#3388);
#982=VERTEX_POINT('',#3392);
#983=VERTEX_POINT('',#3394);
#984=VERTEX_POINT('',#3398);
#985=VERTEX_POINT('',#3400);
#986=VERTEX_POINT('',#3404);
#987=VERTEX_POINT('',#3406);
#988=VERTEX_POINT('',#3413);
#989=VERTEX_POINT('',#3414);
#990=VERTEX_POINT('',#3416);
#991=VERTEX_POINT('',#3418);
#992=VERTEX_POINT('',#3420);
#993=VERTEX_POINT('',#3422);
#994=VERTEX_POINT('',#3424);
#995=VERTEX_POINT('',#3426);
#996=VERTEX_POINT('',#3428);
#997=VERTEX_POINT('',#3430);
#998=VERTEX_POINT('',#3432);
#999=VERTEX_POINT('',#3434);
#1000=VERTEX_POINT('',#3436);
#1001=VERTEX_POINT('',#3438);
#1002=VERTEX_POINT('',#3440);
#1003=VERTEX_POINT('',#3442);
#1004=VERTEX_POINT('',#3444);
#1005=VERTEX_POINT('',#3446);
#1006=VERTEX_POINT('',#3448);
#1007=VERTEX_POINT('',#3450);
#1008=VERTEX_POINT('',#3452);
#1009=VERTEX_POINT('',#3454);
#1010=VERTEX_POINT('',#3456);
#1011=VERTEX_POINT('',#3458);
#1012=VERTEX_POINT('',#3460);
#1013=VERTEX_POINT('',#3462);
#1014=VERTEX_POINT('',#3464);
#1015=VERTEX_POINT('',#3466);
#1016=VERTEX_POINT('',#3468);
#1017=VERTEX_POINT('',#3470);
#1018=VERTEX_POINT('',#3472);
#1019=VERTEX_POINT('',#3474);
#1020=VERTEX_POINT('',#3476);
#1021=VERTEX_POINT('',#3478);
#1022=VERTEX_POINT('',#3480);
#1023=VERTEX_POINT('',#3482);
#1024=VERTEX_POINT('',#3484);
#1025=VERTEX_POINT('',#3488);
#1026=VERTEX_POINT('',#3490);
#1027=VERTEX_POINT('',#3492);
#1028=VERTEX_POINT('',#3494);
#1029=VERTEX_POINT('',#3496);
#1030=VERTEX_POINT('',#3498);
#1031=VERTEX_POINT('',#3500);
#1032=VERTEX_POINT('',#3503);
#1033=VERTEX_POINT('',#3508);
#1034=VERTEX_POINT('',#3513);
#1035=VERTEX_POINT('',#3518);
#1036=VERTEX_POINT('',#3520);
#1037=VERTEX_POINT('',#3524);
#1038=VERTEX_POINT('',#3527);
#1039=VERTEX_POINT('',#3529);
#1040=VERTEX_POINT('',#3533);
#1041=VERTEX_POINT('',#3536);
#1042=VERTEX_POINT('',#3538);
#1043=VERTEX_POINT('',#3542);
#1044=VERTEX_POINT('',#3545);
#1045=VERTEX_POINT('',#3547);
#1046=VERTEX_POINT('',#3551);
#1047=VERTEX_POINT('',#3554);
#1048=VERTEX_POINT('',#3556);
#1049=VERTEX_POINT('',#3559);
#1050=VERTEX_POINT('',#3561);
#1051=VERTEX_POINT('',#3564);
#1052=VERTEX_POINT('',#3566);
#1053=VERTEX_POINT('',#3569);
#1054=VERTEX_POINT('',#3571);
#1055=VERTEX_POINT('',#3593);
#1056=VERTEX_POINT('',#3595);
#1057=VERTEX_POINT('',#3599);
#1058=VERTEX_POINT('',#3603);
#1059=VERTEX_POINT('',#3607);
#1060=VERTEX_POINT('',#3611);
#1061=VERTEX_POINT('',#3615);
#1062=VERTEX_POINT('',#3619);
#1063=VERTEX_POINT('',#3623);
#1064=VERTEX_POINT('',#3627);
#1065=VERTEX_POINT('',#3631);
#1066=VERTEX_POINT('',#3635);
#1067=VERTEX_POINT('',#3639);
#1068=VERTEX_POINT('',#3643);
#1069=VERTEX_POINT('',#3647);
#1070=VERTEX_POINT('',#3651);
#1071=VERTEX_POINT('',#3655);
#1072=VERTEX_POINT('',#3659);
#1073=VERTEX_POINT('',#3663);
#1074=VERTEX_POINT('',#3667);
#1075=VERTEX_POINT('',#3671);
#1076=VERTEX_POINT('',#3675);
#1077=VERTEX_POINT('',#3679);
#1078=VERTEX_POINT('',#3683);
#1079=VERTEX_POINT('',#3687);
#1080=VERTEX_POINT('',#3691);
#1081=VERTEX_POINT('',#3695);
#1082=VERTEX_POINT('',#3699);
#1083=VERTEX_POINT('',#3703);
#1084=VERTEX_POINT('',#3707);
#1085=VERTEX_POINT('',#3711);
#1086=VERTEX_POINT('',#3715);
#1087=VERTEX_POINT('',#3719);
#1088=VERTEX_POINT('',#3723);
#1089=VERTEX_POINT('',#3727);
#1090=VERTEX_POINT('',#3731);
#1091=VERTEX_POINT('',#3735);
#1092=EDGE_CURVE('',#884,#885,#782,.T.);
#1093=EDGE_CURVE('',#884,#886,#362,.T.);
#1094=EDGE_CURVE('',#887,#886,#783,.T.);
#1095=EDGE_CURVE('',#885,#887,#363,.T.);
#1096=EDGE_CURVE('',#885,#888,#364,.T.);
#1097=EDGE_CURVE('',#889,#887,#365,.T.);
#1098=EDGE_CURVE('',#888,#889,#366,.T.);
#1099=EDGE_CURVE('',#888,#890,#784,.T.);
#1100=EDGE_CURVE('',#891,#889,#785,.T.);
#1101=EDGE_CURVE('',#890,#891,#367,.T.);
#1102=EDGE_CURVE('',#890,#892,#368,.T.);
#1103=EDGE_CURVE('',#893,#891,#369,.T.);
#1104=EDGE_CURVE('',#892,#893,#370,.T.);
#1105=EDGE_CURVE('',#892,#894,#786,.T.);
#1106=EDGE_CURVE('',#895,#893,#787,.T.);
#1107=EDGE_CURVE('',#894,#895,#371,.T.);
#1108=EDGE_CURVE('',#894,#896,#372,.T.);
#1109=EDGE_CURVE('',#897,#895,#373,.T.);
#1110=EDGE_CURVE('',#896,#897,#374,.T.);
#1111=EDGE_CURVE('',#896,#898,#788,.T.);
#1112=EDGE_CURVE('',#899,#897,#789,.T.);
#1113=EDGE_CURVE('',#898,#899,#375,.T.);
#1114=EDGE_CURVE('',#898,#900,#376,.T.);
#1115=EDGE_CURVE('',#901,#899,#377,.T.);
#1116=EDGE_CURVE('',#900,#901,#378,.T.);
#1117=EDGE_CURVE('',#900,#902,#790,.T.);
#1118=EDGE_CURVE('',#903,#901,#791,.T.);
#1119=EDGE_CURVE('',#902,#903,#379,.T.);
#1120=EDGE_CURVE('',#902,#904,#380,.T.);
#1121=EDGE_CURVE('',#905,#903,#381,.T.);
#1122=EDGE_CURVE('',#904,#905,#382,.T.);
#1123=EDGE_CURVE('',#904,#906,#383,.T.);
#1124=EDGE_CURVE('',#907,#905,#384,.T.);
#1125=EDGE_CURVE('',#906,#907,#385,.T.);
#1126=EDGE_CURVE('',#906,#908,#792,.T.);
#1127=EDGE_CURVE('',#909,#907,#793,.T.);
#1128=EDGE_CURVE('',#908,#909,#386,.T.);
#1129=EDGE_CURVE('',#908,#910,#387,.T.);
#1130=EDGE_CURVE('',#911,#909,#388,.T.);
#1131=EDGE_CURVE('',#910,#911,#389,.T.);
#1132=EDGE_CURVE('',#910,#912,#794,.T.);
#1133=EDGE_CURVE('',#913,#911,#795,.T.);
#1134=EDGE_CURVE('',#912,#913,#390,.T.);
#1135=EDGE_CURVE('',#912,#914,#391,.T.);
#1136=EDGE_CURVE('',#915,#913,#392,.T.);
#1137=EDGE_CURVE('',#914,#915,#393,.T.);
#1138=EDGE_CURVE('',#914,#916,#796,.T.);
#1139=EDGE_CURVE('',#917,#915,#797,.T.);
#1140=EDGE_CURVE('',#916,#917,#394,.T.);
#1141=EDGE_CURVE('',#916,#918,#395,.T.);
#1142=EDGE_CURVE('',#919,#917,#396,.T.);
#1143=EDGE_CURVE('',#918,#919,#397,.T.);
#1144=EDGE_CURVE('',#918,#920,#798,.T.);
#1145=EDGE_CURVE('',#921,#919,#799,.T.);
#1146=EDGE_CURVE('',#920,#921,#398,.T.);
#1147=EDGE_CURVE('',#920,#922,#399,.T.);
#1148=EDGE_CURVE('',#923,#921,#400,.T.);
#1149=EDGE_CURVE('',#922,#923,#401,.T.);
#1150=EDGE_CURVE('',#922,#924,#800,.T.);
#1151=EDGE_CURVE('',#925,#923,#801,.T.);
#1152=EDGE_CURVE('',#924,#925,#402,.T.);
#1153=EDGE_CURVE('',#924,#926,#403,.T.);
#1154=EDGE_CURVE('',#927,#925,#404,.T.);
#1155=EDGE_CURVE('',#926,#927,#405,.T.);
#1156=EDGE_CURVE('',#926,#928,#802,.T.);
#1157=EDGE_CURVE('',#929,#927,#803,.T.);
#1158=EDGE_CURVE('',#928,#929,#406,.T.);
#1159=EDGE_CURVE('',#928,#930,#407,.T.);
#1160=EDGE_CURVE('',#931,#929,#408,.T.);
#1161=EDGE_CURVE('',#930,#931,#409,.T.);
#1162=EDGE_CURVE('',#930,#932,#410,.T.);
#1163=EDGE_CURVE('',#933,#931,#411,.T.);
#1164=EDGE_CURVE('',#932,#933,#412,.T.);
#1165=EDGE_CURVE('',#932,#934,#413,.T.);
#1166=EDGE_CURVE('',#935,#933,#414,.T.);
#1167=EDGE_CURVE('',#934,#935,#415,.T.);
#1168=EDGE_CURVE('',#934,#936,#416,.T.);
#1169=EDGE_CURVE('',#937,#935,#417,.T.);
#1170=EDGE_CURVE('',#936,#937,#418,.T.);
#1171=EDGE_CURVE('',#936,#938,#419,.T.);
#1172=EDGE_CURVE('',#939,#937,#420,.T.);
#1173=EDGE_CURVE('',#938,#939,#421,.T.);
#1174=EDGE_CURVE('',#938,#940,#422,.T.);
#1175=EDGE_CURVE('',#941,#939,#423,.T.);
#1176=EDGE_CURVE('',#940,#941,#424,.T.);
#1177=EDGE_CURVE('',#940,#942,#804,.T.);
#1178=EDGE_CURVE('',#943,#941,#805,.T.);
#1179=EDGE_CURVE('',#942,#943,#425,.T.);
#1180=EDGE_CURVE('',#942,#944,#426,.T.);
#1181=EDGE_CURVE('',#945,#943,#427,.T.);
#1182=EDGE_CURVE('',#944,#945,#428,.T.);
#1183=EDGE_CURVE('',#944,#946,#806,.T.);
#1184=EDGE_CURVE('',#947,#945,#807,.T.);
#1185=EDGE_CURVE('',#946,#947,#429,.T.);
#1186=EDGE_CURVE('',#946,#948,#430,.T.);
#1187=EDGE_CURVE('',#949,#947,#431,.T.);
#1188=EDGE_CURVE('',#948,#949,#432,.T.);
#1189=EDGE_CURVE('',#948,#950,#808,.T.);
#1190=EDGE_CURVE('',#951,#949,#809,.T.);
#1191=EDGE_CURVE('',#950,#951,#433,.T.);
#1192=EDGE_CURVE('',#950,#952,#434,.T.);
#1193=EDGE_CURVE('',#953,#951,#435,.T.);
#1194=EDGE_CURVE('',#952,#953,#436,.T.);
#1195=EDGE_CURVE('',#952,#954,#810,.T.);
#1196=EDGE_CURVE('',#955,#953,#811,.T.);
#1197=EDGE_CURVE('',#954,#955,#437,.T.);
#1198=EDGE_CURVE('',#954,#956,#438,.T.);
#1199=EDGE_CURVE('',#957,#955,#439,.T.);
#1200=EDGE_CURVE('',#956,#957,#440,.T.);
#1201=EDGE_CURVE('',#956,#958,#812,.T.);
#1202=EDGE_CURVE('',#959,#957,#813,.T.);
#1203=EDGE_CURVE('',#958,#959,#441,.T.);
#1204=EDGE_CURVE('',#958,#960,#442,.T.);
#1205=EDGE_CURVE('',#961,#959,#443,.T.);
#1206=EDGE_CURVE('',#960,#961,#444,.T.);
#1207=EDGE_CURVE('',#960,#962,#814,.T.);
#1208=EDGE_CURVE('',#963,#961,#815,.T.);
#1209=EDGE_CURVE('',#962,#963,#445,.T.);
#1210=EDGE_CURVE('',#962,#964,#446,.T.);
#1211=EDGE_CURVE('',#965,#963,#447,.T.);
#1212=EDGE_CURVE('',#964,#965,#448,.T.);
#1213=EDGE_CURVE('',#964,#966,#816,.T.);
#1214=EDGE_CURVE('',#967,#965,#817,.T.);
#1215=EDGE_CURVE('',#966,#967,#449,.T.);
#1216=EDGE_CURVE('',#966,#968,#450,.T.);
#1217=EDGE_CURVE('',#969,#967,#451,.T.);
#1218=EDGE_CURVE('',#968,#969,#452,.T.);
#1219=EDGE_CURVE('',#968,#970,#818,.T.);
#1220=EDGE_CURVE('',#971,#969,#819,.T.);
#1221=EDGE_CURVE('',#970,#971,#453,.T.);
#1222=EDGE_CURVE('',#970,#972,#454,.T.);
#1223=EDGE_CURVE('',#973,#971,#455,.T.);
#1224=EDGE_CURVE('',#972,#973,#456,.T.);
#1225=EDGE_CURVE('',#972,#974,#820,.T.);
#1226=EDGE_CURVE('',#975,#973,#821,.T.);
#1227=EDGE_CURVE('',#974,#975,#457,.T.);
#1228=EDGE_CURVE('',#974,#976,#458,.T.);
#1229=EDGE_CURVE('',#977,#975,#459,.T.);
#1230=EDGE_CURVE('',#976,#977,#460,.T.);
#1231=EDGE_CURVE('',#976,#978,#822,.T.);
#1232=EDGE_CURVE('',#979,#977,#823,.T.);
#1233=EDGE_CURVE('',#978,#979,#461,.T.);
#1234=EDGE_CURVE('',#978,#980,#462,.T.);
#1235=EDGE_CURVE('',#981,#979,#463,.T.);
#1236=EDGE_CURVE('',#980,#981,#464,.T.);
#1237=EDGE_CURVE('',#980,#982,#824,.T.);
#1238=EDGE_CURVE('',#983,#981,#825,.T.);
#1239=EDGE_CURVE('',#982,#983,#465,.T.);
#1240=EDGE_CURVE('',#982,#984,#466,.T.);
#1241=EDGE_CURVE('',#985,#983,#467,.T.);
#1242=EDGE_CURVE('',#984,#985,#468,.T.);
#1243=EDGE_CURVE('',#984,#986,#826,.T.);
#1244=EDGE_CURVE('',#987,#985,#827,.T.);
#1245=EDGE_CURVE('',#986,#987,#469,.T.);
#1246=EDGE_CURVE('',#986,#884,#470,.T.);
#1247=EDGE_CURVE('',#886,#987,#471,.T.);
#1248=EDGE_CURVE('',#988,#989,#828,.T.);
#1249=EDGE_CURVE('',#989,#990,#472,.T.);
#1250=EDGE_CURVE('',#990,#991,#473,.T.);
#1251=EDGE_CURVE('',#991,#992,#829,.T.);
#1252=EDGE_CURVE('',#992,#993,#474,.T.);
#1253=EDGE_CURVE('',#993,#994,#475,.T.);
#1254=EDGE_CURVE('',#994,#995,#476,.T.);
#1255=EDGE_CURVE('',#995,#996,#477,.T.);
#1256=EDGE_CURVE('',#996,#997,#830,.T.);
#1257=EDGE_CURVE('',#997,#998,#478,.T.);
#1258=EDGE_CURVE('',#998,#999,#831,.T.);
#1259=EDGE_CURVE('',#999,#1000,#479,.T.);
#1260=EDGE_CURVE('',#1000,#1001,#480,.T.);
#1261=EDGE_CURVE('',#1001,#1002,#481,.T.);
#1262=EDGE_CURVE('',#1002,#1003,#482,.T.);
#1263=EDGE_CURVE('',#1003,#1004,#483,.T.);
#1264=EDGE_CURVE('',#1004,#1005,#484,.T.);
#1265=EDGE_CURVE('',#1005,#1006,#832,.T.);
#1266=EDGE_CURVE('',#1006,#1007,#485,.T.);
#1267=EDGE_CURVE('',#1007,#1008,#486,.T.);
#1268=EDGE_CURVE('',#1008,#1009,#833,.T.);
#1269=EDGE_CURVE('',#1009,#1010,#487,.T.);
#1270=EDGE_CURVE('',#1010,#1011,#834,.T.);
#1271=EDGE_CURVE('',#1011,#1012,#488,.T.);
#1272=EDGE_CURVE('',#1012,#1013,#835,.T.);
#1273=EDGE_CURVE('',#1013,#1014,#489,.T.);
#1274=EDGE_CURVE('',#1014,#1015,#836,.T.);
#1275=EDGE_CURVE('',#1015,#1016,#490,.T.);
#1276=EDGE_CURVE('',#1016,#1017,#837,.T.);
#1277=EDGE_CURVE('',#1017,#1018,#491,.T.);
#1278=EDGE_CURVE('',#1018,#1019,#838,.T.);
#1279=EDGE_CURVE('',#1019,#1020,#492,.T.);
#1280=EDGE_CURVE('',#1020,#1021,#839,.T.);
#1281=EDGE_CURVE('',#1021,#1022,#493,.T.);
#1282=EDGE_CURVE('',#1022,#1023,#840,.T.);
#1283=EDGE_CURVE('',#1023,#1024,#494,.T.);
#1284=EDGE_CURVE('',#1024,#988,#495,.T.);
#1285=EDGE_CURVE('',#1025,#1025,#841,.T.);
#1286=EDGE_CURVE('',#1026,#1026,#842,.T.);
#1287=EDGE_CURVE('',#1027,#1027,#843,.T.);
#1288=EDGE_CURVE('',#1028,#1028,#844,.T.);
#1289=EDGE_CURVE('',#1029,#1029,#845,.T.);
#1290=EDGE_CURVE('',#1030,#1030,#846,.T.);
#1291=EDGE_CURVE('',#1031,#1031,#847,.T.);
#1292=EDGE_CURVE('',#1032,#1032,#848,.T.);
#1293=EDGE_CURVE('',#1032,#1031,#496,.T.);
#1294=EDGE_CURVE('',#1033,#1033,#849,.T.);
#1295=EDGE_CURVE('',#1033,#1030,#497,.T.);
#1296=EDGE_CURVE('',#1034,#1034,#850,.T.);
#1297=EDGE_CURVE('',#1034,#1029,#498,.T.);
#1298=EDGE_CURVE('',#1035,#1035,#851,.T.);
#1299=EDGE_CURVE('',#1035,#1036,#499,.T.);
#1300=EDGE_CURVE('',#1036,#1036,#852,.T.);
#1301=EDGE_CURVE('',#1037,#1037,#853,.T.);
#1302=EDGE_CURVE('',#1038,#1038,#854,.T.);
#1303=EDGE_CURVE('',#1038,#1039,#500,.T.);
#1304=EDGE_CURVE('',#1039,#1039,#855,.T.);
#1305=EDGE_CURVE('',#1040,#1040,#856,.T.);
#1306=EDGE_CURVE('',#1041,#1041,#857,.T.);
#1307=EDGE_CURVE('',#1041,#1042,#501,.T.);
#1308=EDGE_CURVE('',#1042,#1042,#858,.T.);
#1309=EDGE_CURVE('',#1043,#1043,#859,.T.);
#1310=EDGE_CURVE('',#1044,#1044,#860,.T.);
#1311=EDGE_CURVE('',#1044,#1045,#502,.T.);
#1312=EDGE_CURVE('',#1045,#1045,#861,.T.);
#1313=EDGE_CURVE('',#1046,#1046,#862,.T.);
#1314=EDGE_CURVE('',#1047,#1047,#863,.T.);
#1315=EDGE_CURVE('',#1048,#1048,#864,.T.);
#1316=EDGE_CURVE('',#1049,#1049,#865,.T.);
#1317=EDGE_CURVE('',#1050,#1050,#866,.T.);
#1318=EDGE_CURVE('',#1051,#1051,#867,.T.);
#1319=EDGE_CURVE('',#1052,#1052,#868,.T.);
#1320=EDGE_CURVE('',#1053,#1053,#869,.T.);
#1321=EDGE_CURVE('',#1054,#1054,#870,.T.);
#1322=EDGE_CURVE('',#1048,#1037,#503,.T.);
#1323=EDGE_CURVE('',#1047,#1025,#504,.T.);
#1324=EDGE_CURVE('',#1052,#1040,#505,.T.);
#1325=EDGE_CURVE('',#1051,#1028,#506,.T.);
#1326=EDGE_CURVE('',#1050,#1043,#507,.T.);
#1327=EDGE_CURVE('',#1049,#1026,#508,.T.);
#1328=EDGE_CURVE('',#1054,#1046,#509,.T.);
#1329=EDGE_CURVE('',#1053,#1027,#510,.T.);
#1330=EDGE_CURVE('',#1055,#989,#511,.T.);
#1331=EDGE_CURVE('',#1056,#1055,#512,.T.);
#1332=EDGE_CURVE('',#1056,#990,#513,.T.);
#1333=EDGE_CURVE('',#1057,#1056,#514,.T.);
#1334=EDGE_CURVE('',#1057,#991,#515,.T.);
#1335=EDGE_CURVE('',#1058,#1057,#871,.T.);
#1336=EDGE_CURVE('',#1058,#992,#516,.T.);
#1337=EDGE_CURVE('',#1059,#1058,#517,.T.);
#1338=EDGE_CURVE('',#1059,#993,#518,.T.);
#1339=EDGE_CURVE('',#1060,#1059,#519,.T.);
#1340=EDGE_CURVE('',#1060,#994,#520,.T.);
#1341=EDGE_CURVE('',#1061,#1060,#521,.T.);
#1342=EDGE_CURVE('',#1061,#995,#522,.T.);
#1343=EDGE_CURVE('',#1062,#1061,#523,.T.);
#1344=EDGE_CURVE('',#1062,#996,#524,.T.);
#1345=EDGE_CURVE('',#1063,#1062,#872,.T.);
#1346=EDGE_CURVE('',#1063,#997,#525,.T.);
#1347=EDGE_CURVE('',#1064,#1063,#526,.T.);
#1348=EDGE_CURVE('',#1064,#998,#527,.T.);
#1349=EDGE_CURVE('',#1065,#1064,#873,.T.);
#1350=EDGE_CURVE('',#1065,#999,#528,.T.);
#1351=EDGE_CURVE('',#1066,#1065,#529,.T.);
#1352=EDGE_CURVE('',#1066,#1000,#530,.T.);
#1353=EDGE_CURVE('',#1067,#1066,#531,.T.);
#1354=EDGE_CURVE('',#1067,#1001,#532,.T.);
#1355=EDGE_CURVE('',#1068,#1067,#533,.T.);
#1356=EDGE_CURVE('',#1068,#1002,#534,.T.);
#1357=EDGE_CURVE('',#1069,#1068,#535,.T.);
#1358=EDGE_CURVE('',#1069,#1003,#536,.T.);
#1359=EDGE_CURVE('',#1070,#1069,#537,.T.);
#1360=EDGE_CURVE('',#1070,#1004,#538,.T.);
#1361=EDGE_CURVE('',#1071,#1070,#539,.T.);
#1362=EDGE_CURVE('',#1071,#1005,#540,.T.);
#1363=EDGE_CURVE('',#1072,#1071,#874,.T.);
#1364=EDGE_CURVE('',#1072,#1006,#541,.T.);
#1365=EDGE_CURVE('',#1073,#1072,#542,.T.);
#1366=EDGE_CURVE('',#1073,#1007,#543,.T.);
#1367=EDGE_CURVE('',#1074,#1073,#544,.T.);
#1368=EDGE_CURVE('',#1074,#1008,#545,.T.);
#1369=EDGE_CURVE('',#1075,#1074,#875,.T.);
#1370=EDGE_CURVE('',#1075,#1009,#546,.T.);
#1371=EDGE_CURVE('',#1076,#1075,#547,.T.);
#1372=EDGE_CURVE('',#1076,#1010,#548,.T.);
#1373=EDGE_CURVE('',#1077,#1076,#876,.T.);
#1374=EDGE_CURVE('',#1077,#1011,#549,.T.);
#1375=EDGE_CURVE('',#1078,#1077,#550,.T.);
#1376=EDGE_CURVE('',#1078,#1012,#551,.T.);
#1377=EDGE_CURVE('',#1079,#1078,#877,.T.);
#1378=EDGE_CURVE('',#1079,#1013,#552,.T.);
#1379=EDGE_CURVE('',#1080,#1079,#553,.T.);
#1380=EDGE_CURVE('',#1080,#1014,#554,.T.);
#1381=EDGE_CURVE('',#1081,#1080,#878,.T.);
#1382=EDGE_CURVE('',#1081,#1015,#555,.T.);
#1383=EDGE_CURVE('',#1082,#1081,#556,.T.);
#1384=EDGE_CURVE('',#1082,#1016,#557,.T.);
#1385=EDGE_CURVE('',#1083,#1082,#879,.T.);
#1386=EDGE_CURVE('',#1083,#1017,#558,.T.);
#1387=EDGE_CURVE('',#1084,#1083,#559,.T.);
#1388=EDGE_CURVE('',#1084,#1018,#560,.T.);
#1389=EDGE_CURVE('',#1085,#1084,#880,.T.);
#1390=EDGE_CURVE('',#1085,#1019,#561,.T.);
#1391=EDGE_CURVE('',#1086,#1085,#562,.T.);
#1392=EDGE_CURVE('',#1086,#1020,#563,.T.);
#1393=EDGE_CURVE('',#1087,#1086,#881,.T.);
#1394=EDGE_CURVE('',#1087,#1021,#564,.T.);
#1395=EDGE_CURVE('',#1088,#1087,#565,.T.);
#1396=EDGE_CURVE('',#1088,#1022,#566,.T.);
#1397=EDGE_CURVE('',#1089,#1088,#882,.T.);
#1398=EDGE_CURVE('',#1089,#1023,#567,.T.);
#1399=EDGE_CURVE('',#1090,#1089,#568,.T.);
#1400=EDGE_CURVE('',#1090,#1024,#569,.T.);
#1401=EDGE_CURVE('',#1091,#1090,#570,.T.);
#1402=EDGE_CURVE('',#988,#1091,#571,.T.);
#1403=EDGE_CURVE('',#1055,#1091,#883,.T.);
#1404=ORIENTED_EDGE('',*,*,#1092,.F.);
#1405=ORIENTED_EDGE('',*,*,#1093,.T.);
#1406=ORIENTED_EDGE('',*,*,#1094,.F.);
#1407=ORIENTED_EDGE('',*,*,#1095,.F.);
#1408=ORIENTED_EDGE('',*,*,#1096,.F.);
#1409=ORIENTED_EDGE('',*,*,#1095,.T.);
#1410=ORIENTED_EDGE('',*,*,#1097,.F.);
#1411=ORIENTED_EDGE('',*,*,#1098,.F.);
#1412=ORIENTED_EDGE('',*,*,#1099,.F.);
#1413=ORIENTED_EDGE('',*,*,#1098,.T.);
#1414=ORIENTED_EDGE('',*,*,#1100,.F.);
#1415=ORIENTED_EDGE('',*,*,#1101,.F.);
#1416=ORIENTED_EDGE('',*,*,#1102,.F.);
#1417=ORIENTED_EDGE('',*,*,#1101,.T.);
#1418=ORIENTED_EDGE('',*,*,#1103,.F.);
#1419=ORIENTED_EDGE('',*,*,#1104,.F.);
#1420=ORIENTED_EDGE('',*,*,#1105,.F.);
#1421=ORIENTED_EDGE('',*,*,#1104,.T.);
#1422=ORIENTED_EDGE('',*,*,#1106,.F.);
#1423=ORIENTED_EDGE('',*,*,#1107,.F.);
#1424=ORIENTED_EDGE('',*,*,#1108,.F.);
#1425=ORIENTED_EDGE('',*,*,#1107,.T.);
#1426=ORIENTED_EDGE('',*,*,#1109,.F.);
#1427=ORIENTED_EDGE('',*,*,#1110,.F.);
#1428=ORIENTED_EDGE('',*,*,#1111,.F.);
#1429=ORIENTED_EDGE('',*,*,#1110,.T.);
#1430=ORIENTED_EDGE('',*,*,#1112,.F.);
#1431=ORIENTED_EDGE('',*,*,#1113,.F.);
#1432=ORIENTED_EDGE('',*,*,#1114,.F.);
#1433=ORIENTED_EDGE('',*,*,#1113,.T.);
#1434=ORIENTED_EDGE('',*,*,#1115,.F.);
#1435=ORIENTED_EDGE('',*,*,#1116,.F.);
#1436=ORIENTED_EDGE('',*,*,#1117,.F.);
#1437=ORIENTED_EDGE('',*,*,#1116,.T.);
#1438=ORIENTED_EDGE('',*,*,#1118,.F.);
#1439=ORIENTED_EDGE('',*,*,#1119,.F.);
#1440=ORIENTED_EDGE('',*,*,#1120,.F.);
#1441=ORIENTED_EDGE('',*,*,#1119,.T.);
#1442=ORIENTED_EDGE('',*,*,#1121,.F.);
#1443=ORIENTED_EDGE('',*,*,#1122,.F.);
#1444=ORIENTED_EDGE('',*,*,#1123,.F.);
#1445=ORIENTED_EDGE('',*,*,#1122,.T.);
#1446=ORIENTED_EDGE('',*,*,#1124,.F.);
#1447=ORIENTED_EDGE('',*,*,#1125,.F.);
#1448=ORIENTED_EDGE('',*,*,#1126,.F.);
#1449=ORIENTED_EDGE('',*,*,#1125,.T.);
#1450=ORIENTED_EDGE('',*,*,#1127,.F.);
#1451=ORIENTED_EDGE('',*,*,#1128,.F.);
#1452=ORIENTED_EDGE('',*,*,#1129,.F.);
#1453=ORIENTED_EDGE('',*,*,#1128,.T.);
#1454=ORIENTED_EDGE('',*,*,#1130,.F.);
#1455=ORIENTED_EDGE('',*,*,#1131,.F.);
#1456=ORIENTED_EDGE('',*,*,#1132,.F.);
#1457=ORIENTED_EDGE('',*,*,#1131,.T.);
#1458=ORIENTED_EDGE('',*,*,#1133,.F.);
#1459=ORIENTED_EDGE('',*,*,#1134,.F.);
#1460=ORIENTED_EDGE('',*,*,#1135,.F.);
#1461=ORIENTED_EDGE('',*,*,#1134,.T.);
#1462=ORIENTED_EDGE('',*,*,#1136,.F.);
#1463=ORIENTED_EDGE('',*,*,#1137,.F.);
#1464=ORIENTED_EDGE('',*,*,#1138,.F.);
#1465=ORIENTED_EDGE('',*,*,#1137,.T.);
#1466=ORIENTED_EDGE('',*,*,#1139,.F.);
#1467=ORIENTED_EDGE('',*,*,#1140,.F.);
#1468=ORIENTED_EDGE('',*,*,#1141,.F.);
#1469=ORIENTED_EDGE('',*,*,#1140,.T.);
#1470=ORIENTED_EDGE('',*,*,#1142,.F.);
#1471=ORIENTED_EDGE('',*,*,#1143,.F.);
#1472=ORIENTED_EDGE('',*,*,#1144,.F.);
#1473=ORIENTED_EDGE('',*,*,#1143,.T.);
#1474=ORIENTED_EDGE('',*,*,#1145,.F.);
#1475=ORIENTED_EDGE('',*,*,#1146,.F.);
#1476=ORIENTED_EDGE('',*,*,#1147,.F.);
#1477=ORIENTED_EDGE('',*,*,#1146,.T.);
#1478=ORIENTED_EDGE('',*,*,#1148,.F.);
#1479=ORIENTED_EDGE('',*,*,#1149,.F.);
#1480=ORIENTED_EDGE('',*,*,#1150,.F.);
#1481=ORIENTED_EDGE('',*,*,#1149,.T.);
#1482=ORIENTED_EDGE('',*,*,#1151,.F.);
#1483=ORIENTED_EDGE('',*,*,#1152,.F.);
#1484=ORIENTED_EDGE('',*,*,#1153,.F.);
#1485=ORIENTED_EDGE('',*,*,#1152,.T.);
#1486=ORIENTED_EDGE('',*,*,#1154,.F.);
#1487=ORIENTED_EDGE('',*,*,#1155,.F.);
#1488=ORIENTED_EDGE('',*,*,#1156,.F.);
#1489=ORIENTED_EDGE('',*,*,#1155,.T.);
#1490=ORIENTED_EDGE('',*,*,#1157,.F.);
#1491=ORIENTED_EDGE('',*,*,#1158,.F.);
#1492=ORIENTED_EDGE('',*,*,#1159,.F.);
#1493=ORIENTED_EDGE('',*,*,#1158,.T.);
#1494=ORIENTED_EDGE('',*,*,#1160,.F.);
#1495=ORIENTED_EDGE('',*,*,#1161,.F.);
#1496=ORIENTED_EDGE('',*,*,#1162,.F.);
#1497=ORIENTED_EDGE('',*,*,#1161,.T.);
#1498=ORIENTED_EDGE('',*,*,#1163,.F.);
#1499=ORIENTED_EDGE('',*,*,#1164,.F.);
#1500=ORIENTED_EDGE('',*,*,#1165,.F.);
#1501=ORIENTED_EDGE('',*,*,#1164,.T.);
#1502=ORIENTED_EDGE('',*,*,#1166,.F.);
#1503=ORIENTED_EDGE('',*,*,#1167,.F.);
#1504=ORIENTED_EDGE('',*,*,#1168,.F.);
#1505=ORIENTED_EDGE('',*,*,#1167,.T.);
#1506=ORIENTED_EDGE('',*,*,#1169,.F.);
#1507=ORIENTED_EDGE('',*,*,#1170,.F.);
#1508=ORIENTED_EDGE('',*,*,#1171,.F.);
#1509=ORIENTED_EDGE('',*,*,#1170,.T.);
#1510=ORIENTED_EDGE('',*,*,#1172,.F.);
#1511=ORIENTED_EDGE('',*,*,#1173,.F.);
#1512=ORIENTED_EDGE('',*,*,#1174,.F.);
#1513=ORIENTED_EDGE('',*,*,#1173,.T.);
#1514=ORIENTED_EDGE('',*,*,#1175,.F.);
#1515=ORIENTED_EDGE('',*,*,#1176,.F.);
#1516=ORIENTED_EDGE('',*,*,#1177,.F.);
#1517=ORIENTED_EDGE('',*,*,#1176,.T.);
#1518=ORIENTED_EDGE('',*,*,#1178,.F.);
#1519=ORIENTED_EDGE('',*,*,#1179,.F.);
#1520=ORIENTED_EDGE('',*,*,#1180,.F.);
#1521=ORIENTED_EDGE('',*,*,#1179,.T.);
#1522=ORIENTED_EDGE('',*,*,#1181,.F.);
#1523=ORIENTED_EDGE('',*,*,#1182,.F.);
#1524=ORIENTED_EDGE('',*,*,#1183,.F.);
#1525=ORIENTED_EDGE('',*,*,#1182,.T.);
#1526=ORIENTED_EDGE('',*,*,#1184,.F.);
#1527=ORIENTED_EDGE('',*,*,#1185,.F.);
#1528=ORIENTED_EDGE('',*,*,#1186,.F.);
#1529=ORIENTED_EDGE('',*,*,#1185,.T.);
#1530=ORIENTED_EDGE('',*,*,#1187,.F.);
#1531=ORIENTED_EDGE('',*,*,#1188,.F.);
#1532=ORIENTED_EDGE('',*,*,#1189,.F.);
#1533=ORIENTED_EDGE('',*,*,#1188,.T.);
#1534=ORIENTED_EDGE('',*,*,#1190,.F.);
#1535=ORIENTED_EDGE('',*,*,#1191,.F.);
#1536=ORIENTED_EDGE('',*,*,#1192,.F.);
#1537=ORIENTED_EDGE('',*,*,#1191,.T.);
#1538=ORIENTED_EDGE('',*,*,#1193,.F.);
#1539=ORIENTED_EDGE('',*,*,#1194,.F.);
#1540=ORIENTED_EDGE('',*,*,#1195,.F.);
#1541=ORIENTED_EDGE('',*,*,#1194,.T.);
#1542=ORIENTED_EDGE('',*,*,#1196,.F.);
#1543=ORIENTED_EDGE('',*,*,#1197,.F.);
#1544=ORIENTED_EDGE('',*,*,#1198,.F.);
#1545=ORIENTED_EDGE('',*,*,#1197,.T.);
#1546=ORIENTED_EDGE('',*,*,#1199,.F.);
#1547=ORIENTED_EDGE('',*,*,#1200,.F.);
#1548=ORIENTED_EDGE('',*,*,#1201,.F.);
#1549=ORIENTED_EDGE('',*,*,#1200,.T.);
#1550=ORIENTED_EDGE('',*,*,#1202,.F.);
#1551=ORIENTED_EDGE('',*,*,#1203,.F.);
#1552=ORIENTED_EDGE('',*,*,#1204,.F.);
#1553=ORIENTED_EDGE('',*,*,#1203,.T.);
#1554=ORIENTED_EDGE('',*,*,#1205,.F.);
#1555=ORIENTED_EDGE('',*,*,#1206,.F.);
#1556=ORIENTED_EDGE('',*,*,#1207,.F.);
#1557=ORIENTED_EDGE('',*,*,#1206,.T.);
#1558=ORIENTED_EDGE('',*,*,#1208,.F.);
#1559=ORIENTED_EDGE('',*,*,#1209,.F.);
#1560=ORIENTED_EDGE('',*,*,#1210,.F.);
#1561=ORIENTED_EDGE('',*,*,#1209,.T.);
#1562=ORIENTED_EDGE('',*,*,#1211,.F.);
#1563=ORIENTED_EDGE('',*,*,#1212,.F.);
#1564=ORIENTED_EDGE('',*,*,#1213,.F.);
#1565=ORIENTED_EDGE('',*,*,#1212,.T.);
#1566=ORIENTED_EDGE('',*,*,#1214,.F.);
#1567=ORIENTED_EDGE('',*,*,#1215,.F.);
#1568=ORIENTED_EDGE('',*,*,#1216,.F.);
#1569=ORIENTED_EDGE('',*,*,#1215,.T.);
#1570=ORIENTED_EDGE('',*,*,#1217,.F.);
#1571=ORIENTED_EDGE('',*,*,#1218,.F.);
#1572=ORIENTED_EDGE('',*,*,#1219,.F.);
#1573=ORIENTED_EDGE('',*,*,#1218,.T.);
#1574=ORIENTED_EDGE('',*,*,#1220,.F.);
#1575=ORIENTED_EDGE('',*,*,#1221,.F.);
#1576=ORIENTED_EDGE('',*,*,#1222,.F.);
#1577=ORIENTED_EDGE('',*,*,#1221,.T.);
#1578=ORIENTED_EDGE('',*,*,#1223,.F.);
#1579=ORIENTED_EDGE('',*,*,#1224,.F.);
#1580=ORIENTED_EDGE('',*,*,#1225,.F.);
#1581=ORIENTED_EDGE('',*,*,#1224,.T.);
#1582=ORIENTED_EDGE('',*,*,#1226,.F.);
#1583=ORIENTED_EDGE('',*,*,#1227,.F.);
#1584=ORIENTED_EDGE('',*,*,#1228,.F.);
#1585=ORIENTED_EDGE('',*,*,#1227,.T.);
#1586=ORIENTED_EDGE('',*,*,#1229,.F.);
#1587=ORIENTED_EDGE('',*,*,#1230,.F.);
#1588=ORIENTED_EDGE('',*,*,#1231,.F.);
#1589=ORIENTED_EDGE('',*,*,#1230,.T.);
#1590=ORIENTED_EDGE('',*,*,#1232,.F.);
#1591=ORIENTED_EDGE('',*,*,#1233,.F.);
#1592=ORIENTED_EDGE('',*,*,#1234,.F.);
#1593=ORIENTED_EDGE('',*,*,#1233,.T.);
#1594=ORIENTED_EDGE('',*,*,#1235,.F.);
#1595=ORIENTED_EDGE('',*,*,#1236,.F.);
#1596=ORIENTED_EDGE('',*,*,#1237,.F.);
#1597=ORIENTED_EDGE('',*,*,#1236,.T.);
#1598=ORIENTED_EDGE('',*,*,#1238,.F.);
#1599=ORIENTED_EDGE('',*,*,#1239,.F.);
#1600=ORIENTED_EDGE('',*,*,#1240,.F.);
#1601=ORIENTED_EDGE('',*,*,#1239,.T.);
#1602=ORIENTED_EDGE('',*,*,#1241,.F.);
#1603=ORIENTED_EDGE('',*,*,#1242,.F.);
#1604=ORIENTED_EDGE('',*,*,#1243,.F.);
#1605=ORIENTED_EDGE('',*,*,#1242,.T.);
#1606=ORIENTED_EDGE('',*,*,#1244,.F.);
#1607=ORIENTED_EDGE('',*,*,#1245,.F.);
#1608=ORIENTED_EDGE('',*,*,#1246,.F.);
#1609=ORIENTED_EDGE('',*,*,#1245,.T.);
#1610=ORIENTED_EDGE('',*,*,#1247,.F.);
#1611=ORIENTED_EDGE('',*,*,#1093,.F.);
#1612=ORIENTED_EDGE('',*,*,#1248,.T.);
#1613=ORIENTED_EDGE('',*,*,#1249,.T.);
#1614=ORIENTED_EDGE('',*,*,#1250,.T.);
#1615=ORIENTED_EDGE('',*,*,#1251,.T.);
#1616=ORIENTED_EDGE('',*,*,#1252,.T.);
#1617=ORIENTED_EDGE('',*,*,#1253,.T.);
#1618=ORIENTED_EDGE('',*,*,#1254,.T.);
#1619=ORIENTED_EDGE('',*,*,#1255,.T.);
#1620=ORIENTED_EDGE('',*,*,#1256,.T.);
#1621=ORIENTED_EDGE('',*,*,#1257,.T.);
#1622=ORIENTED_EDGE('',*,*,#1258,.T.);
#1623=ORIENTED_EDGE('',*,*,#1259,.T.);
#1624=ORIENTED_EDGE('',*,*,#1260,.T.);
#1625=ORIENTED_EDGE('',*,*,#1261,.T.);
#1626=ORIENTED_EDGE('',*,*,#1262,.T.);
#1627=ORIENTED_EDGE('',*,*,#1263,.T.);
#1628=ORIENTED_EDGE('',*,*,#1264,.T.);
#1629=ORIENTED_EDGE('',*,*,#1265,.T.);
#1630=ORIENTED_EDGE('',*,*,#1266,.T.);
#1631=ORIENTED_EDGE('',*,*,#1267,.T.);
#1632=ORIENTED_EDGE('',*,*,#1268,.T.);
#1633=ORIENTED_EDGE('',*,*,#1269,.T.);
#1634=ORIENTED_EDGE('',*,*,#1270,.T.);
#1635=ORIENTED_EDGE('',*,*,#1271,.T.);
#1636=ORIENTED_EDGE('',*,*,#1272,.T.);
#1637=ORIENTED_EDGE('',*,*,#1273,.T.);
#1638=ORIENTED_EDGE('',*,*,#1274,.T.);
#1639=ORIENTED_EDGE('',*,*,#1275,.T.);
#1640=ORIENTED_EDGE('',*,*,#1276,.T.);
#1641=ORIENTED_EDGE('',*,*,#1277,.T.);
#1642=ORIENTED_EDGE('',*,*,#1278,.T.);
#1643=ORIENTED_EDGE('',*,*,#1279,.T.);
#1644=ORIENTED_EDGE('',*,*,#1280,.T.);
#1645=ORIENTED_EDGE('',*,*,#1281,.T.);
#1646=ORIENTED_EDGE('',*,*,#1282,.T.);
#1647=ORIENTED_EDGE('',*,*,#1283,.T.);
#1648=ORIENTED_EDGE('',*,*,#1284,.T.);
#1649=ORIENTED_EDGE('',*,*,#1247,.T.);
#1650=ORIENTED_EDGE('',*,*,#1244,.T.);
#1651=ORIENTED_EDGE('',*,*,#1241,.T.);
#1652=ORIENTED_EDGE('',*,*,#1238,.T.);
#1653=ORIENTED_EDGE('',*,*,#1235,.T.);
#1654=ORIENTED_EDGE('',*,*,#1232,.T.);
#1655=ORIENTED_EDGE('',*,*,#1229,.T.);
#1656=ORIENTED_EDGE('',*,*,#1226,.T.);
#1657=ORIENTED_EDGE('',*,*,#1223,.T.);
#1658=ORIENTED_EDGE('',*,*,#1220,.T.);
#1659=ORIENTED_EDGE('',*,*,#1217,.T.);
#1660=ORIENTED_EDGE('',*,*,#1214,.T.);
#1661=ORIENTED_EDGE('',*,*,#1211,.T.);
#1662=ORIENTED_EDGE('',*,*,#1208,.T.);
#1663=ORIENTED_EDGE('',*,*,#1205,.T.);
#1664=ORIENTED_EDGE('',*,*,#1202,.T.);
#1665=ORIENTED_EDGE('',*,*,#1199,.T.);
#1666=ORIENTED_EDGE('',*,*,#1196,.T.);
#1667=ORIENTED_EDGE('',*,*,#1193,.T.);
#1668=ORIENTED_EDGE('',*,*,#1190,.T.);
#1669=ORIENTED_EDGE('',*,*,#1187,.T.);
#1670=ORIENTED_EDGE('',*,*,#1184,.T.);
#1671=ORIENTED_EDGE('',*,*,#1181,.T.);
#1672=ORIENTED_EDGE('',*,*,#1178,.T.);
#1673=ORIENTED_EDGE('',*,*,#1175,.T.);
#1674=ORIENTED_EDGE('',*,*,#1172,.T.);
#1675=ORIENTED_EDGE('',*,*,#1169,.T.);
#1676=ORIENTED_EDGE('',*,*,#1166,.T.);
#1677=ORIENTED_EDGE('',*,*,#1163,.T.);
#1678=ORIENTED_EDGE('',*,*,#1160,.T.);
#1679=ORIENTED_EDGE('',*,*,#1157,.T.);
#1680=ORIENTED_EDGE('',*,*,#1154,.T.);
#1681=ORIENTED_EDGE('',*,*,#1151,.T.);
#1682=ORIENTED_EDGE('',*,*,#1148,.T.);
#1683=ORIENTED_EDGE('',*,*,#1145,.T.);
#1684=ORIENTED_EDGE('',*,*,#1142,.T.);
#1685=ORIENTED_EDGE('',*,*,#1139,.T.);
#1686=ORIENTED_EDGE('',*,*,#1136,.T.);
#1687=ORIENTED_EDGE('',*,*,#1133,.T.);
#1688=ORIENTED_EDGE('',*,*,#1130,.T.);
#1689=ORIENTED_EDGE('',*,*,#1127,.T.);
#1690=ORIENTED_EDGE('',*,*,#1124,.T.);
#1691=ORIENTED_EDGE('',*,*,#1121,.T.);
#1692=ORIENTED_EDGE('',*,*,#1118,.T.);
#1693=ORIENTED_EDGE('',*,*,#1115,.T.);
#1694=ORIENTED_EDGE('',*,*,#1112,.T.);
#1695=ORIENTED_EDGE('',*,*,#1109,.T.);
#1696=ORIENTED_EDGE('',*,*,#1106,.T.);
#1697=ORIENTED_EDGE('',*,*,#1103,.T.);
#1698=ORIENTED_EDGE('',*,*,#1100,.T.);
#1699=ORIENTED_EDGE('',*,*,#1097,.T.);
#1700=ORIENTED_EDGE('',*,*,#1094,.T.);
#1701=ORIENTED_EDGE('',*,*,#1092,.T.);
#1702=ORIENTED_EDGE('',*,*,#1096,.T.);
#1703=ORIENTED_EDGE('',*,*,#1099,.T.);
#1704=ORIENTED_EDGE('',*,*,#1102,.T.);
#1705=ORIENTED_EDGE('',*,*,#1105,.T.);
#1706=ORIENTED_EDGE('',*,*,#1108,.T.);
#1707=ORIENTED_EDGE('',*,*,#1111,.T.);
#1708=ORIENTED_EDGE('',*,*,#1114,.T.);
#1709=ORIENTED_EDGE('',*,*,#1117,.T.);
#1710=ORIENTED_EDGE('',*,*,#1120,.T.);
#1711=ORIENTED_EDGE('',*,*,#1123,.T.);
#1712=ORIENTED_EDGE('',*,*,#1126,.T.);
#1713=ORIENTED_EDGE('',*,*,#1129,.T.);
#1714=ORIENTED_EDGE('',*,*,#1132,.T.);
#1715=ORIENTED_EDGE('',*,*,#1135,.T.);
#1716=ORIENTED_EDGE('',*,*,#1138,.T.);
#1717=ORIENTED_EDGE('',*,*,#1141,.T.);
#1718=ORIENTED_EDGE('',*,*,#1144,.T.);
#1719=ORIENTED_EDGE('',*,*,#1147,.T.);
#1720=ORIENTED_EDGE('',*,*,#1150,.T.);
#1721=ORIENTED_EDGE('',*,*,#1153,.T.);
#1722=ORIENTED_EDGE('',*,*,#1156,.T.);
#1723=ORIENTED_EDGE('',*,*,#1159,.T.);
#1724=ORIENTED_EDGE('',*,*,#1162,.T.);
#1725=ORIENTED_EDGE('',*,*,#1165,.T.);
#1726=ORIENTED_EDGE('',*,*,#1168,.T.);
#1727=ORIENTED_EDGE('',*,*,#1171,.T.);
#1728=ORIENTED_EDGE('',*,*,#1174,.T.);
#1729=ORIENTED_EDGE('',*,*,#1177,.T.);
#1730=ORIENTED_EDGE('',*,*,#1180,.T.);
#1731=ORIENTED_EDGE('',*,*,#1183,.T.);
#1732=ORIENTED_EDGE('',*,*,#1186,.T.);
#1733=ORIENTED_EDGE('',*,*,#1189,.T.);
#1734=ORIENTED_EDGE('',*,*,#1192,.T.);
#1735=ORIENTED_EDGE('',*,*,#1195,.T.);
#1736=ORIENTED_EDGE('',*,*,#1198,.T.);
#1737=ORIENTED_EDGE('',*,*,#1201,.T.);
#1738=ORIENTED_EDGE('',*,*,#1204,.T.);
#1739=ORIENTED_EDGE('',*,*,#1207,.T.);
#1740=ORIENTED_EDGE('',*,*,#1210,.T.);
#1741=ORIENTED_EDGE('',*,*,#1213,.T.);
#1742=ORIENTED_EDGE('',*,*,#1216,.T.);
#1743=ORIENTED_EDGE('',*,*,#1219,.T.);
#1744=ORIENTED_EDGE('',*,*,#1222,.T.);
#1745=ORIENTED_EDGE('',*,*,#1225,.T.);
#1746=ORIENTED_EDGE('',*,*,#1228,.T.);
#1747=ORIENTED_EDGE('',*,*,#1231,.T.);
#1748=ORIENTED_EDGE('',*,*,#1234,.T.);
#1749=ORIENTED_EDGE('',*,*,#1237,.T.);
#1750=ORIENTED_EDGE('',*,*,#1240,.T.);
#1751=ORIENTED_EDGE('',*,*,#1243,.T.);
#1752=ORIENTED_EDGE('',*,*,#1246,.T.);
#1753=ORIENTED_EDGE('',*,*,#1285,.T.);
#1754=ORIENTED_EDGE('',*,*,#1286,.T.);
#1755=ORIENTED_EDGE('',*,*,#1287,.T.);
#1756=ORIENTED_EDGE('',*,*,#1288,.T.);
#1757=ORIENTED_EDGE('',*,*,#1289,.T.);
#1758=ORIENTED_EDGE('',*,*,#1290,.T.);
#1759=ORIENTED_EDGE('',*,*,#1291,.T.);
#1760=ORIENTED_EDGE('',*,*,#1292,.F.);
#1761=ORIENTED_EDGE('',*,*,#1293,.T.);
#1762=ORIENTED_EDGE('',*,*,#1291,.F.);
#1763=ORIENTED_EDGE('',*,*,#1293,.F.);
#1764=ORIENTED_EDGE('',*,*,#1292,.T.);
#1765=ORIENTED_EDGE('',*,*,#1294,.F.);
#1766=ORIENTED_EDGE('',*,*,#1295,.T.);
#1767=ORIENTED_EDGE('',*,*,#1290,.F.);
#1768=ORIENTED_EDGE('',*,*,#1295,.F.);
#1769=ORIENTED_EDGE('',*,*,#1294,.T.);
#1770=ORIENTED_EDGE('',*,*,#1296,.F.);
#1771=ORIENTED_EDGE('',*,*,#1297,.T.);
#1772=ORIENTED_EDGE('',*,*,#1289,.F.);
#1773=ORIENTED_EDGE('',*,*,#1297,.F.);
#1774=ORIENTED_EDGE('',*,*,#1296,.T.);
#1775=ORIENTED_EDGE('',*,*,#1298,.F.);
#1776=ORIENTED_EDGE('',*,*,#1299,.T.);
#1777=ORIENTED_EDGE('',*,*,#1300,.F.);
#1778=ORIENTED_EDGE('',*,*,#1299,.F.);
#1779=ORIENTED_EDGE('',*,*,#1301,.F.);
#1780=ORIENTED_EDGE('',*,*,#1298,.T.);
#1781=ORIENTED_EDGE('',*,*,#1302,.F.);
#1782=ORIENTED_EDGE('',*,*,#1303,.T.);
#1783=ORIENTED_EDGE('',*,*,#1304,.F.);
#1784=ORIENTED_EDGE('',*,*,#1303,.F.);
#1785=ORIENTED_EDGE('',*,*,#1305,.F.);
#1786=ORIENTED_EDGE('',*,*,#1302,.T.);
#1787=ORIENTED_EDGE('',*,*,#1306,.F.);
#1788=ORIENTED_EDGE('',*,*,#1307,.T.);
#1789=ORIENTED_EDGE('',*,*,#1308,.F.);
#1790=ORIENTED_EDGE('',*,*,#1307,.F.);
#1791=ORIENTED_EDGE('',*,*,#1309,.F.);
#1792=ORIENTED_EDGE('',*,*,#1306,.T.);
#1793=ORIENTED_EDGE('',*,*,#1310,.F.);
#1794=ORIENTED_EDGE('',*,*,#1311,.T.);
#1795=ORIENTED_EDGE('',*,*,#1312,.F.);
#1796=ORIENTED_EDGE('',*,*,#1311,.F.);
#1797=ORIENTED_EDGE('',*,*,#1313,.F.);
#1798=ORIENTED_EDGE('',*,*,#1310,.T.);
#1799=ORIENTED_EDGE('',*,*,#1314,.T.);
#1800=ORIENTED_EDGE('',*,*,#1315,.T.);
#1801=ORIENTED_EDGE('',*,*,#1316,.T.);
#1802=ORIENTED_EDGE('',*,*,#1317,.T.);
#1803=ORIENTED_EDGE('',*,*,#1318,.T.);
#1804=ORIENTED_EDGE('',*,*,#1319,.T.);
#1805=ORIENTED_EDGE('',*,*,#1320,.T.);
#1806=ORIENTED_EDGE('',*,*,#1321,.T.);
#1807=ORIENTED_EDGE('',*,*,#1315,.F.);
#1808=ORIENTED_EDGE('',*,*,#1322,.T.);
#1809=ORIENTED_EDGE('',*,*,#1301,.T.);
#1810=ORIENTED_EDGE('',*,*,#1322,.F.);
#1811=ORIENTED_EDGE('',*,*,#1314,.F.);
#1812=ORIENTED_EDGE('',*,*,#1323,.T.);
#1813=ORIENTED_EDGE('',*,*,#1285,.F.);
#1814=ORIENTED_EDGE('',*,*,#1323,.F.);
#1815=ORIENTED_EDGE('',*,*,#1319,.F.);
#1816=ORIENTED_EDGE('',*,*,#1324,.T.);
#1817=ORIENTED_EDGE('',*,*,#1305,.T.);
#1818=ORIENTED_EDGE('',*,*,#1324,.F.);
#1819=ORIENTED_EDGE('',*,*,#1318,.F.);
#1820=ORIENTED_EDGE('',*,*,#1325,.T.);
#1821=ORIENTED_EDGE('',*,*,#1288,.F.);
#1822=ORIENTED_EDGE('',*,*,#1325,.F.);
#1823=ORIENTED_EDGE('',*,*,#1300,.T.);
#1824=ORIENTED_EDGE('',*,*,#1317,.F.);
#1825=ORIENTED_EDGE('',*,*,#1326,.T.);
#1826=ORIENTED_EDGE('',*,*,#1309,.T.);
#1827=ORIENTED_EDGE('',*,*,#1326,.F.);
#1828=ORIENTED_EDGE('',*,*,#1316,.F.);
#1829=ORIENTED_EDGE('',*,*,#1327,.T.);
#1830=ORIENTED_EDGE('',*,*,#1286,.F.);
#1831=ORIENTED_EDGE('',*,*,#1327,.F.);
#1832=ORIENTED_EDGE('',*,*,#1304,.T.);
#1833=ORIENTED_EDGE('',*,*,#1321,.F.);
#1834=ORIENTED_EDGE('',*,*,#1328,.T.);
#1835=ORIENTED_EDGE('',*,*,#1313,.T.);
#1836=ORIENTED_EDGE('',*,*,#1328,.F.);
#1837=ORIENTED_EDGE('',*,*,#1320,.F.);
#1838=ORIENTED_EDGE('',*,*,#1329,.T.);
#1839=ORIENTED_EDGE('',*,*,#1287,.F.);
#1840=ORIENTED_EDGE('',*,*,#1329,.F.);
#1841=ORIENTED_EDGE('',*,*,#1308,.T.);
#1842=ORIENTED_EDGE('',*,*,#1330,.F.);
#1843=ORIENTED_EDGE('',*,*,#1331,.F.);
#1844=ORIENTED_EDGE('',*,*,#1332,.T.);
#1845=ORIENTED_EDGE('',*,*,#1249,.F.);
#1846=ORIENTED_EDGE('',*,*,#1332,.F.);
#1847=ORIENTED_EDGE('',*,*,#1333,.F.);
#1848=ORIENTED_EDGE('',*,*,#1334,.T.);
#1849=ORIENTED_EDGE('',*,*,#1250,.F.);
#1850=ORIENTED_EDGE('',*,*,#1334,.F.);
#1851=ORIENTED_EDGE('',*,*,#1335,.F.);
#1852=ORIENTED_EDGE('',*,*,#1336,.T.);
#1853=ORIENTED_EDGE('',*,*,#1251,.F.);
#1854=ORIENTED_EDGE('',*,*,#1336,.F.);
#1855=ORIENTED_EDGE('',*,*,#1337,.F.);
#1856=ORIENTED_EDGE('',*,*,#1338,.T.);
#1857=ORIENTED_EDGE('',*,*,#1252,.F.);
#1858=ORIENTED_EDGE('',*,*,#1338,.F.);
#1859=ORIENTED_EDGE('',*,*,#1339,.F.);
#1860=ORIENTED_EDGE('',*,*,#1340,.T.);
#1861=ORIENTED_EDGE('',*,*,#1253,.F.);
#1862=ORIENTED_EDGE('',*,*,#1340,.F.);
#1863=ORIENTED_EDGE('',*,*,#1341,.F.);
#1864=ORIENTED_EDGE('',*,*,#1342,.T.);
#1865=ORIENTED_EDGE('',*,*,#1254,.F.);
#1866=ORIENTED_EDGE('',*,*,#1342,.F.);
#1867=ORIENTED_EDGE('',*,*,#1343,.F.);
#1868=ORIENTED_EDGE('',*,*,#1344,.T.);
#1869=ORIENTED_EDGE('',*,*,#1255,.F.);
#1870=ORIENTED_EDGE('',*,*,#1344,.F.);
#1871=ORIENTED_EDGE('',*,*,#1345,.F.);
#1872=ORIENTED_EDGE('',*,*,#1346,.T.);
#1873=ORIENTED_EDGE('',*,*,#1256,.F.);
#1874=ORIENTED_EDGE('',*,*,#1346,.F.);
#1875=ORIENTED_EDGE('',*,*,#1347,.F.);
#1876=ORIENTED_EDGE('',*,*,#1348,.T.);
#1877=ORIENTED_EDGE('',*,*,#1257,.F.);
#1878=ORIENTED_EDGE('',*,*,#1348,.F.);
#1879=ORIENTED_EDGE('',*,*,#1349,.F.);
#1880=ORIENTED_EDGE('',*,*,#1350,.T.);
#1881=ORIENTED_EDGE('',*,*,#1258,.F.);
#1882=ORIENTED_EDGE('',*,*,#1350,.F.);
#1883=ORIENTED_EDGE('',*,*,#1351,.F.);
#1884=ORIENTED_EDGE('',*,*,#1352,.T.);
#1885=ORIENTED_EDGE('',*,*,#1259,.F.);
#1886=ORIENTED_EDGE('',*,*,#1352,.F.);
#1887=ORIENTED_EDGE('',*,*,#1353,.F.);
#1888=ORIENTED_EDGE('',*,*,#1354,.T.);
#1889=ORIENTED_EDGE('',*,*,#1260,.F.);
#1890=ORIENTED_EDGE('',*,*,#1354,.F.);
#1891=ORIENTED_EDGE('',*,*,#1355,.F.);
#1892=ORIENTED_EDGE('',*,*,#1356,.T.);
#1893=ORIENTED_EDGE('',*,*,#1261,.F.);
#1894=ORIENTED_EDGE('',*,*,#1356,.F.);
#1895=ORIENTED_EDGE('',*,*,#1357,.F.);
#1896=ORIENTED_EDGE('',*,*,#1358,.T.);
#1897=ORIENTED_EDGE('',*,*,#1262,.F.);
#1898=ORIENTED_EDGE('',*,*,#1358,.F.);
#1899=ORIENTED_EDGE('',*,*,#1359,.F.);
#1900=ORIENTED_EDGE('',*,*,#1360,.T.);
#1901=ORIENTED_EDGE('',*,*,#1263,.F.);
#1902=ORIENTED_EDGE('',*,*,#1360,.F.);
#1903=ORIENTED_EDGE('',*,*,#1361,.F.);
#1904=ORIENTED_EDGE('',*,*,#1362,.T.);
#1905=ORIENTED_EDGE('',*,*,#1264,.F.);
#1906=ORIENTED_EDGE('',*,*,#1362,.F.);
#1907=ORIENTED_EDGE('',*,*,#1363,.F.);
#1908=ORIENTED_EDGE('',*,*,#1364,.T.);
#1909=ORIENTED_EDGE('',*,*,#1265,.F.);
#1910=ORIENTED_EDGE('',*,*,#1364,.F.);
#1911=ORIENTED_EDGE('',*,*,#1365,.F.);
#1912=ORIENTED_EDGE('',*,*,#1366,.T.);
#1913=ORIENTED_EDGE('',*,*,#1266,.F.);
#1914=ORIENTED_EDGE('',*,*,#1366,.F.);
#1915=ORIENTED_EDGE('',*,*,#1367,.F.);
#1916=ORIENTED_EDGE('',*,*,#1368,.T.);
#1917=ORIENTED_EDGE('',*,*,#1267,.F.);
#1918=ORIENTED_EDGE('',*,*,#1368,.F.);
#1919=ORIENTED_EDGE('',*,*,#1369,.F.);
#1920=ORIENTED_EDGE('',*,*,#1370,.T.);
#1921=ORIENTED_EDGE('',*,*,#1268,.F.);
#1922=ORIENTED_EDGE('',*,*,#1370,.F.);
#1923=ORIENTED_EDGE('',*,*,#1371,.F.);
#1924=ORIENTED_EDGE('',*,*,#1372,.T.);
#1925=ORIENTED_EDGE('',*,*,#1269,.F.);
#1926=ORIENTED_EDGE('',*,*,#1372,.F.);
#1927=ORIENTED_EDGE('',*,*,#1373,.F.);
#1928=ORIENTED_EDGE('',*,*,#1374,.T.);
#1929=ORIENTED_EDGE('',*,*,#1270,.F.);
#1930=ORIENTED_EDGE('',*,*,#1374,.F.);
#1931=ORIENTED_EDGE('',*,*,#1375,.F.);
#1932=ORIENTED_EDGE('',*,*,#1376,.T.);
#1933=ORIENTED_EDGE('',*,*,#1271,.F.);
#1934=ORIENTED_EDGE('',*,*,#1376,.F.);
#1935=ORIENTED_EDGE('',*,*,#1377,.F.);
#1936=ORIENTED_EDGE('',*,*,#1378,.T.);
#1937=ORIENTED_EDGE('',*,*,#1272,.F.);
#1938=ORIENTED_EDGE('',*,*,#1378,.F.);
#1939=ORIENTED_EDGE('',*,*,#1379,.F.);
#1940=ORIENTED_EDGE('',*,*,#1380,.T.);
#1941=ORIENTED_EDGE('',*,*,#1273,.F.);
#1942=ORIENTED_EDGE('',*,*,#1380,.F.);
#1943=ORIENTED_EDGE('',*,*,#1381,.F.);
#1944=ORIENTED_EDGE('',*,*,#1382,.T.);
#1945=ORIENTED_EDGE('',*,*,#1274,.F.);
#1946=ORIENTED_EDGE('',*,*,#1382,.F.);
#1947=ORIENTED_EDGE('',*,*,#1383,.F.);
#1948=ORIENTED_EDGE('',*,*,#1384,.T.);
#1949=ORIENTED_EDGE('',*,*,#1275,.F.);
#1950=ORIENTED_EDGE('',*,*,#1384,.F.);
#1951=ORIENTED_EDGE('',*,*,#1385,.F.);
#1952=ORIENTED_EDGE('',*,*,#1386,.T.);
#1953=ORIENTED_EDGE('',*,*,#1276,.F.);
#1954=ORIENTED_EDGE('',*,*,#1386,.F.);
#1955=ORIENTED_EDGE('',*,*,#1387,.F.);
#1956=ORIENTED_EDGE('',*,*,#1388,.T.);
#1957=ORIENTED_EDGE('',*,*,#1277,.F.);
#1958=ORIENTED_EDGE('',*,*,#1388,.F.);
#1959=ORIENTED_EDGE('',*,*,#1389,.F.);
#1960=ORIENTED_EDGE('',*,*,#1390,.T.);
#1961=ORIENTED_EDGE('',*,*,#1278,.F.);
#1962=ORIENTED_EDGE('',*,*,#1390,.F.);
#1963=ORIENTED_EDGE('',*,*,#1391,.F.);
#1964=ORIENTED_EDGE('',*,*,#1392,.T.);
#1965=ORIENTED_EDGE('',*,*,#1279,.F.);
#1966=ORIENTED_EDGE('',*,*,#1392,.F.);
#1967=ORIENTED_EDGE('',*,*,#1393,.F.);
#1968=ORIENTED_EDGE('',*,*,#1394,.T.);
#1969=ORIENTED_EDGE('',*,*,#1280,.F.);
#1970=ORIENTED_EDGE('',*,*,#1394,.F.);
#1971=ORIENTED_EDGE('',*,*,#1395,.F.);
#1972=ORIENTED_EDGE('',*,*,#1396,.T.);
#1973=ORIENTED_EDGE('',*,*,#1281,.F.);
#1974=ORIENTED_EDGE('',*,*,#1396,.F.);
#1975=ORIENTED_EDGE('',*,*,#1397,.F.);
#1976=ORIENTED_EDGE('',*,*,#1398,.T.);
#1977=ORIENTED_EDGE('',*,*,#1282,.F.);
#1978=ORIENTED_EDGE('',*,*,#1398,.F.);
#1979=ORIENTED_EDGE('',*,*,#1399,.F.);
#1980=ORIENTED_EDGE('',*,*,#1400,.T.);
#1981=ORIENTED_EDGE('',*,*,#1283,.F.);
#1982=ORIENTED_EDGE('',*,*,#1400,.F.);
#1983=ORIENTED_EDGE('',*,*,#1401,.F.);
#1984=ORIENTED_EDGE('',*,*,#1402,.F.);
#1985=ORIENTED_EDGE('',*,*,#1284,.F.);
#1986=ORIENTED_EDGE('',*,*,#1402,.T.);
#1987=ORIENTED_EDGE('',*,*,#1403,.F.);
#1988=ORIENTED_EDGE('',*,*,#1330,.T.);
#1989=ORIENTED_EDGE('',*,*,#1248,.F.);
#1990=ORIENTED_EDGE('',*,*,#1312,.T.);
#1991=ORIENTED_EDGE('',*,*,#1403,.T.);
#1992=ORIENTED_EDGE('',*,*,#1401,.T.);
#1993=ORIENTED_EDGE('',*,*,#1399,.T.);
#1994=ORIENTED_EDGE('',*,*,#1397,.T.);
#1995=ORIENTED_EDGE('',*,*,#1395,.T.);
#1996=ORIENTED_EDGE('',*,*,#1393,.T.);
#1997=ORIENTED_EDGE('',*,*,#1391,.T.);
#1998=ORIENTED_EDGE('',*,*,#1389,.T.);
#1999=ORIENTED_EDGE('',*,*,#1387,.T.);
#2000=ORIENTED_EDGE('',*,*,#1385,.T.);
#2001=ORIENTED_EDGE('',*,*,#1383,.T.);
#2002=ORIENTED_EDGE('',*,*,#1381,.T.);
#2003=ORIENTED_EDGE('',*,*,#1379,.T.);
#2004=ORIENTED_EDGE('',*,*,#1377,.T.);
#2005=ORIENTED_EDGE('',*,*,#1375,.T.);
#2006=ORIENTED_EDGE('',*,*,#1373,.T.);
#2007=ORIENTED_EDGE('',*,*,#1371,.T.);
#2008=ORIENTED_EDGE('',*,*,#1369,.T.);
#2009=ORIENTED_EDGE('',*,*,#1367,.T.);
#2010=ORIENTED_EDGE('',*,*,#1365,.T.);
#2011=ORIENTED_EDGE('',*,*,#1363,.T.);
#2012=ORIENTED_EDGE('',*,*,#1361,.T.);
#2013=ORIENTED_EDGE('',*,*,#1359,.T.);
#2014=ORIENTED_EDGE('',*,*,#1357,.T.);
#2015=ORIENTED_EDGE('',*,*,#1355,.T.);
#2016=ORIENTED_EDGE('',*,*,#1353,.T.);
#2017=ORIENTED_EDGE('',*,*,#1351,.T.);
#2018=ORIENTED_EDGE('',*,*,#1349,.T.);
#2019=ORIENTED_EDGE('',*,*,#1347,.T.);
#2020=ORIENTED_EDGE('',*,*,#1345,.T.);
#2021=ORIENTED_EDGE('',*,*,#1343,.T.);
#2022=ORIENTED_EDGE('',*,*,#1341,.T.);
#2023=ORIENTED_EDGE('',*,*,#1339,.T.);
#2024=ORIENTED_EDGE('',*,*,#1337,.T.);
#2025=ORIENTED_EDGE('',*,*,#1335,.T.);
#2026=ORIENTED_EDGE('',*,*,#1333,.T.);
#2027=ORIENTED_EDGE('',*,*,#1331,.T.);
#2028=CYLINDRICAL_SURFACE('',#2215,1.3301399263385);
#2029=CYLINDRICAL_SURFACE('',#2219,0.464327966539049);
#2030=CYLINDRICAL_SURFACE('',#2223,1.50926859462648);
#2031=CYLINDRICAL_SURFACE('',#2227,1.30511685053192);
#2032=CYLINDRICAL_SURFACE('',#2231,1.10724592866417);
#2033=CYLINDRICAL_SURFACE('',#2236,2.84026290762986);
#2034=CYLINDRICAL_SURFACE('',#2240,0.344443103608393);
#2035=CYLINDRICAL_SURFACE('',#2244,1.04922802049825);
#2036=CYLINDRICAL_SURFACE('',#2248,1.63304698547584);
#2037=CYLINDRICAL_SURFACE('',#2252,2.55451836580006);
#2038=CYLINDRICAL_SURFACE('',#2256,2.14521137152131);
#2039=CYLINDRICAL_SURFACE('',#2265,2.00129963892006);
#2040=CYLINDRICAL_SURFACE('',#2269,0.901510879704616);
#2041=CYLINDRICAL_SURFACE('',#2273,1.50229726991125);
#2042=CYLINDRICAL_SURFACE('',#2277,2.02793954404134);
#2043=CYLINDRICAL_SURFACE('',#2281,3.51700038374514);
#2044=CYLINDRICAL_SURFACE('',#2285,2.54837474531317);
#2045=CYLINDRICAL_SURFACE('',#2289,0.496731246974955);
#2046=CYLINDRICAL_SURFACE('',#2293,2.28327057410343);
#2047=CYLINDRICAL_SURFACE('',#2297,0.72204487136806);
#2048=CYLINDRICAL_SURFACE('',#2301,2.99104988026327);
#2049=CYLINDRICAL_SURFACE('',#2305,2.88351954181349);
#2050=CYLINDRICAL_SURFACE('',#2309,1.52055717821672);
#2051=CYLINDRICAL_SURFACE('',#2335,2.5);
#2052=CYLINDRICAL_SURFACE('',#2338,2.5);
#2053=CYLINDRICAL_SURFACE('',#2341,2.5);
#2054=CYLINDRICAL_SURFACE('',#2344,1.04999999999999);
#2055=CYLINDRICAL_SURFACE('',#2349,1.05);
#2056=CYLINDRICAL_SURFACE('',#2354,1.05);
#2057=CYLINDRICAL_SURFACE('',#2359,1.05);
#2058=CYLINDRICAL_SURFACE('',#2376,1.45);
#2059=CYLINDRICAL_SURFACE('',#2377,2.25);
#2060=CYLINDRICAL_SURFACE('',#2378,1.45);
#2061=CYLINDRICAL_SURFACE('',#2379,2.25);
#2062=CYLINDRICAL_SURFACE('',#2381,1.45);
#2063=CYLINDRICAL_SURFACE('',#2382,2.25);
#2064=CYLINDRICAL_SURFACE('',#2384,1.45);
#2065=CYLINDRICAL_SURFACE('',#2385,2.25);
#2066=CYLINDRICAL_SURFACE('',#2389,6.84026290762986);
#2067=CYLINDRICAL_SURFACE('',#2395,6.55451836580005);
#2068=CYLINDRICAL_SURFACE('',#2398,6.14521137152132);
#2069=CYLINDRICAL_SURFACE('',#2406,6.00129963892006);
#2070=CYLINDRICAL_SURFACE('',#2410,6.02793954404134);
#2071=CYLINDRICAL_SURFACE('',#2413,7.51700038374516);
#2072=CYLINDRICAL_SURFACE('',#2416,6.54837474531317);
#2073=CYLINDRICAL_SURFACE('',#2419,6.28327057410341);
#2074=CYLINDRICAL_SURFACE('',#2422,6.99104988026327);
#2075=CYLINDRICAL_SURFACE('',#2425,6.8835195418135);
#2076=CYLINDRICAL_SURFACE('',#2428,5.33013992633851);
#2077=CYLINDRICAL_SURFACE('',#2431,5.50926859462647);
#2078=CYLINDRICAL_SURFACE('',#2435,5.10724592866417);
#2079=ADVANCED_FACE('',(#102),#2028,.F.);
#2080=ADVANCED_FACE('',(#103),#31,.T.);
#2081=ADVANCED_FACE('',(#104),#2029,.T.);
#2082=ADVANCED_FACE('',(#105),#32,.T.);
#2083=ADVANCED_FACE('',(#106),#2030,.F.);
#2084=ADVANCED_FACE('',(#107),#33,.T.);
#2085=ADVANCED_FACE('',(#108),#2031,.T.);
#2086=ADVANCED_FACE('',(#109),#34,.T.);
#2087=ADVANCED_FACE('',(#110),#2032,.F.);
#2088=ADVANCED_FACE('',(#111),#35,.T.);
#2089=ADVANCED_FACE('',(#112),#36,.T.);
#2090=ADVANCED_FACE('',(#113),#2033,.F.);
#2091=ADVANCED_FACE('',(#114),#37,.T.);
#2092=ADVANCED_FACE('',(#115),#2034,.T.);
#2093=ADVANCED_FACE('',(#116),#38,.T.);
#2094=ADVANCED_FACE('',(#117),#2035,.T.);
#2095=ADVANCED_FACE('',(#118),#39,.T.);
#2096=ADVANCED_FACE('',(#119),#2036,.T.);
#2097=ADVANCED_FACE('',(#120),#40,.T.);
#2098=ADVANCED_FACE('',(#121),#2037,.F.);
#2099=ADVANCED_FACE('',(#122),#41,.T.);
#2100=ADVANCED_FACE('',(#123),#2038,.F.);
#2101=ADVANCED_FACE('',(#124),#42,.T.);
#2102=ADVANCED_FACE('',(#125),#43,.T.);
#2103=ADVANCED_FACE('',(#126),#44,.T.);
#2104=ADVANCED_FACE('',(#127),#45,.T.);
#2105=ADVANCED_FACE('',(#128),#46,.T.);
#2106=ADVANCED_FACE('',(#129),#47,.T.);
#2107=ADVANCED_FACE('',(#130),#2039,.F.);
#2108=ADVANCED_FACE('',(#131),#48,.T.);
#2109=ADVANCED_FACE('',(#132),#2040,.T.);
#2110=ADVANCED_FACE('',(#133),#49,.T.);
#2111=ADVANCED_FACE('',(#134),#2041,.T.);
#2112=ADVANCED_FACE('',(#135),#50,.T.);
#2113=ADVANCED_FACE('',(#136),#2042,.F.);
#2114=ADVANCED_FACE('',(#137),#51,.T.);
#2115=ADVANCED_FACE('',(#138),#2043,.F.);
#2116=ADVANCED_FACE('',(#139),#52,.T.);
#2117=ADVANCED_FACE('',(#140),#2044,.F.);
#2118=ADVANCED_FACE('',(#141),#53,.T.);
#2119=ADVANCED_FACE('',(#142),#2045,.T.);
#2120=ADVANCED_FACE('',(#143),#54,.T.);
#2121=ADVANCED_FACE('',(#144),#2046,.F.);
#2122=ADVANCED_FACE('',(#145),#55,.T.);
#2123=ADVANCED_FACE('',(#146),#2047,.T.);
#2124=ADVANCED_FACE('',(#147),#56,.T.);
#2125=ADVANCED_FACE('',(#148),#2048,.F.);
#2126=ADVANCED_FACE('',(#149),#57,.T.);
#2127=ADVANCED_FACE('',(#150),#2049,.F.);
#2128=ADVANCED_FACE('',(#151),#58,.T.);
#2129=ADVANCED_FACE('',(#152),#2050,.T.);
#2130=ADVANCED_FACE('',(#153),#59,.T.);
#2131=ADVANCED_FACE('',(#154,#15),#60,.T.);
#2132=ADVANCED_FACE('',(#155,#16,#17,#18,#19,#20,#21,#22),#61,.T.);
#2133=ADVANCED_FACE('',(#156),#2051,.T.);
#2134=ADVANCED_FACE('',(#157),#62,.T.);
#2135=ADVANCED_FACE('',(#158),#2052,.T.);
#2136=ADVANCED_FACE('',(#159),#63,.T.);
#2137=ADVANCED_FACE('',(#160),#2053,.T.);
#2138=ADVANCED_FACE('',(#161),#64,.T.);
#2139=ADVANCED_FACE('',(#162),#2054,.F.);
#2140=ADVANCED_FACE('',(#163,#23),#65,.T.);
#2141=ADVANCED_FACE('',(#164),#2055,.F.);
#2142=ADVANCED_FACE('',(#165,#24),#66,.T.);
#2143=ADVANCED_FACE('',(#166),#2056,.F.);
#2144=ADVANCED_FACE('',(#167,#25),#67,.T.);
#2145=ADVANCED_FACE('',(#168),#2057,.F.);
#2146=ADVANCED_FACE('',(#169,#26),#68,.T.);
#2147=ADVANCED_FACE('',(#170,#27),#69,.T.);
#2148=ADVANCED_FACE('',(#171,#28),#70,.T.);
#2149=ADVANCED_FACE('',(#172,#29),#71,.T.);
#2150=ADVANCED_FACE('',(#173,#30),#72,.T.);
#2151=ADVANCED_FACE('',(#174),#2058,.F.);
#2152=ADVANCED_FACE('',(#175),#2059,.T.);
#2153=ADVANCED_FACE('',(#176),#2060,.F.);
#2154=ADVANCED_FACE('',(#177),#2061,.T.);
#2155=ADVANCED_FACE('',(#178),#73,.T.);
#2156=ADVANCED_FACE('',(#179),#2062,.F.);
#2157=ADVANCED_FACE('',(#180),#2063,.T.);
#2158=ADVANCED_FACE('',(#181),#74,.T.);
#2159=ADVANCED_FACE('',(#182),#2064,.F.);
#2160=ADVANCED_FACE('',(#183),#2065,.T.);
#2161=ADVANCED_FACE('',(#184),#75,.T.);
#2162=ADVANCED_FACE('',(#185),#76,.T.);
#2163=ADVANCED_FACE('',(#186),#77,.T.);
#2164=ADVANCED_FACE('',(#187),#2066,.T.);
#2165=ADVANCED_FACE('',(#188),#78,.T.);
#2166=ADVANCED_FACE('',(#189),#79,.T.);
#2167=ADVANCED_FACE('',(#190),#80,.T.);
#2168=ADVANCED_FACE('',(#191),#81,.T.);
#2169=ADVANCED_FACE('',(#192),#2067,.T.);
#2170=ADVANCED_FACE('',(#193),#82,.T.);
#2171=ADVANCED_FACE('',(#194),#2068,.T.);
#2172=ADVANCED_FACE('',(#195),#83,.T.);
#2173=ADVANCED_FACE('',(#196),#84,.T.);
#2174=ADVANCED_FACE('',(#197),#85,.T.);
#2175=ADVANCED_FACE('',(#198),#86,.T.);
#2176=ADVANCED_FACE('',(#199),#87,.T.);
#2177=ADVANCED_FACE('',(#200),#88,.T.);
#2178=ADVANCED_FACE('',(#201),#2069,.T.);
#2179=ADVANCED_FACE('',(#202),#89,.T.);
#2180=ADVANCED_FACE('',(#203),#90,.T.);
#2181=ADVANCED_FACE('',(#204),#2070,.T.);
#2182=ADVANCED_FACE('',(#205),#91,.T.);
#2183=ADVANCED_FACE('',(#206),#2071,.T.);
#2184=ADVANCED_FACE('',(#207),#92,.T.);
#2185=ADVANCED_FACE('',(#208),#2072,.T.);
#2186=ADVANCED_FACE('',(#209),#93,.T.);
#2187=ADVANCED_FACE('',(#210),#2073,.T.);
#2188=ADVANCED_FACE('',(#211),#94,.T.);
#2189=ADVANCED_FACE('',(#212),#2074,.T.);
#2190=ADVANCED_FACE('',(#213),#95,.T.);
#2191=ADVANCED_FACE('',(#214),#2075,.T.);
#2192=ADVANCED_FACE('',(#215),#96,.T.);
#2193=ADVANCED_FACE('',(#216),#2076,.T.);
#2194=ADVANCED_FACE('',(#217),#97,.T.);
#2195=ADVANCED_FACE('',(#218),#2077,.T.);
#2196=ADVANCED_FACE('',(#219),#98,.T.);
#2197=ADVANCED_FACE('',(#220),#99,.T.);
#2198=ADVANCED_FACE('',(#221),#2078,.T.);
#2199=ADVANCED_FACE('',(#222),#100,.T.);
#2200=ADVANCED_FACE('',(#223),#101,.F.);
#2201=CLOSED_SHELL('',(#2079,#2080,#2081,#2082,#2083,#2084,#2085,#2086,
#2087,#2088,#2089,#2090,#2091,#2092,#2093,#2094,#2095,#2096,#2097,#2098,
#2099,#2100,#2101,#2102,#2103,#2104,#2105,#2106,#2107,#2108,#2109,#2110,
#2111,#2112,#2113,#2114,#2115,#2116,#2117,#2118,#2119,#2120,#2121,#2122,
#2123,#2124,#2125,#2126,#2127,#2128,#2129,#2130,#2131,#2132,#2133,#2134,
#2135,#2136,#2137,#2138,#2139,#2140,#2141,#2142,#2143,#2144,#2145,#2146,
#2147,#2148,#2149,#2150,#2151,#2152,#2153,#2154,#2155,#2156,#2157,#2158,
#2159,#2160,#2161,#2162,#2163,#2164,#2165,#2166,#2167,#2168,#2169,#2170,
#2171,#2172,#2173,#2174,#2175,#2176,#2177,#2178,#2179,#2180,#2181,#2182,
#2183,#2184,#2185,#2186,#2187,#2188,#2189,#2190,#2191,#2192,#2193,#2194,
#2195,#2196,#2197,#2198,#2199,#2200));
#2202=DERIVED_UNIT_ELEMENT(#2204,1.);
#2203=DERIVED_UNIT_ELEMENT(#3747,-3.);
#2204=(
MASS_UNIT()
NAMED_UNIT(*)
SI_UNIT(.KILO.,.GRAM.)
);
#2205=DERIVED_UNIT((#2202,#2203));
#2206=MEASURE_REPRESENTATION_ITEM('density measure',
POSITIVE_RATIO_MEASURE(7850.),#2205);
#2207=PROPERTY_DEFINITION_REPRESENTATION(#2212,#2209);
#2208=PROPERTY_DEFINITION_REPRESENTATION(#2213,#2210);
#2209=REPRESENTATION('material name',(#2211),#3744);
#2210=REPRESENTATION('density',(#2206),#3744);
#2211=DESCRIPTIVE_REPRESENTATION_ITEM('Steel','Steel');
#2212=PROPERTY_DEFINITION('material property','material name',#3754);
#2213=PROPERTY_DEFINITION('material property','density of part',#3754);
#2214=AXIS2_PLACEMENT_3D('',#3099,#2439,#2440);
#2215=AXIS2_PLACEMENT_3D('',#3100,#2441,#2442);
#2216=AXIS2_PLACEMENT_3D('',#3103,#2443,#2444);
#2217=AXIS2_PLACEMENT_3D('',#3107,#2446,#2447);
#2218=AXIS2_PLACEMENT_3D('',#3109,#2449,#2450);
#2219=AXIS2_PLACEMENT_3D('',#3115,#2454,#2455);
#2220=AXIS2_PLACEMENT_3D('',#3117,#2456,#2457);
#2221=AXIS2_PLACEMENT_3D('',#3119,#2458,#2459);
#2222=AXIS2_PLACEMENT_3D('',#3121,#2461,#2462);
#2223=AXIS2_PLACEMENT_3D('',#3127,#2466,#2467);
#2224=AXIS2_PLACEMENT_3D('',#3129,#2468,#2469);
#2225=AXIS2_PLACEMENT_3D('',#3131,#2470,#2471);
#2226=AXIS2_PLACEMENT_3D('',#3133,#2473,#2474);
#2227=AXIS2_PLACEMENT_3D('',#3139,#2478,#2479);
#2228=AXIS2_PLACEMENT_3D('',#3141,#2480,#2481);
#2229=AXIS2_PLACEMENT_3D('',#3143,#2482,#2483);
#2230=AXIS2_PLACEMENT_3D('',#3145,#2485,#2486);
#2231=AXIS2_PLACEMENT_3D('',#3151,#2490,#2491);
#2232=AXIS2_PLACEMENT_3D('',#3153,#2492,#2493);
#2233=AXIS2_PLACEMENT_3D('',#3155,#2494,#2495);
#2234=AXIS2_PLACEMENT_3D('',#3157,#2497,#2498);
#2235=AXIS2_PLACEMENT_3D('',#3163,#2502,#2503);
#2236=AXIS2_PLACEMENT_3D('',#3169,#2507,#2508);
#2237=AXIS2_PLACEMENT_3D('',#3171,#2509,#2510);
#2238=AXIS2_PLACEMENT_3D('',#3173,#2511,#2512);
#2239=AXIS2_PLACEMENT_3D('',#3175,#2514,#2515);
#2240=AXIS2_PLACEMENT_3D('',#3181,#2519,#2520);
#2241=AXIS2_PLACEMENT_3D('',#3183,#2521,#2522);
#2242=AXIS2_PLACEMENT_3D('',#3185,#2523,#2524);
#2243=AXIS2_PLACEMENT_3D('',#3187,#2526,#2527);
#2244=AXIS2_PLACEMENT_3D('',#3193,#2531,#2532);
#2245=AXIS2_PLACEMENT_3D('',#3195,#2533,#2534);
#2246=AXIS2_PLACEMENT_3D('',#3197,#2535,#2536);
#2247=AXIS2_PLACEMENT_3D('',#3199,#2538,#2539);
#2248=AXIS2_PLACEMENT_3D('',#3205,#2543,#2544);
#2249=AXIS2_PLACEMENT_3D('',#3207,#2545,#2546);
#2250=AXIS2_PLACEMENT_3D('',#3209,#2547,#2548);
#2251=AXIS2_PLACEMENT_3D('',#3211,#2550,#2551);
#2252=AXIS2_PLACEMENT_3D('',#3217,#2555,#2556);
#2253=AXIS2_PLACEMENT_3D('',#3219,#2557,#2558);
#2254=AXIS2_PLACEMENT_3D('',#3221,#2559,#2560);
#2255=AXIS2_PLACEMENT_3D('',#3223,#2562,#2563);
#2256=AXIS2_PLACEMENT_3D('',#3229,#2567,#2568);
#2257=AXIS2_PLACEMENT_3D('',#3231,#2569,#2570);
#2258=AXIS2_PLACEMENT_3D('',#3233,#2571,#2572);
#2259=AXIS2_PLACEMENT_3D('',#3235,#2574,#2575);
#2260=AXIS2_PLACEMENT_3D('',#3241,#2579,#2580);
#2261=AXIS2_PLACEMENT_3D('',#3247,#2584,#2585);
#2262=AXIS2_PLACEMENT_3D('',#3253,#2589,#2590);
#2263=AXIS2_PLACEMENT_3D('',#3259,#2594,#2595);
#2264=AXIS2_PLACEMENT_3D('',#3265,#2599,#2600);
#2265=AXIS2_PLACEMENT_3D('',#3271,#2604,#2605);
#2266=AXIS2_PLACEMENT_3D('',#3273,#2606,#2607);
#2267=AXIS2_PLACEMENT_3D('',#3275,#2608,#2609);
#2268=AXIS2_PLACEMENT_3D('',#3277,#2611,#2612);
#2269=AXIS2_PLACEMENT_3D('',#3283,#2616,#2617);
#2270=AXIS2_PLACEMENT_3D('',#3285,#2618,#2619);
#2271=AXIS2_PLACEMENT_3D('',#3287,#2620,#2621);
#2272=AXIS2_PLACEMENT_3D('',#3289,#2623,#2624);
#2273=AXIS2_PLACEMENT_3D('',#3295,#2628,#2629);
#2274=AXIS2_PLACEMENT_3D('',#3297,#2630,#2631);
#2275=AXIS2_PLACEMENT_3D('',#3299,#2632,#2633);
#2276=AXIS2_PLACEMENT_3D('',#3301,#2635,#2636);
#2277=AXIS2_PLACEMENT_3D('',#3307,#2640,#2641);
#2278=AXIS2_PLACEMENT_3D('',#3309,#2642,#2643);
#2279=AXIS2_PLACEMENT_3D('',#3311,#2644,#2645);
#2280=AXIS2_PLACEMENT_3D('',#3313,#2647,#2648);
#2281=AXIS2_PLACEMENT_3D('',#3319,#2652,#2653);
#2282=AXIS2_PLACEMENT_3D('',#3321,#2654,#2655);
#2283=AXIS2_PLACEMENT_3D('',#3323,#2656,#2657);
#2284=AXIS2_PLACEMENT_3D('',#3325,#2659,#2660);
#2285=AXIS2_PLACEMENT_3D('',#3331,#2664,#2665);
#2286=AXIS2_PLACEMENT_3D('',#3333,#2666,#2667);
#2287=AXIS2_PLACEMENT_3D('',#3335,#2668,#2669);
#2288=AXIS2_PLACEMENT_3D('',#3337,#2671,#2672);
#2289=AXIS2_PLACEMENT_3D('',#3343,#2676,#2677);
#2290=AXIS2_PLACEMENT_3D('',#3345,#2678,#2679);
#2291=AXIS2_PLACEMENT_3D('',#3347,#2680,#2681);
#2292=AXIS2_PLACEMENT_3D('',#3349,#2683,#2684);
#2293=AXIS2_PLACEMENT_3D('',#3355,#2688,#2689);
#2294=AXIS2_PLACEMENT_3D('',#3357,#2690,#2691);
#2295=AXIS2_PLACEMENT_3D('',#3359,#2692,#2693);
#2296=AXIS2_PLACEMENT_3D('',#3361,#2695,#2696);
#2297=AXIS2_PLACEMENT_3D('',#3367,#2700,#2701);
#2298=AXIS2_PLACEMENT_3D('',#3369,#2702,#2703);
#2299=AXIS2_PLACEMENT_3D('',#3371,#2704,#2705);
#2300=AXIS2_PLACEMENT_3D('',#3373,#2707,#2708);
#2301=AXIS2_PLACEMENT_3D('',#3379,#2712,#2713);
#2302=AXIS2_PLACEMENT_3D('',#3381,#2714,#2715);
#2303=AXIS2_PLACEMENT_3D('',#3383,#2716,#2717);
#2304=AXIS2_PLACEMENT_3D('',#3385,#2719,#2720);
#2305=AXIS2_PLACEMENT_3D('',#3391,#2724,#2725);
#2306=AXIS2_PLACEMENT_3D('',#3393,#2726,#2727);
#2307=AXIS2_PLACEMENT_3D('',#3395,#2728,#2729);
#2308=AXIS2_PLACEMENT_3D('',#3397,#2731,#2732);
#2309=AXIS2_PLACEMENT_3D('',#3403,#2736,#2737);
#2310=AXIS2_PLACEMENT_3D('',#3405,#2738,#2739);
#2311=AXIS2_PLACEMENT_3D('',#3407,#2740,#2741);
#2312=AXIS2_PLACEMENT_3D('',#3409,#2743,#2744);
#2313=AXIS2_PLACEMENT_3D('',#3412,#2747,#2748);
#2314=AXIS2_PLACEMENT_3D('',#3415,#2749,#2750);
#2315=AXIS2_PLACEMENT_3D('',#3421,#2753,#2754);
#2316=AXIS2_PLACEMENT_3D('',#3431,#2759,#2760);
#2317=AXIS2_PLACEMENT_3D('',#3435,#2762,#2763);
#2318=AXIS2_PLACEMENT_3D('',#3449,#2770,#2771);
#2319=AXIS2_PLACEMENT_3D('',#3455,#2774,#2775);
#2320=AXIS2_PLACEMENT_3D('',#3459,#2777,#2778);
#2321=AXIS2_PLACEMENT_3D('',#3463,#2780,#2781);
#2322=AXIS2_PLACEMENT_3D('',#3467,#2783,#2784);
#2323=AXIS2_PLACEMENT_3D('',#3471,#2786,#2787);
#2324=AXIS2_PLACEMENT_3D('',#3475,#2789,#2790);
#2325=AXIS2_PLACEMENT_3D('',#3479,#2792,#2793);
#2326=AXIS2_PLACEMENT_3D('',#3483,#2795,#2796);
#2327=AXIS2_PLACEMENT_3D('',#3487,#2799,#2800);
#2328=AXIS2_PLACEMENT_3D('',#3489,#2801,#2802);
#2329=AXIS2_PLACEMENT_3D('',#3491,#2803,#2804);
#2330=AXIS2_PLACEMENT_3D('',#3493,#2805,#2806);
#2331=AXIS2_PLACEMENT_3D('',#3495,#2807,#2808);
#2332=AXIS2_PLACEMENT_3D('',#3497,#2809,#2810);
#2333=AXIS2_PLACEMENT_3D('',#3499,#2811,#2812);
#2334=AXIS2_PLACEMENT_3D('',#3501,#2813,#2814);
#2335=AXIS2_PLACEMENT_3D('',#3502,#2815,#2816);
#2336=AXIS2_PLACEMENT_3D('',#3504,#2817,#2818);
#2337=AXIS2_PLACEMENT_3D('',#3506,#2820,#2821);
#2338=AXIS2_PLACEMENT_3D('',#3507,#2822,#2823);
#2339=AXIS2_PLACEMENT_3D('',#3509,#2824,#2825);
#2340=AXIS2_PLACEMENT_3D('',#3511,#2827,#2828);
#2341=AXIS2_PLACEMENT_3D('',#3512,#2829,#2830);
#2342=AXIS2_PLACEMENT_3D('',#3514,#2831,#2832);
#2343=AXIS2_PLACEMENT_3D('',#3516,#2834,#2835);
#2344=AXIS2_PLACEMENT_3D('',#3517,#2836,#2837);
#2345=AXIS2_PLACEMENT_3D('',#3519,#2838,#2839);
#2346=AXIS2_PLACEMENT_3D('',#3522,#2841,#2842);
#2347=AXIS2_PLACEMENT_3D('',#3523,#2843,#2844);
#2348=AXIS2_PLACEMENT_3D('',#3525,#2845,#2846);
#2349=AXIS2_PLACEMENT_3D('',#3526,#2847,#2848);
#2350=AXIS2_PLACEMENT_3D('',#3528,#2849,#2850);
#2351=AXIS2_PLACEMENT_3D('',#3531,#2852,#2853);
#2352=AXIS2_PLACEMENT_3D('',#3532,#2854,#2855);
#2353=AXIS2_PLACEMENT_3D('',#3534,#2856,#2857);
#2354=AXIS2_PLACEMENT_3D('',#3535,#2858,#2859);
#2355=AXIS2_PLACEMENT_3D('',#3537,#2860,#2861);
#2356=AXIS2_PLACEMENT_3D('',#3540,#2863,#2864);
#2357=AXIS2_PLACEMENT_3D('',#3541,#2865,#2866);
#2358=AXIS2_PLACEMENT_3D('',#3543,#2867,#2868);
#2359=AXIS2_PLACEMENT_3D('',#3544,#2869,#2870);
#2360=AXIS2_PLACEMENT_3D('',#3546,#2871,#2872);
#2361=AXIS2_PLACEMENT_3D('',#3549,#2874,#2875);
#2362=AXIS2_PLACEMENT_3D('',#3550,#2876,#2877);
#2363=AXIS2_PLACEMENT_3D('',#3552,#2878,#2879);
#2364=AXIS2_PLACEMENT_3D('',#3553,#2880,#2881);
#2365=AXIS2_PLACEMENT_3D('',#3555,#2882,#2883);
#2366=AXIS2_PLACEMENT_3D('',#3557,#2884,#2885);
#2367=AXIS2_PLACEMENT_3D('',#3558,#2886,#2887);
#2368=AXIS2_PLACEMENT_3D('',#3560,#2888,#2889);
#2369=AXIS2_PLACEMENT_3D('',#3562,#2890,#2891);
#2370=AXIS2_PLACEMENT_3D('',#3563,#2892,#2893);
#2371=AXIS2_PLACEMENT_3D('',#3565,#2894,#2895);
#2372=AXIS2_PLACEMENT_3D('',#3567,#2896,#2897);
#2373=AXIS2_PLACEMENT_3D('',#3568,#2898,#2899);
#2374=AXIS2_PLACEMENT_3D('',#3570,#2900,#2901);
#2375=AXIS2_PLACEMENT_3D('',#3572,#2902,#2903);
#2376=AXIS2_PLACEMENT_3D('',#3573,#2904,#2905);
#2377=AXIS2_PLACEMENT_3D('',#3575,#2907,#2908);
#2378=AXIS2_PLACEMENT_3D('',#3577,#2910,#2911);
#2379=AXIS2_PLACEMENT_3D('',#3579,#2913,#2914);
#2380=AXIS2_PLACEMENT_3D('',#3581,#2916,#2917);
#2381=AXIS2_PLACEMENT_3D('',#3582,#2918,#2919);
#2382=AXIS2_PLACEMENT_3D('',#3584,#2921,#2922);
#2383=AXIS2_PLACEMENT_3D('',#3586,#2924,#2925);
#2384=AXIS2_PLACEMENT_3D('',#3587,#2926,#2927);
#2385=AXIS2_PLACEMENT_3D('',#3589,#2929,#2930);
#2386=AXIS2_PLACEMENT_3D('',#3591,#2932,#2933);
#2387=AXIS2_PLACEMENT_3D('',#3592,#2934,#2935);
#2388=AXIS2_PLACEMENT_3D('',#3598,#2939,#2940);
#2389=AXIS2_PLACEMENT_3D('',#3602,#2943,#2944);
#2390=AXIS2_PLACEMENT_3D('',#3604,#2945,#2946);
#2391=AXIS2_PLACEMENT_3D('',#3606,#2948,#2949);
#2392=AXIS2_PLACEMENT_3D('',#3610,#2952,#2953);
#2393=AXIS2_PLACEMENT_3D('',#3614,#2956,#2957);
#2394=AXIS2_PLACEMENT_3D('',#3618,#2960,#2961);
#2395=AXIS2_PLACEMENT_3D('',#3622,#2964,#2965);
#2396=AXIS2_PLACEMENT_3D('',#3624,#2966,#2967);
#2397=AXIS2_PLACEMENT_3D('',#3626,#2969,#2970);
#2398=AXIS2_PLACEMENT_3D('',#3630,#2973,#2974);
#2399=AXIS2_PLACEMENT_3D('',#3632,#2975,#2976);
#2400=AXIS2_PLACEMENT_3D('',#3634,#2978,#2979);
#2401=AXIS2_PLACEMENT_3D('',#3638,#2982,#2983);
#2402=AXIS2_PLACEMENT_3D('',#3642,#2986,#2987);
#2403=AXIS2_PLACEMENT_3D('',#3646,#2990,#2991);
#2404=AXIS2_PLACEMENT_3D('',#3650,#2994,#2995);
#2405=AXIS2_PLACEMENT_3D('',#3654,#2998,#2999);
#2406=AXIS2_PLACEMENT_3D('',#3658,#3002,#3003);
#2407=AXIS2_PLACEMENT_3D('',#3660,#3004,#3005);
#2408=AXIS2_PLACEMENT_3D('',#3662,#3007,#3008);
#2409=AXIS2_PLACEMENT_3D('',#3666,#3011,#3012);
#2410=AXIS2_PLACEMENT_3D('',#3670,#3015,#3016);
#2411=AXIS2_PLACEMENT_3D('',#3672,#3017,#3018);
#2412=AXIS2_PLACEMENT_3D('',#3674,#3020,#3021);
#2413=AXIS2_PLACEMENT_3D('',#3678,#3024,#3025);
#2414=AXIS2_PLACEMENT_3D('',#3680,#3026,#3027);
#2415=AXIS2_PLACEMENT_3D('',#3682,#3029,#3030);
#2416=AXIS2_PLACEMENT_3D('',#3686,#3033,#3034);
#2417=AXIS2_PLACEMENT_3D('',#3688,#3035,#3036);
#2418=AXIS2_PLACEMENT_3D('',#3690,#3038,#3039);
#2419=AXIS2_PLACEMENT_3D('',#3694,#3042,#3043);
#2420=AXIS2_PLACEMENT_3D('',#3696,#3044,#3045);
#2421=AXIS2_PLACEMENT_3D('',#3698,#3047,#3048);
#2422=AXIS2_PLACEMENT_3D('',#3702,#3051,#3052);
#2423=AXIS2_PLACEMENT_3D('',#3704,#3053,#3054);
#2424=AXIS2_PLACEMENT_3D('',#3706,#3056,#3057);
#2425=AXIS2_PLACEMENT_3D('',#3710,#3060,#3061);
#2426=AXIS2_PLACEMENT_3D('',#3712,#3062,#3063);
#2427=AXIS2_PLACEMENT_3D('',#3714,#3065,#3066);
#2428=AXIS2_PLACEMENT_3D('',#3718,#3069,#3070);
#2429=AXIS2_PLACEMENT_3D('',#3720,#3071,#3072);
#2430=AXIS2_PLACEMENT_3D('',#3722,#3074,#3075);
#2431=AXIS2_PLACEMENT_3D('',#3726,#3078,#3079);
#2432=AXIS2_PLACEMENT_3D('',#3728,#3080,#3081);
#2433=AXIS2_PLACEMENT_3D('',#3730,#3083,#3084);
#2434=AXIS2_PLACEMENT_3D('',#3734,#3087,#3088);
#2435=AXIS2_PLACEMENT_3D('',#3738,#3091,#3092);
#2436=AXIS2_PLACEMENT_3D('',#3739,#3093,#3094);
#2437=AXIS2_PLACEMENT_3D('',#3740,#3095,#3096);
#2438=AXIS2_PLACEMENT_3D('',#3741,#3097,#3098);
#2439=DIRECTION('axis',(0.,0.,1.));
#2440=DIRECTION('refdir',(1.,0.,0.));
#2441=DIRECTION('center_axis',(0.,0.,1.));
#2442=DIRECTION('ref_axis',(-0.0828545196430216,0.99656165317291,0.));
#2443=DIRECTION('center_axis',(0.,0.,1.));
#2444=DIRECTION('ref_axis',(-0.0828545196430216,0.99656165317291,0.));
#2445=DIRECTION('',(0.,0.,1.));
#2446=DIRECTION('center_axis',(0.,0.,-1.));
#2447=DIRECTION('ref_axis',(-0.0828545196430216,0.99656165317291,0.));
#2448=DIRECTION('',(0.,0.,1.));
#2449=DIRECTION('center_axis',(0.999999803030594,-0.000627645419416343,
0.));
#2450=DIRECTION('ref_axis',(0.000627645419416343,0.999999803030594,0.));
#2451=DIRECTION('',(-0.000627645419416343,-0.999999803030594,0.));
#2452=DIRECTION('',(0.000627645419416343,0.999999803030594,0.));
#2453=DIRECTION('',(0.,0.,1.));
#2454=DIRECTION('center_axis',(0.,0.,1.));
#2455=DIRECTION('ref_axis',(3.82565119357475E-14,-1.,0.));
#2456=DIRECTION('center_axis',(0.,0.,-1.));
#2457=DIRECTION('ref_axis',(3.82565119357475E-14,-1.,0.));
#2458=DIRECTION('center_axis',(0.,0.,1.));
#2459=DIRECTION('ref_axis',(3.82565119357475E-14,-1.,0.));
#2460=DIRECTION('',(0.,0.,1.));
#2461=DIRECTION('center_axis',(0.,-1.,0.));
#2462=DIRECTION('ref_axis',(1.,0.,0.));
#2463=DIRECTION('',(-1.,0.,0.));
#2464=DIRECTION('',(1.,0.,0.));
#2465=DIRECTION('',(0.,0.,1.));
#2466=DIRECTION('center_axis',(0.,0.,1.));
#2467=DIRECTION('ref_axis',(-0.085091914355623,0.996373105875151,0.));
#2468=DIRECTION('center_axis',(0.,0.,1.));
#2469=DIRECTION('ref_axis',(-0.085091914355623,0.996373105875151,0.));
#2470=DIRECTION('center_axis',(0.,0.,-1.));
#2471=DIRECTION('ref_axis',(-0.085091914355623,0.996373105875151,0.));
#2472=DIRECTION('',(0.,0.,1.));
#2473=DIRECTION('center_axis',(0.999999803030594,-0.000627645419425393,
0.));
#2474=DIRECTION('ref_axis',(0.000627645419425393,0.999999803030594,0.));
#2475=DIRECTION('',(-0.000627645419425393,-0.999999803030594,0.));
#2476=DIRECTION('',(0.000627645419425393,0.999999803030594,0.));
#2477=DIRECTION('',(0.,0.,1.));
#2478=DIRECTION('center_axis',(0.,0.,1.));
#2479=DIRECTION('ref_axis',(0.0561286540300812,-0.998423544492402,0.));
#2480=DIRECTION('center_axis',(0.,0.,-1.));
#2481=DIRECTION('ref_axis',(0.0561286540300812,-0.998423544492402,0.));
#2482=DIRECTION('center_axis',(0.,0.,1.));
#2483=DIRECTION('ref_axis',(0.0561286540300812,-0.998423544492402,0.));
#2484=DIRECTION('',(0.,0.,1.));
#2485=DIRECTION('center_axis',(-5.29541640302136E-16,-1.,0.));
#2486=DIRECTION('ref_axis',(1.,-5.29541640302136E-16,0.));
#2487=DIRECTION('',(-1.,5.29541640302136E-16,0.));
#2488=DIRECTION('',(1.,-5.29541640302136E-16,0.));
#2489=DIRECTION('',(0.,0.,1.));
#2490=DIRECTION('center_axis',(0.,0.,1.));
#2491=DIRECTION('ref_axis',(0.,1.,0.));
#2492=DIRECTION('center_axis',(0.,0.,1.));
#2493=DIRECTION('ref_axis',(0.,1.,0.));
#2494=DIRECTION('center_axis',(0.,0.,-1.));
#2495=DIRECTION('ref_axis',(0.,1.,0.));
#2496=DIRECTION('',(0.,0.,1.));
#2497=DIRECTION('center_axis',(0.999999962362403,-0.000274363250689649,
0.));
#2498=DIRECTION('ref_axis',(0.000274363250689649,0.999999962362403,0.));
#2499=DIRECTION('',(-0.000274363250689649,-0.999999962362403,0.));
#2500=DIRECTION('',(0.000274363250689649,0.999999962362403,0.));
#2501=DIRECTION('',(0.,0.,1.));
#2502=DIRECTION('center_axis',(0.964316638060883,0.264751622391548,0.));
#2503=DIRECTION('ref_axis',(-0.264751622391548,0.964316638060883,0.));
#2504=DIRECTION('',(0.264751622391548,-0.964316638060883,0.));
#2505=DIRECTION('',(-0.264751622391548,0.964316638060883,0.));
#2506=DIRECTION('',(0.,0.,1.));
#2507=DIRECTION('center_axis',(0.,0.,1.));
#2508=DIRECTION('ref_axis',(-0.956175465988592,-0.292794259235901,0.));
#2509=DIRECTION('center_axis',(0.,0.,1.));
#2510=DIRECTION('ref_axis',(-0.956175465988592,-0.292794259235901,0.));
#2511=DIRECTION('center_axis',(0.,0.,-1.));
#2512=DIRECTION('ref_axis',(-0.956175465988592,-0.292794259235901,0.));
#2513=DIRECTION('',(0.,0.,1.));
#2514=DIRECTION('center_axis',(0.,1.,0.));
#2515=DIRECTION('ref_axis',(-1.,0.,0.));
#2516=DIRECTION('',(1.,0.,0.));
#2517=DIRECTION('',(-1.,0.,0.));
#2518=DIRECTION('',(0.,0.,1.));
#2519=DIRECTION('center_axis',(0.,0.,1.));
#2520=DIRECTION('ref_axis',(0.665566160582766,0.746338854600989,0.));
#2521=DIRECTION('center_axis',(0.,0.,-1.));
#2522=DIRECTION('ref_axis',(0.665566160582766,0.746338854600989,0.));
#2523=DIRECTION('center_axis',(0.,0.,1.));
#2524=DIRECTION('ref_axis',(0.665566160582766,0.746338854600989,0.));
#2525=DIRECTION('',(0.,0.,1.));
#2526=DIRECTION('center_axis',(0.746683585695576,0.665179391482326,0.));
#2527=DIRECTION('ref_axis',(-0.665179391482326,0.746683585695576,0.));
#2528=DIRECTION('',(0.665179391482326,-0.746683585695576,0.));
#2529=DIRECTION('',(-0.665179391482326,0.746683585695576,0.));
#2530=DIRECTION('',(0.,0.,1.));
#2531=DIRECTION('center_axis',(0.,0.,1.));
#2532=DIRECTION('ref_axis',(0.997675268377468,0.0681473320677076,0.));
#2533=DIRECTION('center_axis',(0.,0.,-1.));
#2534=DIRECTION('ref_axis',(0.997675268377468,0.0681473320677076,0.));
#2535=DIRECTION('center_axis',(0.,0.,1.));
#2536=DIRECTION('ref_axis',(0.997675268377468,0.0681473320677076,0.));
#2537=DIRECTION('',(0.,0.,1.));
#2538=DIRECTION('center_axis',(1.,0.,0.));
#2539=DIRECTION('ref_axis',(0.,1.,0.));
#2540=DIRECTION('',(0.,-1.,0.));
#2541=DIRECTION('',(0.,1.,0.));
#2542=DIRECTION('',(0.,0.,1.));
#2543=DIRECTION('center_axis',(0.,0.,1.));
#2544=DIRECTION('ref_axis',(0.373252648462805,-0.927729734575486,0.));
#2545=DIRECTION('center_axis',(0.,0.,-1.));
#2546=DIRECTION('ref_axis',(0.373252648462805,-0.927729734575486,0.));
#2547=DIRECTION('center_axis',(0.,0.,1.));
#2548=DIRECTION('ref_axis',(0.373252648462805,-0.927729734575486,0.));
#2549=DIRECTION('',(0.,0.,1.));
#2550=DIRECTION('center_axis',(0.342188760844172,-0.939631231894689,0.));
#2551=DIRECTION('ref_axis',(0.939631231894689,0.342188760844172,0.));
#2552=DIRECTION('',(-0.939631231894689,-0.342188760844172,0.));
#2553=DIRECTION('',(0.939631231894689,0.342188760844172,0.));
#2554=DIRECTION('',(0.,0.,1.));
#2555=DIRECTION('center_axis',(0.,0.,1.));
#2556=DIRECTION('ref_axis',(-0.380051091963207,0.924965495301081,0.));
#2557=DIRECTION('center_axis',(0.,0.,1.));
#2558=DIRECTION('ref_axis',(-0.380051091963207,0.924965495301081,0.));
#2559=DIRECTION('center_axis',(0.,0.,-1.));
#2560=DIRECTION('ref_axis',(-0.380051091963207,0.924965495301081,0.));
#2561=DIRECTION('',(0.,0.,1.));
#2562=DIRECTION('center_axis',(0.939631231894683,0.342188760844189,0.));
#2563=DIRECTION('ref_axis',(-0.342188760844189,0.939631231894682,0.));
#2564=DIRECTION('',(0.342188760844189,-0.939631231894682,0.));
#2565=DIRECTION('',(-0.342188760844189,0.939631231894682,0.));
#2566=DIRECTION('',(0.,0.,1.));
#2567=DIRECTION('center_axis',(0.,0.,1.));
#2568=DIRECTION('ref_axis',(-0.920821759588298,-0.389983701029557,0.));
#2569=DIRECTION('center_axis',(0.,0.,1.));
#2570=DIRECTION('ref_axis',(-0.920821759588298,-0.389983701029557,0.));
#2571=DIRECTION('center_axis',(0.,0.,-1.));
#2572=DIRECTION('ref_axis',(-0.920821759588298,-0.389983701029557,0.));
#2573=DIRECTION('',(0.,0.,1.));
#2574=DIRECTION('center_axis',(-0.358708372146921,0.93344967928202,0.));
#2575=DIRECTION('ref_axis',(-0.93344967928202,-0.358708372146921,0.));
#2576=DIRECTION('',(0.93344967928202,0.358708372146921,0.));
#2577=DIRECTION('',(-0.93344967928202,-0.358708372146921,0.));
#2578=DIRECTION('',(0.,0.,1.));
#2579=DIRECTION('center_axis',(0.202518285115711,0.979278481430993,0.));
#2580=DIRECTION('ref_axis',(-0.979278481430993,0.202518285115711,0.));
#2581=DIRECTION('',(0.979278481430993,-0.202518285115711,0.));
#2582=DIRECTION('',(-0.979278481430993,0.202518285115711,0.));
#2583=DIRECTION('',(0.,0.,1.));
#2584=DIRECTION('center_axis',(-0.176758586890885,0.984254236445207,0.));
#2585=DIRECTION('ref_axis',(-0.984254236445207,-0.176758586890885,0.));
#2586=DIRECTION('',(0.984254236445207,0.176758586890885,0.));
#2587=DIRECTION('',(-0.984254236445207,-0.176758586890885,0.));
#2588=DIRECTION('',(0.,0.,1.));
#2589=DIRECTION('center_axis',(-0.243356584104384,0.969936891232128,0.));
#2590=DIRECTION('ref_axis',(-0.969936891232128,-0.243356584104384,0.));
#2591=DIRECTION('',(0.969936891232128,0.243356584104384,0.));
#2592=DIRECTION('',(-0.969936891232128,-0.243356584104384,0.));
#2593=DIRECTION('',(0.,0.,1.));
#2594=DIRECTION('center_axis',(-0.0825793019651783,0.996584496611775,0.));
#2595=DIRECTION('ref_axis',(-0.996584496611775,-0.0825793019651783,0.));
#2596=DIRECTION('',(0.996584496611775,0.0825793019651783,0.));
#2597=DIRECTION('',(-0.996584496611775,-0.0825793019651783,0.));
#2598=DIRECTION('',(0.,0.,1.));
#2599=DIRECTION('center_axis',(-0.111336656343161,0.99378274736198,0.));
#2600=DIRECTION('ref_axis',(-0.99378274736198,-0.111336656343161,0.));
#2601=DIRECTION('',(0.99378274736198,0.111336656343161,0.));
#2602=DIRECTION('',(-0.99378274736198,-0.111336656343161,0.));
#2603=DIRECTION('',(0.,0.,1.));
#2604=DIRECTION('center_axis',(0.,0.,1.));
#2605=DIRECTION('ref_axis',(0.162789896498171,-0.986660757098464,0.));
#2606=DIRECTION('center_axis',(0.,0.,1.));
#2607=DIRECTION('ref_axis',(0.162789896498171,-0.986660757098464,0.));
#2608=DIRECTION('center_axis',(0.,0.,-1.));
#2609=DIRECTION('ref_axis',(0.162789896498171,-0.986660757098464,0.));
#2610=DIRECTION('',(0.,0.,1.));
#2611=DIRECTION('center_axis',(-0.995895072993953,-0.0905152119058942,0.));
#2612=DIRECTION('ref_axis',(0.0905152119058942,-0.995895072993953,0.));
#2613=DIRECTION('',(-0.0905152119058942,0.995895072993953,0.));
#2614=DIRECTION('',(0.0905152119058942,-0.995895072993953,0.));
#2615=DIRECTION('',(0.,0.,1.));
#2616=DIRECTION('center_axis',(0.,0.,1.));
#2617=DIRECTION('ref_axis',(-0.00211720015926134,0.999997758729231,0.));
#2618=DIRECTION('center_axis',(0.,0.,-1.));
#2619=DIRECTION('ref_axis',(-0.00211720015926134,0.999997758729231,0.));
#2620=DIRECTION('center_axis',(0.,0.,1.));
#2621=DIRECTION('ref_axis',(-0.00211720015926134,0.999997758729231,0.));
#2622=DIRECTION('',(0.,0.,1.));
#2623=DIRECTION('center_axis',(-0.00211720015926813,0.999997758729231,0.));
#2624=DIRECTION('ref_axis',(-0.999997758729231,-0.00211720015926813,0.));
#2625=DIRECTION('',(0.999997758729231,0.00211720015926813,0.));
#2626=DIRECTION('',(-0.999997758729231,-0.00211720015926813,0.));
#2627=DIRECTION('',(0.,0.,1.));
#2628=DIRECTION('center_axis',(0.,0.,1.));
#2629=DIRECTION('ref_axis',(0.997561092473794,0.0697987591758718,0.));
#2630=DIRECTION('center_axis',(0.,0.,-1.));
#2631=DIRECTION('ref_axis',(0.997561092473794,0.0697987591758718,0.));
#2632=DIRECTION('center_axis',(0.,0.,1.));
#2633=DIRECTION('ref_axis',(0.997561092473794,0.0697987591758718,0.));
#2634=DIRECTION('',(0.,0.,1.));
#2635=DIRECTION('center_axis',(0.99994773702562,0.0102236596843324,0.));
#2636=DIRECTION('ref_axis',(-0.0102236596843324,0.99994773702562,0.));
#2637=DIRECTION('',(0.0102236596843324,-0.99994773702562,0.));
#2638=DIRECTION('',(-0.0102236596843324,0.99994773702562,0.));
#2639=DIRECTION('',(0.,0.,1.));
#2640=DIRECTION('center_axis',(0.,0.,1.));
#2641=DIRECTION('ref_axis',(-0.998395153737441,-0.0566314134874936,0.));
#2642=DIRECTION('center_axis',(0.,0.,1.));
#2643=DIRECTION('ref_axis',(-0.998395153737441,-0.0566314134874936,0.));
#2644=DIRECTION('center_axis',(0.,0.,-1.));
#2645=DIRECTION('ref_axis',(-0.998395153737441,-0.0566314134874936,0.));
#2646=DIRECTION('',(0.,0.,1.));
#2647=DIRECTION('center_axis',(0.00059269308902699,0.999999824357436,0.));
#2648=DIRECTION('ref_axis',(-0.999999824357436,0.00059269308902699,0.));
#2649=DIRECTION('',(0.999999824357436,-0.00059269308902699,0.));
#2650=DIRECTION('',(-0.999999824357436,0.00059269308902699,0.));
#2651=DIRECTION('',(0.,0.,1.));
#2652=DIRECTION('center_axis',(0.,0.,1.));
#2653=DIRECTION('ref_axis',(0.0523622778237485,-0.998628154951135,0.));
#2654=DIRECTION('center_axis',(0.,0.,1.));
#2655=DIRECTION('ref_axis',(0.0523622778237485,-0.998628154951135,0.));
#2656=DIRECTION('center_axis',(0.,0.,-1.));
#2657=DIRECTION('ref_axis',(0.0523622778237485,-0.998628154951135,0.));
#2658=DIRECTION('',(0.,0.,1.));
#2659=DIRECTION('center_axis',(-0.999999965484347,-0.00026273809111992,
0.));
#2660=DIRECTION('ref_axis',(0.00026273809111992,-0.999999965484347,0.));
#2661=DIRECTION('',(-0.00026273809111992,0.999999965484347,0.));
#2662=DIRECTION('',(0.00026273809111992,-0.999999965484347,0.));
#2663=DIRECTION('',(0.,0.,1.));
#2664=DIRECTION('center_axis',(0.,0.,1.));
#2665=DIRECTION('ref_axis',(0.998415674116399,0.0562684785532445,0.));
#2666=DIRECTION('center_axis',(0.,0.,1.));
#2667=DIRECTION('ref_axis',(0.998415674116399,0.0562684785532445,0.));
#2668=DIRECTION('center_axis',(0.,0.,-1.));
#2669=DIRECTION('ref_axis',(0.998415674116399,0.0562684785532445,0.));
#2670=DIRECTION('',(0.,0.,1.));
#2671=DIRECTION('center_axis',(0.000451561374290626,-0.999999898046158,
0.));
#2672=DIRECTION('ref_axis',(0.999999898046158,0.000451561374290626,0.));
#2673=DIRECTION('',(-0.999999898046158,-0.000451561374290626,0.));
#2674=DIRECTION('',(0.999999898046158,0.000451561374290626,0.));
#2675=DIRECTION('',(0.,0.,1.));
#2676=DIRECTION('center_axis',(0.,0.,1.));
#2677=DIRECTION('ref_axis',(-0.999999898045262,-0.000451563357218314,0.));
#2678=DIRECTION('center_axis',(0.,0.,-1.));
#2679=DIRECTION('ref_axis',(-0.999999898045262,-0.000451563357218314,0.));
#2680=DIRECTION('center_axis',(0.,0.,1.));
#2681=DIRECTION('ref_axis',(-0.999999898045262,-0.000451563357218314,0.));
#2682=DIRECTION('',(0.,0.,1.));
#2683=DIRECTION('center_axis',(-0.999999898045262,-0.000451563357240063,
0.));
#2684=DIRECTION('ref_axis',(0.000451563357240063,-0.999999898045262,0.));
#2685=DIRECTION('',(-0.000451563357240063,0.999999898045262,0.));
#2686=DIRECTION('',(0.000451563357240063,-0.999999898045262,0.));
#2687=DIRECTION('',(0.,0.,1.));
#2688=DIRECTION('center_axis',(0.,0.,1.));
#2689=DIRECTION('ref_axis',(0.997555179811544,0.0698832113683895,0.));
#2690=DIRECTION('center_axis',(0.,0.,1.));
#2691=DIRECTION('ref_axis',(0.997555179811544,0.0698832113683895,0.));
#2692=DIRECTION('center_axis',(0.,0.,-1.));
#2693=DIRECTION('ref_axis',(0.997555179811544,0.0698832113683895,0.));
#2694=DIRECTION('',(0.,0.,1.));
#2695=DIRECTION('center_axis',(0.000451563357241313,-0.999999898045262,
0.));
#2696=DIRECTION('ref_axis',(0.999999898045262,0.000451563357241313,0.));
#2697=DIRECTION('',(-0.999999898045262,-0.000451563357241313,0.));
#2698=DIRECTION('',(0.999999898045262,0.000451563357241313,0.));
#2699=DIRECTION('',(0.,0.,1.));
#2700=DIRECTION('center_axis',(0.,0.,1.));
#2701=DIRECTION('ref_axis',(-0.99601280205795,-0.0892104149562752,0.));
#2702=DIRECTION('center_axis',(0.,0.,-1.));
#2703=DIRECTION('ref_axis',(-0.99601280205795,-0.0892104149562752,0.));
#2704=DIRECTION('center_axis',(0.,0.,1.));
#2705=DIRECTION('ref_axis',(-0.99601280205795,-0.0892104149562752,0.));
#2706=DIRECTION('',(0.,0.,1.));
#2707=DIRECTION('center_axis',(-1.,0.,0.));
#2708=DIRECTION('ref_axis',(0.,-1.,0.));
#2709=DIRECTION('',(0.,1.,0.));
#2710=DIRECTION('',(0.,-1.,0.));
#2711=DIRECTION('',(0.,0.,1.));
#2712=DIRECTION('center_axis',(0.,0.,1.));
#2713=DIRECTION('ref_axis',(0.998474891600111,0.0552077063836837,0.));
#2714=DIRECTION('center_axis',(0.,0.,1.));
#2715=DIRECTION('ref_axis',(0.998474891600111,0.0552077063836837,0.));
#2716=DIRECTION('center_axis',(0.,0.,-1.));
#2717=DIRECTION('ref_axis',(0.998474891600111,0.0552077063836837,0.));
#2718=DIRECTION('',(0.,0.,1.));
#2719=DIRECTION('center_axis',(0.00112268378495889,-0.999999369790361,0.));
#2720=DIRECTION('ref_axis',(0.999999369790361,0.00112268378495889,0.));
#2721=DIRECTION('',(-0.999999369790361,-0.00112268378495889,0.));
#2722=DIRECTION('',(0.999999369790361,0.00112268378495889,0.));
#2723=DIRECTION('',(0.,0.,1.));
#2724=DIRECTION('center_axis',(0.,0.,1.));
#2725=DIRECTION('ref_axis',(-0.0359109691842744,0.999354993129191,0.));
#2726=DIRECTION('center_axis',(0.,0.,1.));
#2727=DIRECTION('ref_axis',(-0.0359109691842744,0.999354993129191,0.));
#2728=DIRECTION('center_axis',(0.,0.,-1.));
#2729=DIRECTION('ref_axis',(-0.0359109691842744,0.999354993129191,0.));
#2730=DIRECTION('',(0.,0.,1.));
#2731=DIRECTION('center_axis',(0.999992012977083,0.00399674643189445,0.));
#2732=DIRECTION('ref_axis',(-0.00399674643189445,0.999992012977083,0.));
#2733=DIRECTION('',(0.00399674643189445,-0.999992012977083,0.));
#2734=DIRECTION('',(-0.00399674643189445,0.999992012977083,0.));
#2735=DIRECTION('',(0.,0.,1.));
#2736=DIRECTION('center_axis',(0.,0.,1.));
#2737=DIRECTION('ref_axis',(-0.000627645419417328,-0.999999803030594,0.));
#2738=DIRECTION('center_axis',(0.,0.,-1.));
#2739=DIRECTION('ref_axis',(-0.000627645419417328,-0.999999803030594,0.));
#2740=DIRECTION('center_axis',(0.,0.,1.));
#2741=DIRECTION('ref_axis',(-0.000627645419417328,-0.999999803030594,0.));
#2742=DIRECTION('',(0.,0.,1.));
#2743=DIRECTION('center_axis',(-0.000627645419425461,-0.999999803030594,
0.));
#2744=DIRECTION('ref_axis',(0.999999803030594,-0.000627645419425461,0.));
#2745=DIRECTION('',(-0.999999803030594,0.000627645419425461,0.));
#2746=DIRECTION('',(0.999999803030594,-0.000627645419425461,0.));
#2747=DIRECTION('center_axis',(0.,0.,1.));
#2748=DIRECTION('ref_axis',(1.,0.,0.));
#2749=DIRECTION('center_axis',(0.,0.,1.));
#2750=DIRECTION('ref_axis',(0.,1.,0.));
#2751=DIRECTION('',(-0.000274363250689361,-0.999999962362403,0.));
#2752=DIRECTION('',(0.26475162239157,-0.964316638060877,0.));
#2753=DIRECTION('center_axis',(0.,0.,1.));
#2754=DIRECTION('ref_axis',(-0.959164519222567,-0.282848767125726,0.));
#2755=DIRECTION('',(1.,0.,0.));
#2756=DIRECTION('',(0.665179391482328,-0.746683585695574,0.));
#2757=DIRECTION('',(0.,-1.,0.));
#2758=DIRECTION('',(-0.939631231894683,-0.342188760844188,0.));
#2759=DIRECTION('center_axis',(0.,0.,1.));
#2760=DIRECTION('ref_axis',(-0.365894869633703,0.930656190209755,0.));
#2761=DIRECTION('',(0.34218876084418,-0.939631231894685,0.));
#2762=DIRECTION('center_axis',(0.,0.,1.));
#2763=DIRECTION('ref_axis',(-0.928815331628635,-0.370542952613579,0.));
#2764=DIRECTION('',(0.933449679282021,0.358708372146918,0.));
#2765=DIRECTION('',(0.979278481430992,-0.202518285115715,0.));
#2766=DIRECTION('',(0.984254236445207,0.176758586890885,0.));
#2767=DIRECTION('',(0.969936891232128,0.243356584104387,0.));
#2768=DIRECTION('',(0.996584496611775,0.0825793019651778,0.));
#2769=DIRECTION('',(0.993782747361942,0.111336656343496,0.));
#2770=DIRECTION('center_axis',(0.,0.,1.));
#2771=DIRECTION('ref_axis',(0.141092982537444,-0.989996348618867,0.));
#2772=DIRECTION('',(-0.0905152119058976,0.995895072993953,0.));
#2773=DIRECTION('',(0.999997758729231,0.0021172001592692,0.));
#2774=DIRECTION('center_axis',(0.,0.,1.));
#2775=DIRECTION('ref_axis',(-0.971380389099653,-0.23752923961611,0.));
#2776=DIRECTION('',(0.999999824357436,-0.000592693089032953,0.));
#2777=DIRECTION('center_axis',(0.,0.,1.));
#2778=DIRECTION('ref_axis',(0.0356357443349006,-0.999364845152008,0.));
#2779=DIRECTION('',(-0.000262738091119943,0.999999965484347,0.));
#2780=DIRECTION('center_axis',(0.,0.,1.));
#2781=DIRECTION('ref_axis',(0.999379965113326,0.0352091654272976,0.));
#2782=DIRECTION('',(-0.999999898046158,-0.000451561374290418,0.));
#2783=DIRECTION('center_axis',(0.,0.,1.));
#2784=DIRECTION('ref_axis',(0.98644036825111,0.164120077640168,0.));
#2785=DIRECTION('',(-0.999999898045262,-0.000451563357241712,0.));
#2786=DIRECTION('center_axis',(0.,0.,1.));
#2787=DIRECTION('ref_axis',(0.993621236974958,0.11276895597794,0.));
#2788=DIRECTION('',(-0.999999369790361,-0.00112268378495822,0.));
#2789=DIRECTION('center_axis',(0.,0.,1.));
#2790=DIRECTION('ref_axis',(-0.0236407136786463,0.999720519273644,0.));
#2791=DIRECTION('',(-0.999999803030594,0.00062764541942633,0.));
#2792=DIRECTION('center_axis',(0.,0.,1.));
#2793=DIRECTION('ref_axis',(-0.0411027089492528,0.999154926583977,0.));
#2794=DIRECTION('',(-1.,0.,0.));
#2795=DIRECTION('center_axis',(0.,0.,1.));
#2796=DIRECTION('ref_axis',(-0.0445667358591426,0.999006409416307,0.));
#2797=DIRECTION('',(-0.000627645419427796,-0.999999803030594,0.));
#2798=DIRECTION('',(-1.,6.34476088907599E-16,0.));
#2799=DIRECTION('center_axis',(0.,0.,1.));
#2800=DIRECTION('ref_axis',(1.,0.,0.));
#2801=DIRECTION('center_axis',(0.,0.,-1.));
#2802=DIRECTION('ref_axis',(1.,0.,0.));
#2803=DIRECTION('center_axis',(0.,0.,-1.));
#2804=DIRECTION('ref_axis',(1.,0.,0.));
#2805=DIRECTION('center_axis',(0.,0.,-1.));
#2806=DIRECTION('ref_axis',(1.,0.,0.));
#2807=DIRECTION('center_axis',(0.,0.,-1.));
#2808=DIRECTION('ref_axis',(1.,0.,0.));
#2809=DIRECTION('center_axis',(0.,0.,-1.));
#2810=DIRECTION('ref_axis',(1.,0.,0.));
#2811=DIRECTION('center_axis',(0.,0.,-1.));
#2812=DIRECTION('ref_axis',(1.,0.,0.));
#2813=DIRECTION('center_axis',(0.,0.,-1.));
#2814=DIRECTION('ref_axis',(1.,0.,0.));
#2815=DIRECTION('center_axis',(0.,0.,1.));
#2816=DIRECTION('ref_axis',(1.,0.,0.));
#2817=DIRECTION('center_axis',(0.,0.,1.));
#2818=DIRECTION('ref_axis',(1.,0.,0.));
#2819=DIRECTION('',(0.,0.,-1.));
#2820=DIRECTION('center_axis',(0.,0.,1.));
#2821=DIRECTION('ref_axis',(1.,0.,0.));
#2822=DIRECTION('center_axis',(0.,0.,1.));
#2823=DIRECTION('ref_axis',(1.,0.,0.));
#2824=DIRECTION('center_axis',(0.,0.,1.));
#2825=DIRECTION('ref_axis',(1.,0.,0.));
#2826=DIRECTION('',(0.,0.,-1.));
#2827=DIRECTION('center_axis',(0.,0.,1.));
#2828=DIRECTION('ref_axis',(1.,0.,0.));
#2829=DIRECTION('center_axis',(0.,0.,1.));
#2830=DIRECTION('ref_axis',(1.,0.,0.));
#2831=DIRECTION('center_axis',(0.,0.,1.));
#2832=DIRECTION('ref_axis',(1.,0.,0.));
#2833=DIRECTION('',(0.,0.,-1.));
#2834=DIRECTION('center_axis',(0.,0.,1.));
#2835=DIRECTION('ref_axis',(1.,0.,0.));
#2836=DIRECTION('center_axis',(0.,0.,1.));
#2837=DIRECTION('ref_axis',(1.,0.,0.));
#2838=DIRECTION('center_axis',(0.,0.,-1.));
#2839=DIRECTION('ref_axis',(1.,0.,0.));
#2840=DIRECTION('',(0.,0.,-1.));
#2841=DIRECTION('center_axis',(0.,0.,1.));
#2842=DIRECTION('ref_axis',(1.,0.,0.));
#2843=DIRECTION('center_axis',(0.,0.,1.));
#2844=DIRECTION('ref_axis',(1.,0.,0.));
#2845=DIRECTION('center_axis',(0.,0.,-1.));
#2846=DIRECTION('ref_axis',(1.,0.,0.));
#2847=DIRECTION('center_axis',(0.,0.,1.));
#2848=DIRECTION('ref_axis',(1.,0.,0.));
#2849=DIRECTION('center_axis',(0.,0.,-1.));
#2850=DIRECTION('ref_axis',(1.,0.,0.));
#2851=DIRECTION('',(0.,0.,-1.));
#2852=DIRECTION('center_axis',(0.,0.,1.));
#2853=DIRECTION('ref_axis',(1.,0.,0.));
#2854=DIRECTION('center_axis',(0.,0.,1.));
#2855=DIRECTION('ref_axis',(1.,0.,0.));
#2856=DIRECTION('center_axis',(0.,0.,-1.));
#2857=DIRECTION('ref_axis',(1.,0.,0.));
#2858=DIRECTION('center_axis',(0.,0.,1.));
#2859=DIRECTION('ref_axis',(1.,0.,0.));
#2860=DIRECTION('center_axis',(0.,0.,-1.));
#2861=DIRECTION('ref_axis',(1.,0.,0.));
#2862=DIRECTION('',(0.,0.,-1.));
#2863=DIRECTION('center_axis',(0.,0.,1.));
#2864=DIRECTION('ref_axis',(1.,0.,0.));
#2865=DIRECTION('center_axis',(0.,0.,1.));
#2866=DIRECTION('ref_axis',(1.,0.,0.));
#2867=DIRECTION('center_axis',(0.,0.,-1.));
#2868=DIRECTION('ref_axis',(1.,0.,0.));
#2869=DIRECTION('center_axis',(0.,0.,1.));
#2870=DIRECTION('ref_axis',(1.,0.,0.));
#2871=DIRECTION('center_axis',(0.,0.,-1.));
#2872=DIRECTION('ref_axis',(1.,0.,0.));
#2873=DIRECTION('',(0.,0.,-1.));
#2874=DIRECTION('center_axis',(0.,0.,1.));
#2875=DIRECTION('ref_axis',(1.,0.,0.));
#2876=DIRECTION('center_axis',(0.,0.,1.));
#2877=DIRECTION('ref_axis',(1.,0.,0.));
#2878=DIRECTION('center_axis',(0.,0.,-1.));
#2879=DIRECTION('ref_axis',(1.,0.,0.));
#2880=DIRECTION('center_axis',(0.,0.,1.));
#2881=DIRECTION('ref_axis',(1.,0.,0.));
#2882=DIRECTION('center_axis',(0.,0.,1.));
#2883=DIRECTION('ref_axis',(1.,0.,0.));
#2884=DIRECTION('center_axis',(0.,0.,-1.));
#2885=DIRECTION('ref_axis',(1.,0.,0.));
#2886=DIRECTION('center_axis',(0.,0.,1.));
#2887=DIRECTION('ref_axis',(1.,0.,0.));
#2888=DIRECTION('center_axis',(0.,0.,1.));
#2889=DIRECTION('ref_axis',(1.,0.,0.));
#2890=DIRECTION('center_axis',(0.,0.,-1.));
#2891=DIRECTION('ref_axis',(1.,0.,0.));
#2892=DIRECTION('center_axis',(0.,0.,1.));
#2893=DIRECTION('ref_axis',(1.,0.,0.));
#2894=DIRECTION('center_axis',(0.,0.,1.));
#2895=DIRECTION('ref_axis',(1.,0.,0.));
#2896=DIRECTION('center_axis',(0.,0.,-1.));
#2897=DIRECTION('ref_axis',(1.,0.,0.));
#2898=DIRECTION('center_axis',(0.,0.,1.));
#2899=DIRECTION('ref_axis',(1.,0.,0.));
#2900=DIRECTION('center_axis',(0.,0.,1.));
#2901=DIRECTION('ref_axis',(1.,0.,0.));
#2902=DIRECTION('center_axis',(0.,0.,-1.));
#2903=DIRECTION('ref_axis',(1.,0.,0.));
#2904=DIRECTION('center_axis',(0.,0.,1.));
#2905=DIRECTION('ref_axis',(1.,0.,0.));
#2906=DIRECTION('',(0.,0.,-1.));
#2907=DIRECTION('center_axis',(0.,0.,1.));
#2908=DIRECTION('ref_axis',(1.,0.,0.));
#2909=DIRECTION('',(0.,0.,-1.));
#2910=DIRECTION('center_axis',(0.,0.,1.));
#2911=DIRECTION('ref_axis',(1.,0.,0.));
#2912=DIRECTION('',(0.,0.,-1.));
#2913=DIRECTION('center_axis',(0.,0.,1.));
#2914=DIRECTION('ref_axis',(1.,0.,0.));
#2915=DIRECTION('',(0.,0.,-1.));
#2916=DIRECTION('center_axis',(0.,0.,1.));
#2917=DIRECTION('ref_axis',(1.,0.,0.));
#2918=DIRECTION('center_axis',(0.,0.,1.));
#2919=DIRECTION('ref_axis',(1.,0.,0.));
#2920=DIRECTION('',(0.,0.,-1.));
#2921=DIRECTION('center_axis',(0.,0.,1.));
#2922=DIRECTION('ref_axis',(1.,0.,0.));
#2923=DIRECTION('',(0.,0.,-1.));
#2924=DIRECTION('center_axis',(0.,0.,1.));
#2925=DIRECTION('ref_axis',(1.,0.,0.));
#2926=DIRECTION('center_axis',(0.,0.,1.));
#2927=DIRECTION('ref_axis',(1.,0.,0.));
#2928=DIRECTION('',(0.,0.,-1.));
#2929=DIRECTION('center_axis',(0.,0.,1.));
#2930=DIRECTION('ref_axis',(1.,0.,0.));
#2931=DIRECTION('',(0.,0.,-1.));
#2932=DIRECTION('center_axis',(0.,0.,1.));
#2933=DIRECTION('ref_axis',(1.,0.,0.));
#2934=DIRECTION('center_axis',(-0.999999962362403,0.000274363250689361,
0.));
#2935=DIRECTION('ref_axis',(0.000274363250689361,0.999999962362403,0.));
#2936=DIRECTION('',(0.,0.,1.));
#2937=DIRECTION('',(0.000274363250689361,0.999999962362403,0.));
#2938=DIRECTION('',(0.,0.,1.));
#2939=DIRECTION('center_axis',(-0.964316638060876,-0.26475162239157,0.));
#2940=DIRECTION('ref_axis',(-0.26475162239157,0.964316638060877,0.));
#2941=DIRECTION('',(-0.26475162239157,0.964316638060877,0.));
#2942=DIRECTION('',(0.,0.,1.));
#2943=DIRECTION('center_axis',(0.,0.,-1.));
#2944=DIRECTION('ref_axis',(-0.959164519222567,-0.282848767125726,0.));
#2945=DIRECTION('center_axis',(0.,0.,-1.));
#2946=DIRECTION('ref_axis',(-0.959164519222567,-0.282848767125726,0.));
#2947=DIRECTION('',(0.,0.,1.));
#2948=DIRECTION('center_axis',(0.,-1.,0.));
#2949=DIRECTION('ref_axis',(-1.,0.,0.));
#2950=DIRECTION('',(-1.,0.,0.));
#2951=DIRECTION('',(0.,0.,1.));
#2952=DIRECTION('center_axis',(-0.746683585695574,-0.665179391482328,0.));
#2953=DIRECTION('ref_axis',(-0.665179391482328,0.746683585695574,0.));
#2954=DIRECTION('',(-0.665179391482328,0.746683585695574,0.));
#2955=DIRECTION('',(0.,0.,1.));
#2956=DIRECTION('center_axis',(-1.,0.,0.));
#2957=DIRECTION('ref_axis',(0.,1.,0.));
#2958=DIRECTION('',(0.,1.,0.));
#2959=DIRECTION('',(0.,0.,1.));
#2960=DIRECTION('center_axis',(-0.342188760844188,0.939631231894683,0.));
#2961=DIRECTION('ref_axis',(0.939631231894683,0.342188760844188,0.));
#2962=DIRECTION('',(0.939631231894683,0.342188760844188,0.));
#2963=DIRECTION('',(0.,0.,1.));
#2964=DIRECTION('center_axis',(0.,0.,-1.));
#2965=DIRECTION('ref_axis',(-0.365894869633703,0.930656190209755,0.));
#2966=DIRECTION('center_axis',(0.,0.,-1.));
#2967=DIRECTION('ref_axis',(-0.365894869633703,0.930656190209755,0.));
#2968=DIRECTION('',(0.,0.,1.));
#2969=DIRECTION('center_axis',(-0.939631231894686,-0.342188760844181,0.));
#2970=DIRECTION('ref_axis',(-0.342188760844181,0.939631231894685,0.));
#2971=DIRECTION('',(-0.34218876084418,0.939631231894685,0.));
#2972=DIRECTION('',(0.,0.,1.));
#2973=DIRECTION('center_axis',(0.,0.,-1.));
#2974=DIRECTION('ref_axis',(-0.928815331628635,-0.370542952613579,0.));
#2975=DIRECTION('center_axis',(0.,0.,-1.));
#2976=DIRECTION('ref_axis',(-0.928815331628635,-0.370542952613579,0.));
#2977=DIRECTION('',(0.,0.,1.));
#2978=DIRECTION('center_axis',(0.358708372146918,-0.933449679282021,0.));
#2979=DIRECTION('ref_axis',(-0.933449679282021,-0.358708372146918,0.));
#2980=DIRECTION('',(-0.933449679282021,-0.358708372146918,0.));
#2981=DIRECTION('',(0.,0.,1.));
#2982=DIRECTION('center_axis',(-0.202518285115715,-0.979278481430992,0.));
#2983=DIRECTION('ref_axis',(-0.979278481430992,0.202518285115715,0.));
#2984=DIRECTION('',(-0.979278481430992,0.202518285115715,0.));
#2985=DIRECTION('',(0.,0.,1.));
#2986=DIRECTION('center_axis',(0.176758586890885,-0.984254236445207,0.));
#2987=DIRECTION('ref_axis',(-0.984254236445207,-0.176758586890885,0.));
#2988=DIRECTION('',(-0.984254236445207,-0.176758586890885,0.));
#2989=DIRECTION('',(0.,0.,1.));
#2990=DIRECTION('center_axis',(0.243356584104387,-0.969936891232128,0.));
#2991=DIRECTION('ref_axis',(-0.969936891232128,-0.243356584104387,0.));
#2992=DIRECTION('',(-0.969936891232128,-0.243356584104387,0.));
#2993=DIRECTION('',(0.,0.,1.));
#2994=DIRECTION('center_axis',(0.0825793019651778,-0.996584496611775,0.));
#2995=DIRECTION('ref_axis',(-0.996584496611775,-0.0825793019651778,0.));
#2996=DIRECTION('',(-0.996584496611775,-0.0825793019651778,0.));
#2997=DIRECTION('',(0.,0.,1.));
#2998=DIRECTION('center_axis',(0.111336656343496,-0.993782747361942,0.));
#2999=DIRECTION('ref_axis',(-0.993782747361942,-0.111336656343496,0.));
#3000=DIRECTION('',(-0.993782747361942,-0.111336656343496,0.));
#3001=DIRECTION('',(0.,0.,1.));
#3002=DIRECTION('center_axis',(0.,0.,-1.));
#3003=DIRECTION('ref_axis',(0.141092982537444,-0.989996348618867,0.));
#3004=DIRECTION('center_axis',(0.,0.,-1.));
#3005=DIRECTION('ref_axis',(0.141092982537444,-0.989996348618867,0.));
#3006=DIRECTION('',(0.,0.,1.));
#3007=DIRECTION('center_axis',(0.995895072993953,0.0905152119058976,0.));
#3008=DIRECTION('ref_axis',(0.0905152119058976,-0.995895072993953,0.));
#3009=DIRECTION('',(0.0905152119058976,-0.995895072993953,0.));
#3010=DIRECTION('',(0.,0.,1.));
#3011=DIRECTION('center_axis',(0.0021172001592692,-0.999997758729231,0.));
#3012=DIRECTION('ref_axis',(-0.999997758729231,-0.0021172001592692,0.));
#3013=DIRECTION('',(-0.999997758729231,-0.0021172001592692,0.));
#3014=DIRECTION('',(0.,0.,1.));
#3015=DIRECTION('center_axis',(0.,0.,-1.));
#3016=DIRECTION('ref_axis',(-0.971380389099653,-0.23752923961611,0.));
#3017=DIRECTION('center_axis',(0.,0.,-1.));
#3018=DIRECTION('ref_axis',(-0.971380389099653,-0.23752923961611,0.));
#3019=DIRECTION('',(0.,0.,1.));
#3020=DIRECTION('center_axis',(-0.000592693089032953,-0.999999824357436,
0.));
#3021=DIRECTION('ref_axis',(-0.999999824357436,0.000592693089032953,0.));
#3022=DIRECTION('',(-0.999999824357436,0.000592693089032953,0.));
#3023=DIRECTION('',(0.,0.,1.));
#3024=DIRECTION('center_axis',(0.,0.,-1.));
#3025=DIRECTION('ref_axis',(0.0356357443349006,-0.999364845152008,0.));
#3026=DIRECTION('center_axis',(0.,0.,-1.));
#3027=DIRECTION('ref_axis',(0.0356357443349006,-0.999364845152008,0.));
#3028=DIRECTION('',(0.,0.,1.));
#3029=DIRECTION('center_axis',(0.999999965484347,0.000262738091119943,0.));
#3030=DIRECTION('ref_axis',(0.000262738091119943,-0.999999965484347,0.));
#3031=DIRECTION('',(0.000262738091119943,-0.999999965484347,0.));
#3032=DIRECTION('',(0.,0.,1.));
#3033=DIRECTION('center_axis',(0.,0.,-1.));
#3034=DIRECTION('ref_axis',(0.999379965113326,0.0352091654272976,0.));
#3035=DIRECTION('center_axis',(0.,0.,-1.));
#3036=DIRECTION('ref_axis',(0.999379965113326,0.0352091654272976,0.));
#3037=DIRECTION('',(0.,0.,1.));
#3038=DIRECTION('center_axis',(-0.000451561374290419,0.999999898046158,
0.));
#3039=DIRECTION('ref_axis',(0.999999898046158,0.000451561374290418,0.));
#3040=DIRECTION('',(0.999999898046158,0.000451561374290418,0.));
#3041=DIRECTION('',(0.,0.,1.));
#3042=DIRECTION('center_axis',(0.,0.,-1.));
#3043=DIRECTION('ref_axis',(0.98644036825111,0.164120077640168,0.));
#3044=DIRECTION('center_axis',(0.,0.,-1.));
#3045=DIRECTION('ref_axis',(0.98644036825111,0.164120077640168,0.));
#3046=DIRECTION('',(0.,0.,1.));
#3047=DIRECTION('center_axis',(-0.000451563357241712,0.999999898045262,
0.));
#3048=DIRECTION('ref_axis',(0.999999898045262,0.000451563357241712,0.));
#3049=DIRECTION('',(0.999999898045262,0.000451563357241712,0.));
#3050=DIRECTION('',(0.,0.,1.));
#3051=DIRECTION('center_axis',(0.,0.,-1.));
#3052=DIRECTION('ref_axis',(0.993621236974958,0.11276895597794,0.));
#3053=DIRECTION('center_axis',(0.,0.,-1.));
#3054=DIRECTION('ref_axis',(0.993621236974958,0.11276895597794,0.));
#3055=DIRECTION('',(0.,0.,1.));
#3056=DIRECTION('center_axis',(-0.00112268378495822,0.999999369790361,0.));
#3057=DIRECTION('ref_axis',(0.999999369790361,0.00112268378495822,0.));
#3058=DIRECTION('',(0.999999369790361,0.00112268378495822,0.));
#3059=DIRECTION('',(0.,0.,1.));
#3060=DIRECTION('center_axis',(0.,0.,-1.));
#3061=DIRECTION('ref_axis',(-0.0236407136786463,0.999720519273644,0.));
#3062=DIRECTION('center_axis',(0.,0.,-1.));
#3063=DIRECTION('ref_axis',(-0.0236407136786463,0.999720519273644,0.));
#3064=DIRECTION('',(0.,0.,1.));
#3065=DIRECTION('center_axis',(0.00062764541942633,0.999999803030594,0.));
#3066=DIRECTION('ref_axis',(0.999999803030594,-0.00062764541942633,0.));
#3067=DIRECTION('',(0.999999803030594,-0.00062764541942633,0.));
#3068=DIRECTION('',(0.,0.,1.));
#3069=DIRECTION('center_axis',(0.,0.,-1.));
#3070=DIRECTION('ref_axis',(-0.0411027089492528,0.999154926583977,0.));
#3071=DIRECTION('center_axis',(0.,0.,-1.));
#3072=DIRECTION('ref_axis',(-0.0411027089492528,0.999154926583977,0.));
#3073=DIRECTION('',(0.,0.,1.));
#3074=DIRECTION('center_axis',(0.,1.,0.));
#3075=DIRECTION('ref_axis',(1.,0.,0.));
#3076=DIRECTION('',(1.,0.,0.));
#3077=DIRECTION('',(0.,0.,1.));
#3078=DIRECTION('center_axis',(0.,0.,-1.));
#3079=DIRECTION('ref_axis',(-0.0445667358591426,0.999006409416307,0.));
#3080=DIRECTION('center_axis',(0.,0.,-1.));
#3081=DIRECTION('ref_axis',(-0.0445667358591426,0.999006409416307,0.));
#3082=DIRECTION('',(0.,0.,1.));
#3083=DIRECTION('center_axis',(-0.999999803030594,0.000627645419427797,
0.));
#3084=DIRECTION('ref_axis',(0.000627645419427796,0.999999803030594,0.));
#3085=DIRECTION('',(0.000627645419427796,0.999999803030594,0.));
#3086=DIRECTION('',(0.,0.,1.));
#3087=DIRECTION('center_axis',(6.34476088907599E-16,1.,0.));
#3088=DIRECTION('ref_axis',(1.,-6.34476088907599E-16,0.));
#3089=DIRECTION('',(1.,-6.34476088907599E-16,0.));
#3090=DIRECTION('',(0.,0.,-1.));
#3091=DIRECTION('center_axis',(0.,0.,-1.));
#3092=DIRECTION('ref_axis',(0.,1.,0.));
#3093=DIRECTION('center_axis',(0.,0.,-1.));
#3094=DIRECTION('ref_axis',(0.,1.,0.));
#3095=DIRECTION('center_axis',(0.,0.,1.));
#3096=DIRECTION('ref_axis',(1.,0.,0.));
#3097=DIRECTION('center_axis',(0.,0.,1.));
#3098=DIRECTION('ref_axis',(1.,0.,0.));
#3099=CARTESIAN_POINT('',(0.,0.,0.));
#3100=CARTESIAN_POINT('Origin',(237.093416173178,-56.2523984735168,-5.));
#3101=CARTESIAN_POINT('',(236.983208068523,-54.9268320295736,-5.));
#3102=CARTESIAN_POINT('',(235.769065779091,-56.1284296979216,-5.));
#3103=CARTESIAN_POINT('Origin',(237.093416173178,-56.2523984735168,-5.));
#3104=CARTESIAN_POINT('',(236.983208068523,-54.9268320295736,10.));
#3105=CARTESIAN_POINT('',(236.983208068523,-54.9268320295736,-5.));
#3106=CARTESIAN_POINT('',(235.769065779091,-56.1284296979216,10.));
#3107=CARTESIAN_POINT('Origin',(237.093416173178,-56.2523984735168,10.));
#3108=CARTESIAN_POINT('',(235.769065779091,-56.1284296979216,-5.));
#3109=CARTESIAN_POINT('Origin',(235.768954778235,-56.3052824727887,-5.));
#3110=CARTESIAN_POINT('',(235.768954778235,-56.3052824727887,-5.));
#3111=CARTESIAN_POINT('',(235.755648247219,-77.505992273713,-5.));
#3112=CARTESIAN_POINT('',(235.768954778235,-56.3052824727887,10.));
#3113=CARTESIAN_POINT('',(235.769065779091,-56.1284296979216,10.));
#3114=CARTESIAN_POINT('',(235.768954778235,-56.3052824727887,-5.));
#3115=CARTESIAN_POINT('Origin',(235.307047842973,-56.257928025619,-5.));
#3116=CARTESIAN_POINT('',(235.307047842973,-56.7222559921581,-5.));
#3117=CARTESIAN_POINT('Origin',(235.307047842973,-56.257928025619,-5.));
#3118=CARTESIAN_POINT('',(235.307047842973,-56.7222559921581,10.));
#3119=CARTESIAN_POINT('Origin',(235.307047842973,-56.257928025619,10.));
#3120=CARTESIAN_POINT('',(235.307047842973,-56.7222559921581,-5.));
#3121=CARTESIAN_POINT('Origin',(217.445944665407,-56.7222559921581,-5.));
#3122=CARTESIAN_POINT('',(217.445944665407,-56.7222559921581,-5.));
#3123=CARTESIAN_POINT('',(236.594871684529,-56.7222559921581,-5.));
#3124=CARTESIAN_POINT('',(217.445944665407,-56.7222559921581,10.));
#3125=CARTESIAN_POINT('',(235.307047842973,-56.7222559921581,10.));
#3126=CARTESIAN_POINT('',(217.445944665407,-56.7222559921581,-5.));
#3127=CARTESIAN_POINT('Origin',(217.574371219401,-58.2260506293859,-5.));
#3128=CARTESIAN_POINT('',(216.070206342991,-58.1020356492318,-5.));
#3129=CARTESIAN_POINT('Origin',(217.574371219401,-58.2260506293859,-5.));
#3130=CARTESIAN_POINT('',(216.070206342991,-58.1020356492318,10.));
#3131=CARTESIAN_POINT('Origin',(217.574371219401,-58.2260506293859,10.));
#3132=CARTESIAN_POINT('',(216.070206342991,-58.1020356492318,-5.));
#3133=CARTESIAN_POINT('Origin',(216.066828940414,-63.4831024223345,-5.));
#3134=CARTESIAN_POINT('',(216.066828940414,-63.4831024223345,-5.));
#3135=CARTESIAN_POINT('',(216.055778852577,-81.0887206889969,-5.));
#3136=CARTESIAN_POINT('',(216.066828940414,-63.4831024223345,10.));
#3137=CARTESIAN_POINT('',(216.070206342991,-58.1020356492318,10.));
#3138=CARTESIAN_POINT('',(216.066828940414,-63.4831024223345,-5.));
#3139=CARTESIAN_POINT('Origin',(214.76933225735,-63.3422750422552,-5.));
#3140=CARTESIAN_POINT('',(214.842586709523,-64.64533443414,-5.));
#3141=CARTESIAN_POINT('Origin',(214.76933225735,-63.3422750422552,-5.));
#3142=CARTESIAN_POINT('',(214.842586709523,-64.64533443414,10.));
#3143=CARTESIAN_POINT('Origin',(214.76933225735,-63.3422750422552,10.));
#3144=CARTESIAN_POINT('',(214.842586709523,-64.64533443414,-5.));
#3145=CARTESIAN_POINT('Origin',(198.06999788736,-64.64533443414,-5.));
#3146=CARTESIAN_POINT('',(198.06999788736,-64.64533443414,-5.));
#3147=CARTESIAN_POINT('',(226.906898295505,-64.64533443414,-5.));
#3148=CARTESIAN_POINT('',(198.06999788736,-64.64533443414,10.));
#3149=CARTESIAN_POINT('',(214.842586709523,-64.64533443414,10.));
#3150=CARTESIAN_POINT('',(198.06999788736,-64.64533443414,-5.));
#3151=CARTESIAN_POINT('Origin',(198.06999788736,-65.7525803628042,-5.));
#3152=CARTESIAN_POINT('',(196.967748313207,-65.6475117051445,-5.));
#3153=CARTESIAN_POINT('Origin',(198.06999788736,-65.7525803628042,-5.));
#3154=CARTESIAN_POINT('',(196.967748313207,-65.6475117051445,10.));
#3155=CARTESIAN_POINT('Origin',(198.06999788736,-65.7525803628042,10.));
#3156=CARTESIAN_POINT('',(196.967748313207,-65.6475117051445,-5.));
#3157=CARTESIAN_POINT('Origin',(196.95795611944,-101.338127606317,-5.));
#3158=CARTESIAN_POINT('',(196.95795611944,-101.338127606317,-5.));
#3159=CARTESIAN_POINT('',(196.958317593062,-100.020627514582,-5.));
#3160=CARTESIAN_POINT('',(196.95795611944,-101.338127606317,10.));
#3161=CARTESIAN_POINT('',(196.967748313207,-65.6475117051445,10.));
#3162=CARTESIAN_POINT('',(196.95795611944,-101.338127606317,-5.));
#3163=CARTESIAN_POINT('Origin',(199.636318315791,-111.093645647578,-5.));
#3164=CARTESIAN_POINT('',(199.636318315791,-111.093645647578,-5.));
#3165=CARTESIAN_POINT('',(200.023082913059,-112.502375583921,-5.));
#3166=CARTESIAN_POINT('',(199.636318315791,-111.093645647578,10.));
#3167=CARTESIAN_POINT('',(196.95795611944,-101.338127606317,10.));
#3168=CARTESIAN_POINT('',(199.636318315791,-111.093645647578,-5.));
#3169=CARTESIAN_POINT('Origin',(202.352108025024,-110.262032973504,-5.));
#3170=CARTESIAN_POINT('',(202.143922711697,-113.094655832229,-5.));
#3171=CARTESIAN_POINT('Origin',(202.352108025024,-110.262032973504,-5.));
#3172=CARTESIAN_POINT('',(202.143922711697,-113.094655832229,10.));
#3173=CARTESIAN_POINT('Origin',(202.352108025024,-110.262032973504,10.));
#3174=CARTESIAN_POINT('',(202.143922711697,-113.094655832229,-5.));
#3175=CARTESIAN_POINT('Origin',(213.735480474558,-113.094655832229,-5.));
#3176=CARTESIAN_POINT('',(213.735480474558,-113.094655832229,-5.));
#3177=CARTESIAN_POINT('',(234.739639589104,-113.094655832229,-5.));
#3178=CARTESIAN_POINT('',(213.735480474558,-113.094655832229,10.));
#3179=CARTESIAN_POINT('',(202.143922711697,-113.094655832229,10.));
#3180=CARTESIAN_POINT('',(213.735480474558,-113.094655832229,-5.));
#3181=CARTESIAN_POINT('Origin',(213.692292425458,-113.436380639696,-5.));
#3182=CARTESIAN_POINT('',(213.921542099466,-113.179309368274,-5.));
#3183=CARTESIAN_POINT('Origin',(213.692292425458,-113.436380639696,-5.));
#3184=CARTESIAN_POINT('',(213.921542099466,-113.179309368274,10.));
#3185=CARTESIAN_POINT('Origin',(213.692292425458,-113.436380639696,10.));
#3186=CARTESIAN_POINT('',(213.921542099466,-113.179309368274,-5.));
#3187=CARTESIAN_POINT('Origin',(216.430372107185,-115.995545424369,-5.));
#3188=CARTESIAN_POINT('',(216.430372107185,-115.995545424369,-5.));
#3189=CARTESIAN_POINT('',(220.837371616762,-120.942533016147,-5.));
#3190=CARTESIAN_POINT('',(216.430372107185,-115.995545424369,10.));
#3191=CARTESIAN_POINT('',(213.921542099466,-113.179309368274,10.));
#3192=CARTESIAN_POINT('',(216.430372107185,-115.995545424369,-5.));
#3193=CARTESIAN_POINT('Origin',(215.618434689893,-116.660103224264,-5.));
#3194=CARTESIAN_POINT('',(216.665223536833,-116.588601133936,-5.));
#3195=CARTESIAN_POINT('Origin',(215.618434689893,-116.660103224264,-5.));
#3196=CARTESIAN_POINT('',(216.665223536833,-116.588601133936,10.));
#3197=CARTESIAN_POINT('Origin',(215.618434689893,-116.660103224264,10.));
#3198=CARTESIAN_POINT('',(216.665223536833,-116.588601133936,-5.));
#3199=CARTESIAN_POINT('Origin',(216.665223536833,-123.180073474954,-5.));
#3200=CARTESIAN_POINT('',(216.665223536833,-123.180073474954,-5.));
#3201=CARTESIAN_POINT('',(216.665223536833,-110.949664687462,-5.));
#3202=CARTESIAN_POINT('',(216.665223536833,-123.180073474954,10.));
#3203=CARTESIAN_POINT('',(216.665223536833,-116.588601133936,10.));
#3204=CARTESIAN_POINT('',(216.665223536833,-123.180073474954,-5.));
#3205=CARTESIAN_POINT('Origin',(215.038120507718,-123.040867909631,-5.));
#3206=CARTESIAN_POINT('',(215.647659620111,-124.555894156015,-5.));
#3207=CARTESIAN_POINT('Origin',(215.038120507718,-123.040867909631,-5.));
#3208=CARTESIAN_POINT('',(215.647659620111,-124.555894156015,10.));
#3209=CARTESIAN_POINT('Origin',(215.038120507718,-123.040867909631,10.));
#3210=CARTESIAN_POINT('',(215.647659620111,-124.555894156015,-5.));
#3211=CARTESIAN_POINT('Origin',(205.922371940156,-128.097585861331,-5.));
#3212=CARTESIAN_POINT('',(205.922371940156,-128.097585861331,-5.));
#3213=CARTESIAN_POINT('',(232.639237003959,-118.36801255693,-5.));
#3214=CARTESIAN_POINT('',(205.922371940156,-128.097585861331,10.));
#3215=CARTESIAN_POINT('',(215.647659620111,-124.555894156015,10.));
#3216=CARTESIAN_POINT('',(205.922371940156,-128.097585861331,-5.));
#3217=CARTESIAN_POINT('Origin',(206.893219434519,-130.460427206809,-5.));
#3218=CARTESIAN_POINT('',(204.424796703229,-131.118039023051,-5.));
#3219=CARTESIAN_POINT('Origin',(206.893219434519,-130.460427206809,-5.));
#3220=CARTESIAN_POINT('',(204.424796703229,-131.118039023051,10.));
#3221=CARTESIAN_POINT('Origin',(206.893219434519,-130.460427206809,10.));
#3222=CARTESIAN_POINT('',(204.424796703229,-131.118039023051,-5.));
#3223=CARTESIAN_POINT('Origin',(210.427974752791,-147.602430772438,-5.));
#3224=CARTESIAN_POINT('',(210.427974752791,-147.602430772438,-5.));
#3225=CARTESIAN_POINT('',(205.222326909785,-133.308012441846,-5.));
#3226=CARTESIAN_POINT('',(210.427974752791,-147.602430772438,10.));
#3227=CARTESIAN_POINT('',(204.424796703229,-131.118039023051,10.));
#3228=CARTESIAN_POINT('',(210.427974752791,-147.602430772438,-5.));
#3229=CARTESIAN_POINT('Origin',(212.403332062604,-146.765833302282,-5.));
#3230=CARTESIAN_POINT('',(212.956653786174,-148.838456494936,-5.));
#3231=CARTESIAN_POINT('Origin',(212.403332062604,-146.765833302282,-5.));
#3232=CARTESIAN_POINT('',(212.956653786174,-148.838456494936,10.));
#3233=CARTESIAN_POINT('Origin',(212.403332062604,-146.765833302282,10.));
#3234=CARTESIAN_POINT('',(212.956653786174,-148.838456494936,-5.));
#3235=CARTESIAN_POINT('Origin',(231.609727213451,-141.670406890182,-5.));
#3236=CARTESIAN_POINT('',(231.609727213451,-141.670406890182,-5.));
#3237=CARTESIAN_POINT('',(249.3148774129,-134.866627588928,-5.));
#3238=CARTESIAN_POINT('',(231.609727213451,-141.670406890182,10.));
#3239=CARTESIAN_POINT('',(212.956653786174,-148.838456494936,10.));
#3240=CARTESIAN_POINT('',(231.609727213451,-141.670406890182,-5.));
#3241=CARTESIAN_POINT('Origin',(233.973314759989,-142.159205230718,-5.));
#3242=CARTESIAN_POINT('',(233.973314759989,-142.159205230718,-5.));
#3243=CARTESIAN_POINT('',(240.104568720644,-143.427170432921,-5.));
#3244=CARTESIAN_POINT('',(233.973314759989,-142.159205230718,10.));
#3245=CARTESIAN_POINT('',(231.609727213451,-141.670406890182,10.));
#3246=CARTESIAN_POINT('',(233.973314759989,-142.159205230718,-5.));
#3247=CARTESIAN_POINT('Origin',(253.175592857264,-138.710738954546,-5.));
#3248=CARTESIAN_POINT('',(253.175592857264,-138.710738954546,-5.));
#3249=CARTESIAN_POINT('',(257.898342674949,-137.8625977395,-5.));
#3250=CARTESIAN_POINT('',(253.175592857264,-138.710738954546,10.));
#3251=CARTESIAN_POINT('',(233.973314759989,-142.159205230718,10.));
#3252=CARTESIAN_POINT('',(253.175592857264,-138.710738954546,-5.));
#3253=CARTESIAN_POINT('Origin',(257.252918066893,-137.687740505608,-5.));
#3254=CARTESIAN_POINT('',(257.252918066893,-137.687740505608,-5.));
#3255=CARTESIAN_POINT('',(261.142116094399,-136.7119430538,-5.));
#3256=CARTESIAN_POINT('',(257.252918066893,-137.687740505608,10.));
#3257=CARTESIAN_POINT('',(253.175592857264,-138.710738954546,10.));
#3258=CARTESIAN_POINT('',(257.252918066893,-137.687740505608,-5.));
#3259=CARTESIAN_POINT('Origin',(274.431693178825,-136.264267370934,-5.));
#3260=CARTESIAN_POINT('',(274.431693178825,-136.264267370934,-5.));
#3261=CARTESIAN_POINT('',(266.69639114147,-136.905232432006,-5.));
#3262=CARTESIAN_POINT('',(274.431693178825,-136.264267370934,10.));
#3263=CARTESIAN_POINT('',(257.252918066893,-137.687740505608,10.));
#3264=CARTESIAN_POINT('',(274.431693178825,-136.264267370934,-5.));
#3265=CARTESIAN_POINT('Origin',(274.570043149925,-136.24876758164,-5.));
#3266=CARTESIAN_POINT('',(274.570043149925,-136.24876758164,-5.));
#3267=CARTESIAN_POINT('',(267.349820643785,-137.057672177762,-5.));
#3268=CARTESIAN_POINT('',(274.570043149925,-136.24876758164,10.));
#3269=CARTESIAN_POINT('',(274.431693178825,-136.264267370934,10.));
#3270=CARTESIAN_POINT('',(274.570043149925,-136.24876758164,-5.));
#3271=CARTESIAN_POINT('Origin',(274.244251788844,-134.274163764723,-5.));
#3272=CARTESIAN_POINT('',(276.244988722557,-134.226708872261,-5.));
#3273=CARTESIAN_POINT('Origin',(274.244251788844,-134.274163764723,-5.));
#3274=CARTESIAN_POINT('',(276.244988722557,-134.226708872261,10.));
#3275=CARTESIAN_POINT('Origin',(274.244251788844,-134.274163764723,10.));
#3276=CARTESIAN_POINT('',(276.244988722557,-134.226708872261,-5.));
#3277=CARTESIAN_POINT('Origin',(274.579671209718,-115.90402618627,-5.));
#3278=CARTESIAN_POINT('',(274.579671209718,-115.90402618627,-5.));
#3279=CARTESIAN_POINT('',(273.727961034553,-106.533071302494,-5.));
#3280=CARTESIAN_POINT('',(274.579671209718,-115.90402618627,10.));
#3281=CARTESIAN_POINT('',(276.244988722557,-134.226708872261,10.));
#3282=CARTESIAN_POINT('',(274.579671209718,-115.90402618627,-5.));
#3283=CARTESIAN_POINT('Origin',(275.481155749374,-115.897134815893,-5.));
#3284=CARTESIAN_POINT('',(275.479247070396,-114.995625956718,-5.));
#3285=CARTESIAN_POINT('Origin',(275.481155749374,-115.897134815893,-5.));
#3286=CARTESIAN_POINT('',(275.479247070396,-114.995625956718,10.));
#3287=CARTESIAN_POINT('Origin',(275.481155749374,-115.897134815893,10.));
#3288=CARTESIAN_POINT('',(275.479247070396,-114.995625956718,-5.));
#3289=CARTESIAN_POINT('Origin',(291.284378298259,-114.962163255367,-5.));
#3290=CARTESIAN_POINT('',(291.284378298259,-114.962163255367,-5.));
#3291=CARTESIAN_POINT('',(273.531362861409,-114.999750026719,-5.));
#3292=CARTESIAN_POINT('',(291.284378298259,-114.962163255367,10.));
#3293=CARTESIAN_POINT('',(275.479247070396,-114.995625956718,10.));
#3294=CARTESIAN_POINT('',(291.284378298259,-114.962163255367,-5.));
#3295=CARTESIAN_POINT('Origin',(291.287558962278,-116.464457158223,-5.));
#3296=CARTESIAN_POINT('',(292.786192268071,-116.35959867287,-5.));
#3297=CARTESIAN_POINT('Origin',(291.287558962278,-116.464457158223,-5.));
#3298=CARTESIAN_POINT('',(292.786192268071,-116.35959867287,10.));
#3299=CARTESIAN_POINT('Origin',(291.287558962278,-116.464457158223,10.));
#3300=CARTESIAN_POINT('',(292.786192268071,-116.35959867287,-5.));
#3301=CARTESIAN_POINT('Origin',(292.799386688688,-117.65010827946,-5.));
#3302=CARTESIAN_POINT('',(292.799386688688,-117.65010827946,-5.));
#3303=CARTESIAN_POINT('',(292.700683865474,-107.996259485783,-5.));
#3304=CARTESIAN_POINT('',(292.799386688688,-117.65010827946,10.));
#3305=CARTESIAN_POINT('',(292.786192268071,-116.35959867287,10.));
#3306=CARTESIAN_POINT('',(292.799386688688,-117.65010827946,-5.));
#3307=CARTESIAN_POINT('Origin',(294.824071701531,-117.535263196614,-5.));
#3308=CARTESIAN_POINT('',(294.691953376777,-119.558894472947,-5.));
#3309=CARTESIAN_POINT('Origin',(294.824071701531,-117.535263196614,-5.));
#3310=CARTESIAN_POINT('',(294.691953376777,-119.558894472947,10.));
#3311=CARTESIAN_POINT('Origin',(294.824071701531,-117.535263196614,10.));
#3312=CARTESIAN_POINT('',(294.691953376777,-119.558894472947,-5.));
#3313=CARTESIAN_POINT('Origin',(311.200192082709,-119.568678793658,-5.));
#3314=CARTESIAN_POINT('',(311.200192082709,-119.568678793658,-5.));
#3315=CARTESIAN_POINT('',(283.465826480337,-119.55224082395,-5.));
#3316=CARTESIAN_POINT('',(311.200192082709,-119.568678793658,10.));
#3317=CARTESIAN_POINT('',(294.691953376777,-119.558894472947,10.));
#3318=CARTESIAN_POINT('',(311.200192082709,-119.568678793658,-5.));
#3319=CARTESIAN_POINT('Origin',(311.016033931509,-116.056503189476,-5.));
#3320=CARTESIAN_POINT('',(314.529770839314,-116.207978078466,-5.));
#3321=CARTESIAN_POINT('Origin',(311.016033931509,-116.056503189476,-5.));
#3322=CARTESIAN_POINT('',(314.529770839314,-116.207978078466,10.));
#3323=CARTESIAN_POINT('Origin',(311.016033931509,-116.056503189476,10.));
#3324=CARTESIAN_POINT('',(314.529770839314,-116.207978078466,-5.));
#3325=CARTESIAN_POINT('Origin',(314.515624947031,-62.3677003565221,-5.));
#3326=CARTESIAN_POINT('',(314.515624947031,-62.3677003565221,-5.));
#3327=CARTESIAN_POINT('',(314.520398387475,-80.5357560750954,-5.));
#3328=CARTESIAN_POINT('',(314.515624947031,-62.3677003565221,10.));
#3329=CARTESIAN_POINT('',(314.529770839314,-116.207978078466,10.));
#3330=CARTESIAN_POINT('',(314.515624947031,-62.3677003565221,-5.));
#3331=CARTESIAN_POINT('Origin',(311.971287657788,-62.5110935262244,-5.));
#3332=CARTESIAN_POINT('',(311.970136905133,-59.9627190407301,-5.));
#3333=CARTESIAN_POINT('Origin',(311.971287657788,-62.5110935262244,-5.));
#3334=CARTESIAN_POINT('',(311.970136905133,-59.9627190407301,10.));
#3335=CARTESIAN_POINT('Origin',(311.971287657788,-62.5110935262244,10.));
#3336=CARTESIAN_POINT('',(311.970136905133,-59.9627190407301,-5.));
#3337=CARTESIAN_POINT('Origin',(295.839950380061,-59.9700028106675,-5.));
#3338=CARTESIAN_POINT('',(295.839950380061,-59.9700028106675,-5.));
#3339=CARTESIAN_POINT('',(275.783129797715,-59.979059697057,-5.));
#3340=CARTESIAN_POINT('',(295.839950380061,-59.9700028106675,10.));
#3341=CARTESIAN_POINT('',(311.970136905133,-59.9627190407301,10.));
#3342=CARTESIAN_POINT('',(295.839950380061,-59.9700028106675,-5.));
#3343=CARTESIAN_POINT('Origin',(295.840258521135,-59.4732716592683,-5.));
#3344=CARTESIAN_POINT('',(295.343527324804,-59.4734959648979,-5.));
#3345=CARTESIAN_POINT('Origin',(295.840258521135,-59.4732716592683,-5.));
#3346=CARTESIAN_POINT('',(295.343527324804,-59.4734959648979,10.));
#3347=CARTESIAN_POINT('Origin',(295.840258521135,-59.4732716592683,10.));
#3348=CARTESIAN_POINT('',(295.343527324804,-59.4734959648979,-5.));
#3349=CARTESIAN_POINT('Origin',(295.342338181992,-56.8401053857637,-5.));
#3350=CARTESIAN_POINT('',(295.342338181992,-56.8401053857637,-5.));
#3351=CARTESIAN_POINT('',(295.351789688671,-77.7707357492864,-5.));
#3352=CARTESIAN_POINT('',(295.342338181992,-56.8401053857637,10.));
#3353=CARTESIAN_POINT('',(295.343527324804,-59.4734959648979,10.));
#3354=CARTESIAN_POINT('',(295.342338181992,-56.8401053857637,-5.));
#3355=CARTESIAN_POINT('Origin',(293.064649793884,-56.999667665905,-5.));
#3356=CARTESIAN_POINT('',(293.227485751794,-54.7222109779791,-5.));
#3357=CARTESIAN_POINT('Origin',(293.064649793884,-56.999667665905,-5.));
#3358=CARTESIAN_POINT('',(293.227485751794,-54.7222109779791,10.));
#3359=CARTESIAN_POINT('Origin',(293.064649793884,-56.999667665905,10.));
#3360=CARTESIAN_POINT('',(293.227485751794,-54.7222109779791,-5.));
#3361=CARTESIAN_POINT('Origin',(276.779883553028,-54.7296381132038,-5.));
#3362=CARTESIAN_POINT('',(276.779883553028,-54.7296381132038,-5.));
#3363=CARTESIAN_POINT('',(266.251911224334,-54.7343921602182,-5.));
#3364=CARTESIAN_POINT('',(276.779883553028,-54.7296381132038,10.));
#3365=CARTESIAN_POINT('',(293.227485751794,-54.7222109779791,10.));
#3366=CARTESIAN_POINT('',(276.779883553028,-54.7296381132038,-5.));
#3367=CARTESIAN_POINT('Origin',(276.779557504022,-54.0075933154516,-5.));
#3368=CARTESIAN_POINT('',(276.060391568479,-54.0720072380434,-5.));
#3369=CARTESIAN_POINT('Origin',(276.779557504022,-54.0075933154516,-5.));
#3370=CARTESIAN_POINT('',(276.060391568479,-54.0720072380434,10.));
#3371=CARTESIAN_POINT('Origin',(276.779557504022,-54.0075933154516,10.));
#3372=CARTESIAN_POINT('',(276.060391568479,-54.0720072380434,-5.));
#3373=CARTESIAN_POINT('Origin',(276.060391568479,-51.3514188178852,-5.));
#3374=CARTESIAN_POINT('',(276.060391568479,-51.3514188178852,-5.));
#3375=CARTESIAN_POINT('',(276.060391568479,-75.0353373589276,-5.));
#3376=CARTESIAN_POINT('',(276.060391568479,-51.3514188178852,10.));
#3377=CARTESIAN_POINT('',(276.060391568479,-54.0720072380434,10.));
#3378=CARTESIAN_POINT('',(276.060391568479,-51.3514188178852,-5.));
#3379=CARTESIAN_POINT('Origin',(273.073903363513,-51.5165478214537,-5.));
#3380=CARTESIAN_POINT('',(273.184195698838,-48.5275320993486,-5.));
#3381=CARTESIAN_POINT('Origin',(273.073903363513,-51.5165478214537,-5.));
#3382=CARTESIAN_POINT('',(273.184195698838,-48.5275320993486,10.));
#3383=CARTESIAN_POINT('Origin',(273.073903363513,-51.5165478214537,10.));
#3384=CARTESIAN_POINT('',(273.184195698838,-48.5275320993486,-5.));
#3385=CARTESIAN_POINT('Origin',(257.500609749025,-48.5451398180811,-5.));
#3386=CARTESIAN_POINT('',(257.500609749025,-48.5451398180811,-5.));
#3387=CARTESIAN_POINT('',(256.594040517972,-48.5461576092981,-5.));
#3388=CARTESIAN_POINT('',(257.500609749025,-48.5451398180811,10.));
#3389=CARTESIAN_POINT('',(273.184195698838,-48.5275320993486,10.));
#3390=CARTESIAN_POINT('',(257.500609749025,-48.5451398180811,-5.));
#3391=CARTESIAN_POINT('Origin',(257.604159730434,-51.426799469978,-5.));
#3392=CARTESIAN_POINT('',(254.72602333209,-51.2506863797563,-5.));
#3393=CARTESIAN_POINT('Origin',(257.604159730434,-51.426799469978,-5.));
#3394=CARTESIAN_POINT('',(254.72602333209,-51.2506863797563,10.));
#3395=CARTESIAN_POINT('Origin',(257.604159730434,-51.426799469978,10.));
#3396=CARTESIAN_POINT('',(254.72602333209,-51.2506863797563,-5.));
#3397=CARTESIAN_POINT('Origin',(254.735190997636,-53.5444501900599,-5.));
#3398=CARTESIAN_POINT('',(254.735190997636,-53.5444501900599,-5.));
#3399=CARTESIAN_POINT('',(254.825474454106,-76.133507792774,-5.));
#3400=CARTESIAN_POINT('',(254.735190997636,-53.5444501900599,10.));
#3401=CARTESIAN_POINT('',(254.72602333209,-51.2506863797563,10.));
#3402=CARTESIAN_POINT('',(254.735190997636,-53.5444501900599,-5.));
#3403=CARTESIAN_POINT('Origin',(253.220029601418,-53.416465520522,-5.));
#3404=CARTESIAN_POINT('',(253.21907523067,-54.9370223992355,-5.));
#3405=CARTESIAN_POINT('Origin',(253.220029601418,-53.416465520522,-5.));
#3406=CARTESIAN_POINT('',(253.21907523067,-54.9370223992355,10.));
#3407=CARTESIAN_POINT('Origin',(253.220029601418,-53.416465520522,10.));
#3408=CARTESIAN_POINT('',(253.21907523067,-54.9370223992355,-5.));
#3409=CARTESIAN_POINT('Origin',(236.983208068523,-54.9268320295736,-5.));
#3410=CARTESIAN_POINT('',(246.377242745241,-54.9327281535697,-5.));
#3411=CARTESIAN_POINT('',(253.21907523067,-54.9370223992355,10.));
#3412=CARTESIAN_POINT('Origin',(255.74379870365,-98.7192558999699,10.));
#3413=CARTESIAN_POINT('',(198.06999788736,-60.64533443414,10.));
#3414=CARTESIAN_POINT('',(192.967781507255,-65.5259772153232,10.));
#3415=CARTESIAN_POINT('Origin',(198.06999788736,-65.7525803628042,10.));
#3416=CARTESIAN_POINT('',(192.957808201414,-101.876710926994,10.));
#3417=CARTESIAN_POINT('',(192.967781507255,-65.5259772153232,10.));
#3418=CARTESIAN_POINT('',(195.791170541871,-112.196792903743,10.));
#3419=CARTESIAN_POINT('',(192.957808201414,-101.876710926994,10.));
#3420=CARTESIAN_POINT('',(202.028902957115,-117.094655832229,10.));
#3421=CARTESIAN_POINT('Origin',(202.352108025024,-110.262032973504,10.));
#3422=CARTESIAN_POINT('',(212.0524877257,-117.094655832229,10.));
#3423=CARTESIAN_POINT('',(202.028902957115,-117.094655832229,10.));
#3424=CARTESIAN_POINT('',(212.665223536833,-117.782469944331,10.));
#3425=CARTESIAN_POINT('',(212.0524877257,-117.094655832229,10.));
#3426=CARTESIAN_POINT('',(212.665223536833,-121.385029042945,10.));
#3427=CARTESIAN_POINT('',(212.665223536833,-117.782469944331,10.));
#3428=CARTESIAN_POINT('',(204.494954791552,-124.360424115834,10.));
#3429=CARTESIAN_POINT('',(212.665223536833,-121.385029042945,10.));
#3430=CARTESIAN_POINT('',(200.619499373134,-132.358359660556,10.));
#3431=CARTESIAN_POINT('Origin',(206.893219434519,-130.460427206809,10.));
#3432=CARTESIAN_POINT('',(206.695565524636,-149.04289806832,10.));
#3433=CARTESIAN_POINT('',(200.619499373134,-132.358359660556,10.));
#3434=CARTESIAN_POINT('',(214.244438994724,-152.628763292071,10.));
#3435=CARTESIAN_POINT('Origin',(212.403332062604,-146.765833302282,10.));
#3436=CARTESIAN_POINT('',(231.949001272347,-145.825209918884,10.));
#3437=CARTESIAN_POINT('',(214.244438994724,-152.628763292071,10.));
#3438=CARTESIAN_POINT('',(233.91987312534,-146.232793252348,10.));
#3439=CARTESIAN_POINT('',(231.949001272347,-145.825209918884,10.));
#3440=CARTESIAN_POINT('',(254.016799057248,-142.623660472382,10.));
#3441=CARTESIAN_POINT('',(233.91987312534,-146.232793252348,10.));
#3442=CARTESIAN_POINT('',(257.90914710623,-141.647072682075,10.));
#3443=CARTESIAN_POINT('',(254.016799057248,-142.623660472382,10.));
#3444=CARTESIAN_POINT('',(274.819606056276,-140.245832846663,10.));
#3445=CARTESIAN_POINT('',(257.90914710623,-141.647072682075,10.));
#3446=CARTESIAN_POINT('',(275.090993054,-140.215428494221,10.));
#3447=CARTESIAN_POINT('',(274.819606056276,-140.245832846663,10.));
#3448=CARTESIAN_POINT('',(280.237440578631,-133.962257551138,10.));
#3449=CARTESIAN_POINT('Origin',(274.244251788844,-134.274163764723,10.));
#3450=CARTESIAN_POINT('',(278.876495935175,-118.988442249863,10.));
#3451=CARTESIAN_POINT('',(280.237440578631,-133.962257551138,10.));
#3452=CARTESIAN_POINT('',(288.968649441771,-118.967075092962,10.));
#3453=CARTESIAN_POINT('',(278.876495935175,-118.988442249863,10.));
#3454=CARTESIAN_POINT('',(294.59470892415,-123.558837539392,10.));
#3455=CARTESIAN_POINT('Origin',(294.824071701531,-117.535263196614,10.));
#3456=CARTESIAN_POINT('',(311.28390783535,-123.568729113985,10.));
#3457=CARTESIAN_POINT('',(294.59470892415,-123.558837539392,10.));
#3458=CARTESIAN_POINT('',(318.529789205886,-116.27735709139,10.));
#3459=CARTESIAN_POINT('Origin',(311.016033931509,-116.056503189476,10.));
#3460=CARTESIAN_POINT('',(318.515602182308,-62.2805307165367,10.));
#3461=CARTESIAN_POINT('',(318.529789205886,-116.27735709139,10.));
#3462=CARTESIAN_POINT('',(311.968330651704,-55.9627194485491,10.));
#3463=CARTESIAN_POINT('Origin',(311.971287657788,-62.5110935262244,10.));
#3464=CARTESIAN_POINT('',(299.262721532824,-55.9684568114489,10.));
#3465=CARTESIAN_POINT('',(311.968330651704,-55.9627194485491,10.));
#3466=CARTESIAN_POINT('',(293.333757625087,-50.7221625816713,10.));
#3467=CARTESIAN_POINT('Origin',(293.064649793884,-56.999667665905,10.));
#3468=CARTESIAN_POINT('',(280.020358993293,-50.7281744252667,10.));
#3469=CARTESIAN_POINT('',(293.333757625087,-50.7221625816713,10.));
#3470=CARTESIAN_POINT('',(273.239823412569,-44.5274671261369,10.));
#3471=CARTESIAN_POINT('Origin',(273.073903363513,-51.5165478214537,10.));
#3472=CARTESIAN_POINT('',(257.441428415844,-44.5452037392059,10.));
#3473=CARTESIAN_POINT('',(273.239823412569,-44.5274671261369,10.));
#3474=CARTESIAN_POINT('',(250.738197945687,-50.935464499787,10.));
#3475=CARTESIAN_POINT('Origin',(257.604159730434,-51.426799469978,10.));
#3476=CARTESIAN_POINT('',(236.874332983127,-50.9267629067337,10.));
#3477=CARTESIAN_POINT('',(250.738197945687,-50.935464499787,10.));
#3478=CARTESIAN_POINT('',(233.099860652635,-52.7222559921581,10.));
#3479=CARTESIAN_POINT('Origin',(237.093416173178,-56.2523984735168,10.));
#3480=CARTESIAN_POINT('',(217.328841101167,-52.7222559921581,10.));
#3481=CARTESIAN_POINT('',(233.099860652635,-52.7222559921581,10.));
#3482=CARTESIAN_POINT('',(212.070277557317,-57.9873177101089,10.));
#3483=CARTESIAN_POINT('Origin',(217.574371219401,-58.2260506293859,10.));
#3484=CARTESIAN_POINT('',(212.068609264967,-60.64533443414,10.));
#3485=CARTESIAN_POINT('',(212.070277557317,-57.9873177101089,10.));
#3486=CARTESIAN_POINT('',(212.068609264967,-60.64533443414,10.));
#3487=CARTESIAN_POINT('Origin',(255.74379870365,-98.7192558999699,-5.));
#3488=CARTESIAN_POINT('',(229.227943980442,-119.677603507094,-5.));
#3489=CARTESIAN_POINT('Origin',(231.477943980442,-119.677603507094,-5.));
#3490=CARTESIAN_POINT('',(234.474726605298,-75.6777675411706,-5.));
#3491=CARTESIAN_POINT('Origin',(236.724726605298,-75.6777675411706,-5.));
#3492=CARTESIAN_POINT('',(267.477511745145,-111.099997516721,-5.));
#3493=CARTESIAN_POINT('Origin',(269.727511745145,-111.099997516721,-5.));
#3494=CARTESIAN_POINT('',(289.600637599157,-75.6458200880723,-5.));
#3495=CARTESIAN_POINT('Origin',(291.850637599157,-75.6458200880723,-5.));
#3496=CARTESIAN_POINT('',(289.499998778105,-95.0000013560057,-5.));
#3497=CARTESIAN_POINT('Origin',(291.999998778105,-95.0000013560057,-5.));
#3498=CARTESIAN_POINT('',(255.499998778105,-91.0000013560057,-5.));
#3499=CARTESIAN_POINT('Origin',(257.999998778105,-91.0000013560057,-5.));
#3500=CARTESIAN_POINT('',(251.499998778105,-126.000001356006,-5.));
#3501=CARTESIAN_POINT('Origin',(253.999998778105,-126.000001356006,-5.));
#3502=CARTESIAN_POINT('Origin',(253.999998778105,-126.000001356006,-5.));
#3503=CARTESIAN_POINT('',(251.499998778105,-126.000001356006,-0.2));
#3504=CARTESIAN_POINT('Origin',(253.999998778105,-126.000001356006,-0.2));
#3505=CARTESIAN_POINT('',(251.499998778105,-126.000001356006,-5.));
#3506=CARTESIAN_POINT('Origin',(253.999998778105,-126.000001356006,-0.2));
#3507=CARTESIAN_POINT('Origin',(257.999998778105,-91.0000013560057,-5.));
#3508=CARTESIAN_POINT('',(255.499998778105,-91.0000013560057,-0.2));
#3509=CARTESIAN_POINT('Origin',(257.999998778105,-91.0000013560057,-0.2));
#3510=CARTESIAN_POINT('',(255.499998778105,-91.0000013560057,-5.));
#3511=CARTESIAN_POINT('Origin',(257.999998778105,-91.0000013560057,-0.2));
#3512=CARTESIAN_POINT('Origin',(291.999998778105,-95.0000013560057,-5.));
#3513=CARTESIAN_POINT('',(289.499998778105,-95.0000013560057,-0.2));
#3514=CARTESIAN_POINT('Origin',(291.999998778105,-95.0000013560057,-0.2));
#3515=CARTESIAN_POINT('',(289.499998778105,-95.0000013560057,-5.));
#3516=CARTESIAN_POINT('Origin',(291.999998778105,-95.0000013560057,-0.2));
#3517=CARTESIAN_POINT('Origin',(231.477943980442,-119.677603507094,-5.));
#3518=CARTESIAN_POINT('',(230.427943980442,-119.677603507094,-3.));
#3519=CARTESIAN_POINT('Origin',(231.477943980442,-119.677603507094,-3.));
#3520=CARTESIAN_POINT('',(230.427943980442,-119.677603507094,-5.));
#3521=CARTESIAN_POINT('',(230.427943980442,-119.677603507094,-5.));
#3522=CARTESIAN_POINT('Origin',(231.477943980442,-119.677603507094,-5.));
#3523=CARTESIAN_POINT('Origin',(231.477943980442,-119.677603507094,-3.));
#3524=CARTESIAN_POINT('',(230.027943980442,-119.677603507094,-3.));
#3525=CARTESIAN_POINT('Origin',(231.477943980442,-119.677603507094,-3.));
#3526=CARTESIAN_POINT('Origin',(291.850637599157,-75.6458200880723,-5.));
#3527=CARTESIAN_POINT('',(290.800637599157,-75.6458200880723,-3.));
#3528=CARTESIAN_POINT('Origin',(291.850637599157,-75.6458200880723,-3.));
#3529=CARTESIAN_POINT('',(290.800637599157,-75.6458200880723,-5.));
#3530=CARTESIAN_POINT('',(290.800637599157,-75.6458200880723,-5.));
#3531=CARTESIAN_POINT('Origin',(291.850637599157,-75.6458200880723,-5.));
#3532=CARTESIAN_POINT('Origin',(291.850637599157,-75.6458200880723,-3.));
#3533=CARTESIAN_POINT('',(290.400637599157,-75.6458200880723,-3.));
#3534=CARTESIAN_POINT('Origin',(291.850637599157,-75.6458200880723,-3.));
#3535=CARTESIAN_POINT('Origin',(236.724726605298,-75.6777675411706,-5.));
#3536=CARTESIAN_POINT('',(235.674726605298,-75.6777675411706,-3.));
#3537=CARTESIAN_POINT('Origin',(236.724726605298,-75.6777675411706,-3.));
#3538=CARTESIAN_POINT('',(235.674726605298,-75.6777675411706,-5.));
#3539=CARTESIAN_POINT('',(235.674726605298,-75.6777675411706,-5.));
#3540=CARTESIAN_POINT('Origin',(236.724726605298,-75.6777675411706,-5.));
#3541=CARTESIAN_POINT('Origin',(236.724726605298,-75.6777675411706,-3.));
#3542=CARTESIAN_POINT('',(235.274726605298,-75.6777675411706,-3.));
#3543=CARTESIAN_POINT('Origin',(236.724726605298,-75.6777675411706,-3.));
#3544=CARTESIAN_POINT('Origin',(269.727511745145,-111.099997516721,-5.));
#3545=CARTESIAN_POINT('',(268.677511745145,-111.099997516721,-3.));
#3546=CARTESIAN_POINT('Origin',(269.727511745145,-111.099997516721,-3.));
#3547=CARTESIAN_POINT('',(268.677511745145,-111.099997516721,-5.));
#3548=CARTESIAN_POINT('',(268.677511745145,-111.099997516721,-5.));
#3549=CARTESIAN_POINT('Origin',(269.727511745145,-111.099997516721,-5.));
#3550=CARTESIAN_POINT('Origin',(269.727511745145,-111.099997516721,-3.));
#3551=CARTESIAN_POINT('',(268.277511745145,-111.099997516721,-3.));
#3552=CARTESIAN_POINT('Origin',(269.727511745145,-111.099997516721,-3.));
#3553=CARTESIAN_POINT('Origin',(231.477943980442,-119.677603507094,5.55111512312578E-16));
#3554=CARTESIAN_POINT('',(229.227943980442,-119.677603507094,5.55111512312578E-16));
#3555=CARTESIAN_POINT('Origin',(231.477943980442,-119.677603507094,5.55111512312578E-16));
#3556=CARTESIAN_POINT('',(230.027943980442,-119.677603507094,5.55111512312578E-16));
#3557=CARTESIAN_POINT('Origin',(231.477943980442,-119.677603507094,5.55111512312578E-16));
#3558=CARTESIAN_POINT('Origin',(236.724726605298,-75.6777675411706,5.55111512312578E-16));
#3559=CARTESIAN_POINT('',(234.474726605298,-75.6777675411706,5.55111512312578E-16));
#3560=CARTESIAN_POINT('Origin',(236.724726605298,-75.6777675411706,5.55111512312578E-16));
#3561=CARTESIAN_POINT('',(235.274726605298,-75.6777675411706,5.55111512312578E-16));
#3562=CARTESIAN_POINT('Origin',(236.724726605298,-75.6777675411706,5.55111512312578E-16));
#3563=CARTESIAN_POINT('Origin',(291.850637599157,-75.6458200880723,5.55111512312578E-16));
#3564=CARTESIAN_POINT('',(289.600637599157,-75.6458200880723,5.55111512312578E-16));
#3565=CARTESIAN_POINT('Origin',(291.850637599157,-75.6458200880723,5.55111512312578E-16));
#3566=CARTESIAN_POINT('',(290.400637599157,-75.6458200880723,5.55111512312578E-16));
#3567=CARTESIAN_POINT('Origin',(291.850637599157,-75.6458200880723,5.55111512312578E-16));
#3568=CARTESIAN_POINT('Origin',(269.727511745145,-111.099997516721,5.55111512312578E-16));
#3569=CARTESIAN_POINT('',(267.477511745145,-111.099997516721,5.55111512312578E-16));
#3570=CARTESIAN_POINT('Origin',(269.727511745145,-111.099997516721,5.55111512312578E-16));
#3571=CARTESIAN_POINT('',(268.277511745145,-111.099997516721,5.55111512312578E-16));
#3572=CARTESIAN_POINT('Origin',(269.727511745145,-111.099997516721,5.55111512312578E-16));
#3573=CARTESIAN_POINT('Origin',(231.477943980442,-119.677603507094,-5.));
#3574=CARTESIAN_POINT('',(230.027943980442,-119.677603507094,-5.));
#3575=CARTESIAN_POINT('Origin',(231.477943980442,-119.677603507094,-5.));
#3576=CARTESIAN_POINT('',(229.227943980442,-119.677603507094,-5.));
#3577=CARTESIAN_POINT('Origin',(291.850637599157,-75.6458200880723,-5.));
#3578=CARTESIAN_POINT('',(290.400637599157,-75.6458200880723,-5.));
#3579=CARTESIAN_POINT('Origin',(291.850637599157,-75.6458200880723,-5.));
#3580=CARTESIAN_POINT('',(289.600637599157,-75.6458200880723,-5.));
#3581=CARTESIAN_POINT('Origin',(255.74379870365,-98.7192558999699,-5.));
#3582=CARTESIAN_POINT('Origin',(236.724726605298,-75.6777675411706,-5.));
#3583=CARTESIAN_POINT('',(235.274726605298,-75.6777675411706,-5.));
#3584=CARTESIAN_POINT('Origin',(236.724726605298,-75.6777675411706,-5.));
#3585=CARTESIAN_POINT('',(234.474726605298,-75.6777675411706,-5.));
#3586=CARTESIAN_POINT('Origin',(255.74379870365,-98.7192558999699,-5.));
#3587=CARTESIAN_POINT('Origin',(269.727511745145,-111.099997516721,-5.));
#3588=CARTESIAN_POINT('',(268.277511745145,-111.099997516721,-5.));
#3589=CARTESIAN_POINT('Origin',(269.727511745145,-111.099997516721,-5.));
#3590=CARTESIAN_POINT('',(267.477511745145,-111.099997516721,-5.));
#3591=CARTESIAN_POINT('Origin',(255.74379870365,-98.7192558999699,-5.));
#3592=CARTESIAN_POINT('Origin',(192.957808201414,-101.876710926994,-5.));
#3593=CARTESIAN_POINT('',(192.967781507255,-65.5259772153232,-8.));
#3594=CARTESIAN_POINT('',(192.967781507255,-65.5259772153232,-5.));
#3595=CARTESIAN_POINT('',(192.957808201414,-101.876710926994,-8.));
#3596=CARTESIAN_POINT('',(192.967781507255,-65.5259772153232,-8.));
#3597=CARTESIAN_POINT('',(192.957808201414,-101.876710926994,-5.));
#3598=CARTESIAN_POINT('Origin',(195.791170541871,-112.196792903743,-5.));
#3599=CARTESIAN_POINT('',(195.791170541871,-112.196792903743,-8.));
#3600=CARTESIAN_POINT('',(192.957808201414,-101.876710926994,-8.));
#3601=CARTESIAN_POINT('',(195.791170541871,-112.196792903743,-5.));
#3602=CARTESIAN_POINT('Origin',(202.352108025024,-110.262032973504,-5.));
#3603=CARTESIAN_POINT('',(202.028902957115,-117.094655832229,-8.));
#3604=CARTESIAN_POINT('Origin',(202.352108025024,-110.262032973504,-8.));
#3605=CARTESIAN_POINT('',(202.028902957115,-117.094655832229,-5.));
#3606=CARTESIAN_POINT('Origin',(212.0524877257,-117.094655832229,-5.));
#3607=CARTESIAN_POINT('',(212.0524877257,-117.094655832229,-8.));
#3608=CARTESIAN_POINT('',(202.028902957115,-117.094655832229,-8.));
#3609=CARTESIAN_POINT('',(212.0524877257,-117.094655832229,-5.));
#3610=CARTESIAN_POINT('Origin',(212.665223536833,-117.782469944331,-5.));
#3611=CARTESIAN_POINT('',(212.665223536833,-117.782469944331,-8.));
#3612=CARTESIAN_POINT('',(212.0524877257,-117.094655832229,-8.));
#3613=CARTESIAN_POINT('',(212.665223536833,-117.782469944331,-5.));
#3614=CARTESIAN_POINT('Origin',(212.665223536833,-121.385029042945,-5.));
#3615=CARTESIAN_POINT('',(212.665223536833,-121.385029042945,-8.));
#3616=CARTESIAN_POINT('',(212.665223536833,-117.782469944331,-8.));
#3617=CARTESIAN_POINT('',(212.665223536833,-121.385029042945,-5.));
#3618=CARTESIAN_POINT('Origin',(204.494954791552,-124.360424115834,-5.));
#3619=CARTESIAN_POINT('',(204.494954791552,-124.360424115834,-8.));
#3620=CARTESIAN_POINT('',(212.665223536833,-121.385029042945,-8.));
#3621=CARTESIAN_POINT('',(204.494954791552,-124.360424115834,-5.));
#3622=CARTESIAN_POINT('Origin',(206.893219434519,-130.460427206809,-5.));
#3623=CARTESIAN_POINT('',(200.619499373134,-132.358359660556,-8.));
#3624=CARTESIAN_POINT('Origin',(206.893219434519,-130.460427206809,-8.));
#3625=CARTESIAN_POINT('',(200.619499373134,-132.358359660556,-5.));
#3626=CARTESIAN_POINT('Origin',(206.695565524636,-149.04289806832,-5.));
#3627=CARTESIAN_POINT('',(206.695565524636,-149.04289806832,-8.));
#3628=CARTESIAN_POINT('',(200.619499373134,-132.358359660556,-8.));
#3629=CARTESIAN_POINT('',(206.695565524636,-149.04289806832,-5.));
#3630=CARTESIAN_POINT('Origin',(212.403332062604,-146.765833302282,-5.));
#3631=CARTESIAN_POINT('',(214.244438994724,-152.628763292071,-8.));
#3632=CARTESIAN_POINT('Origin',(212.403332062604,-146.765833302282,-8.));
#3633=CARTESIAN_POINT('',(214.244438994724,-152.628763292071,-5.));
#3634=CARTESIAN_POINT('Origin',(231.949001272347,-145.825209918884,-5.));
#3635=CARTESIAN_POINT('',(231.949001272347,-145.825209918884,-8.));
#3636=CARTESIAN_POINT('',(214.244438994724,-152.628763292071,-8.));
#3637=CARTESIAN_POINT('',(231.949001272347,-145.825209918884,-5.));
#3638=CARTESIAN_POINT('Origin',(233.91987312534,-146.232793252348,-5.));
#3639=CARTESIAN_POINT('',(233.91987312534,-146.232793252348,-8.));
#3640=CARTESIAN_POINT('',(231.949001272347,-145.825209918884,-8.));
#3641=CARTESIAN_POINT('',(233.91987312534,-146.232793252348,-5.));
#3642=CARTESIAN_POINT('Origin',(254.016799057248,-142.623660472382,-5.));
#3643=CARTESIAN_POINT('',(254.016799057248,-142.623660472382,-8.));
#3644=CARTESIAN_POINT('',(233.91987312534,-146.232793252348,-8.));
#3645=CARTESIAN_POINT('',(254.016799057248,-142.623660472382,-5.));
#3646=CARTESIAN_POINT('Origin',(257.90914710623,-141.647072682075,-5.));
#3647=CARTESIAN_POINT('',(257.90914710623,-141.647072682075,-8.));
#3648=CARTESIAN_POINT('',(254.016799057248,-142.623660472382,-8.));
#3649=CARTESIAN_POINT('',(257.90914710623,-141.647072682075,-5.));
#3650=CARTESIAN_POINT('Origin',(274.819606056276,-140.245832846663,-5.));
#3651=CARTESIAN_POINT('',(274.819606056276,-140.245832846663,-8.));
#3652=CARTESIAN_POINT('',(257.90914710623,-141.647072682075,-8.));
#3653=CARTESIAN_POINT('',(274.819606056276,-140.245832846663,-5.));
#3654=CARTESIAN_POINT('Origin',(275.090993054,-140.215428494221,-5.));
#3655=CARTESIAN_POINT('',(275.090993054,-140.215428494221,-8.));
#3656=CARTESIAN_POINT('',(274.819606056276,-140.245832846663,-8.));
#3657=CARTESIAN_POINT('',(275.090993054,-140.215428494221,-5.));
#3658=CARTESIAN_POINT('Origin',(274.244251788844,-134.274163764723,-5.));
#3659=CARTESIAN_POINT('',(280.237440578631,-133.962257551138,-8.));
#3660=CARTESIAN_POINT('Origin',(274.244251788844,-134.274163764723,-8.));
#3661=CARTESIAN_POINT('',(280.237440578631,-133.962257551138,-5.));
#3662=CARTESIAN_POINT('Origin',(278.876495935175,-118.988442249863,-5.));
#3663=CARTESIAN_POINT('',(278.876495935175,-118.988442249863,-8.));
#3664=CARTESIAN_POINT('',(280.237440578631,-133.962257551138,-8.));
#3665=CARTESIAN_POINT('',(278.876495935175,-118.988442249863,-5.));
#3666=CARTESIAN_POINT('Origin',(288.968649441771,-118.967075092962,-5.));
#3667=CARTESIAN_POINT('',(288.968649441771,-118.967075092962,-8.));
#3668=CARTESIAN_POINT('',(278.876495935175,-118.988442249863,-8.));
#3669=CARTESIAN_POINT('',(288.968649441771,-118.967075092962,-5.));
#3670=CARTESIAN_POINT('Origin',(294.824071701531,-117.535263196614,-5.));
#3671=CARTESIAN_POINT('',(294.59470892415,-123.558837539392,-8.));
#3672=CARTESIAN_POINT('Origin',(294.824071701531,-117.535263196614,-8.));
#3673=CARTESIAN_POINT('',(294.59470892415,-123.558837539392,-5.));
#3674=CARTESIAN_POINT('Origin',(311.28390783535,-123.568729113985,-5.));
#3675=CARTESIAN_POINT('',(311.28390783535,-123.568729113985,-8.));
#3676=CARTESIAN_POINT('',(294.59470892415,-123.558837539392,-8.));
#3677=CARTESIAN_POINT('',(311.28390783535,-123.568729113985,-5.));
#3678=CARTESIAN_POINT('Origin',(311.016033931509,-116.056503189476,-5.));
#3679=CARTESIAN_POINT('',(318.529789205886,-116.27735709139,-8.));
#3680=CARTESIAN_POINT('Origin',(311.016033931509,-116.056503189476,-8.));
#3681=CARTESIAN_POINT('',(318.529789205886,-116.27735709139,-5.));
#3682=CARTESIAN_POINT('Origin',(318.515602182308,-62.2805307165367,-5.));
#3683=CARTESIAN_POINT('',(318.515602182308,-62.2805307165367,-8.));
#3684=CARTESIAN_POINT('',(318.529789205886,-116.27735709139,-8.));
#3685=CARTESIAN_POINT('',(318.515602182308,-62.2805307165367,-5.));
#3686=CARTESIAN_POINT('Origin',(311.971287657788,-62.5110935262244,-5.));
#3687=CARTESIAN_POINT('',(311.968330651704,-55.9627194485491,-8.));
#3688=CARTESIAN_POINT('Origin',(311.971287657788,-62.5110935262244,-8.));
#3689=CARTESIAN_POINT('',(311.968330651704,-55.9627194485491,-5.));
#3690=CARTESIAN_POINT('Origin',(299.262721532824,-55.9684568114489,-5.));
#3691=CARTESIAN_POINT('',(299.262721532824,-55.9684568114489,-8.));
#3692=CARTESIAN_POINT('',(311.968330651704,-55.9627194485491,-8.));
#3693=CARTESIAN_POINT('',(299.262721532824,-55.9684568114489,-5.));
#3694=CARTESIAN_POINT('Origin',(293.064649793884,-56.999667665905,-5.));
#3695=CARTESIAN_POINT('',(293.333757625087,-50.7221625816713,-8.));
#3696=CARTESIAN_POINT('Origin',(293.064649793884,-56.999667665905,-8.));
#3697=CARTESIAN_POINT('',(293.333757625087,-50.7221625816713,-5.));
#3698=CARTESIAN_POINT('Origin',(280.020358993293,-50.7281744252667,-5.));
#3699=CARTESIAN_POINT('',(280.020358993293,-50.7281744252667,-8.));
#3700=CARTESIAN_POINT('',(293.333757625087,-50.7221625816713,-8.));
#3701=CARTESIAN_POINT('',(280.020358993293,-50.7281744252667,-5.));
#3702=CARTESIAN_POINT('Origin',(273.073903363513,-51.5165478214537,-5.));
#3703=CARTESIAN_POINT('',(273.239823412569,-44.5274671261369,-8.));
#3704=CARTESIAN_POINT('Origin',(273.073903363513,-51.5165478214537,-8.));
#3705=CARTESIAN_POINT('',(273.239823412569,-44.5274671261369,-5.));
#3706=CARTESIAN_POINT('Origin',(257.441428415844,-44.5452037392059,-5.));
#3707=CARTESIAN_POINT('',(257.441428415844,-44.5452037392059,-8.));
#3708=CARTESIAN_POINT('',(273.239823412569,-44.5274671261369,-8.));
#3709=CARTESIAN_POINT('',(257.441428415844,-44.5452037392059,-5.));
#3710=CARTESIAN_POINT('Origin',(257.604159730434,-51.426799469978,-5.));
#3711=CARTESIAN_POINT('',(250.738197945687,-50.935464499787,-8.));
#3712=CARTESIAN_POINT('Origin',(257.604159730434,-51.426799469978,-8.));
#3713=CARTESIAN_POINT('',(250.738197945687,-50.935464499787,-5.));
#3714=CARTESIAN_POINT('Origin',(236.874332983127,-50.9267629067337,-5.));
#3715=CARTESIAN_POINT('',(236.874332983127,-50.9267629067337,-8.));
#3716=CARTESIAN_POINT('',(250.738197945687,-50.935464499787,-8.));
#3717=CARTESIAN_POINT('',(236.874332983127,-50.9267629067337,-5.));
#3718=CARTESIAN_POINT('Origin',(237.093416173178,-56.2523984735168,-5.));
#3719=CARTESIAN_POINT('',(233.099860652635,-52.7222559921581,-8.));
#3720=CARTESIAN_POINT('Origin',(237.093416173178,-56.2523984735168,-8.));
#3721=CARTESIAN_POINT('',(233.099860652635,-52.7222559921581,-5.));
#3722=CARTESIAN_POINT('Origin',(217.328841101167,-52.7222559921581,-5.));
#3723=CARTESIAN_POINT('',(217.328841101167,-52.7222559921581,-8.));
#3724=CARTESIAN_POINT('',(233.099860652635,-52.7222559921581,-8.));
#3725=CARTESIAN_POINT('',(217.328841101167,-52.7222559921581,-5.));
#3726=CARTESIAN_POINT('Origin',(217.574371219401,-58.2260506293859,-5.));
#3727=CARTESIAN_POINT('',(212.070277557317,-57.9873177101089,-8.));
#3728=CARTESIAN_POINT('Origin',(217.574371219401,-58.2260506293859,-8.));
#3729=CARTESIAN_POINT('',(212.070277557317,-57.9873177101089,-5.));
#3730=CARTESIAN_POINT('Origin',(212.068609264967,-60.64533443414,-5.));
#3731=CARTESIAN_POINT('',(212.068609264967,-60.64533443414,-8.));
#3732=CARTESIAN_POINT('',(212.070277557317,-57.9873177101089,-8.));
#3733=CARTESIAN_POINT('',(212.068609264967,-60.64533443414,-5.));
#3734=CARTESIAN_POINT('Origin',(198.06999788736,-60.64533443414,-5.));
#3735=CARTESIAN_POINT('',(198.06999788736,-60.64533443414,-8.));
#3736=CARTESIAN_POINT('',(212.068609264967,-60.64533443414,-8.));
#3737=CARTESIAN_POINT('',(198.06999788736,-60.64533443414,-5.));
#3738=CARTESIAN_POINT('Origin',(198.06999788736,-65.7525803628042,-5.));
#3739=CARTESIAN_POINT('Origin',(198.06999788736,-65.7525803628042,-8.));
#3740=CARTESIAN_POINT('Origin',(255.74379870365,-98.7192558999699,-5.));
#3741=CARTESIAN_POINT('Origin',(255.74379870365,-98.7192558999699,-8.));
#3742=UNCERTAINTY_MEASURE_WITH_UNIT(LENGTH_MEASURE(0.01),#3746,
'DISTANCE_ACCURACY_VALUE',
'Maximum model space distance between geometric entities at asserted c
onnectivities');
#3743=UNCERTAINTY_MEASURE_WITH_UNIT(LENGTH_MEASURE(0.01),#3746,
'DISTANCE_ACCURACY_VALUE',
'Maximum model space distance between geometric entities at asserted c
onnectivities');
#3744=(
GEOMETRIC_REPRESENTATION_CONTEXT(3)
GLOBAL_UNCERTAINTY_ASSIGNED_CONTEXT((#3742))
GLOBAL_UNIT_ASSIGNED_CONTEXT((#3746,#3748,#3749))
REPRESENTATION_CONTEXT('','3D')
);
#3745=(
GEOMETRIC_REPRESENTATION_CONTEXT(3)
GLOBAL_UNCERTAINTY_ASSIGNED_CONTEXT((#3743))
GLOBAL_UNIT_ASSIGNED_CONTEXT((#3746,#3748,#3749))
REPRESENTATION_CONTEXT('','3D')
);
#3746=(
LENGTH_UNIT()
NAMED_UNIT(*)
SI_UNIT(.MILLI.,.METRE.)
);
#3747=(
LENGTH_UNIT()
NAMED_UNIT(*)
SI_UNIT($,.METRE.)
);
#3748=(
NAMED_UNIT(*)
PLANE_ANGLE_UNIT()
SI_UNIT($,.RADIAN.)
);
#3749=(
NAMED_UNIT(*)
SI_UNIT($,.STERADIAN.)
SOLID_ANGLE_UNIT()
);
#3750=SHAPE_DEFINITION_REPRESENTATION(#3751,#3752);
#3751=PRODUCT_DEFINITION_SHAPE('',$,#3754);
#3752=SHAPE_REPRESENTATION('',(#2214),#3744);
#3753=PRODUCT_DEFINITION_CONTEXT('part definition',#3758,'design');
#3754=PRODUCT_DEFINITION('2026-08-13-00-36-20-143','MX_Case',#3755,#3753);
#3755=PRODUCT_DEFINITION_FORMATION('',$,#3760);
#3756=PRODUCT_RELATED_PRODUCT_CATEGORY('MX_Case','MX_Case',(#3760));
#3757=APPLICATION_PROTOCOL_DEFINITION('international standard',
'automotive_design',2009,#3758);
#3758=APPLICATION_CONTEXT(
'Core Data for Automotive Mechanical Design Process');
#3759=PRODUCT_CONTEXT('part definition',#3758,'mechanical');
#3760=PRODUCT('2026-08-13-00-36-20-143','MX_Case',$,(#3759));
#3761=PRESENTATION_STYLE_ASSIGNMENT((#3793));
#3762=PRESENTATION_STYLE_ASSIGNMENT((#3794));
#3763=PRESENTATION_STYLE_ASSIGNMENT((#3795));
#3764=PRESENTATION_STYLE_ASSIGNMENT((#3796));
#3765=PRESENTATION_STYLE_ASSIGNMENT((#3797));
#3766=PRESENTATION_STYLE_ASSIGNMENT((#3798));
#3767=PRESENTATION_STYLE_ASSIGNMENT((#3799));
#3768=PRESENTATION_STYLE_ASSIGNMENT((#3800));
#3769=PRESENTATION_STYLE_ASSIGNMENT((#3801));
#3770=PRESENTATION_STYLE_ASSIGNMENT((#3802));
#3771=PRESENTATION_STYLE_ASSIGNMENT((#3803));
#3772=PRESENTATION_STYLE_ASSIGNMENT((#3804));
#3773=PRESENTATION_STYLE_ASSIGNMENT((#3805));
#3774=PRESENTATION_STYLE_ASSIGNMENT((#3806));
#3775=PRESENTATION_STYLE_ASSIGNMENT((#3807));
#3776=PRESENTATION_STYLE_ASSIGNMENT((#3808));
#3777=PRESENTATION_STYLE_ASSIGNMENT((#3809));
#3778=PRESENTATION_STYLE_ASSIGNMENT((#3810));
#3779=PRESENTATION_STYLE_ASSIGNMENT((#3811));
#3780=PRESENTATION_STYLE_ASSIGNMENT((#3812));
#3781=PRESENTATION_STYLE_ASSIGNMENT((#3813));
#3782=PRESENTATION_STYLE_ASSIGNMENT((#3814));
#3783=PRESENTATION_STYLE_ASSIGNMENT((#3815));
#3784=PRESENTATION_STYLE_ASSIGNMENT((#3816));
#3785=PRESENTATION_STYLE_ASSIGNMENT((#3817));
#3786=PRESENTATION_STYLE_ASSIGNMENT((#3818));
#3787=PRESENTATION_STYLE_ASSIGNMENT((#3819));
#3788=PRESENTATION_STYLE_ASSIGNMENT((#3820));
#3789=PRESENTATION_STYLE_ASSIGNMENT((#3821));
#3790=PRESENTATION_STYLE_ASSIGNMENT((#3822));
#3791=PRESENTATION_STYLE_ASSIGNMENT((#3823));
#3792=PRESENTATION_STYLE_ASSIGNMENT((#3824));
#3793=SURFACE_STYLE_USAGE(.BOTH.,#3825);
#3794=SURFACE_STYLE_USAGE(.BOTH.,#3826);
#3795=SURFACE_STYLE_USAGE(.BOTH.,#3827);
#3796=SURFACE_STYLE_USAGE(.BOTH.,#3828);
#3797=SURFACE_STYLE_USAGE(.BOTH.,#3829);
#3798=SURFACE_STYLE_USAGE(.BOTH.,#3830);
#3799=SURFACE_STYLE_USAGE(.BOTH.,#3831);
#3800=SURFACE_STYLE_USAGE(.BOTH.,#3832);
#3801=SURFACE_STYLE_USAGE(.BOTH.,#3833);
#3802=SURFACE_STYLE_USAGE(.BOTH.,#3834);
#3803=SURFACE_STYLE_USAGE(.BOTH.,#3835);
#3804=SURFACE_STYLE_USAGE(.BOTH.,#3836);
#3805=SURFACE_STYLE_USAGE(.BOTH.,#3837);
#3806=SURFACE_STYLE_USAGE(.BOTH.,#3838);
#3807=SURFACE_STYLE_USAGE(.BOTH.,#3839);
#3808=SURFACE_STYLE_USAGE(.BOTH.,#3840);
#3809=SURFACE_STYLE_USAGE(.BOTH.,#3841);
#3810=SURFACE_STYLE_USAGE(.BOTH.,#3842);
#3811=SURFACE_STYLE_USAGE(.BOTH.,#3843);
#3812=SURFACE_STYLE_USAGE(.BOTH.,#3844);
#3813=SURFACE_STYLE_USAGE(.BOTH.,#3845);
#3814=SURFACE_STYLE_USAGE(.BOTH.,#3846);
#3815=SURFACE_STYLE_USAGE(.BOTH.,#3847);
#3816=SURFACE_STYLE_USAGE(.BOTH.,#3848);
#3817=SURFACE_STYLE_USAGE(.BOTH.,#3849);
#3818=SURFACE_STYLE_USAGE(.BOTH.,#3850);
#3819=SURFACE_STYLE_USAGE(.BOTH.,#3851);
#3820=SURFACE_STYLE_USAGE(.BOTH.,#3852);
#3821=SURFACE_STYLE_USAGE(.BOTH.,#3853);
#3822=SURFACE_STYLE_USAGE(.BOTH.,#3854);
#3823=SURFACE_STYLE_USAGE(.BOTH.,#3855);
#3824=SURFACE_STYLE_USAGE(.BOTH.,#3856);
#3825=SURFACE_SIDE_STYLE('',(#3857));
#3826=SURFACE_SIDE_STYLE('',(#3858));
#3827=SURFACE_SIDE_STYLE('',(#3859));
#3828=SURFACE_SIDE_STYLE('',(#3860));
#3829=SURFACE_SIDE_STYLE('',(#3861));
#3830=SURFACE_SIDE_STYLE('',(#3862));
#3831=SURFACE_SIDE_STYLE('',(#3863));
#3832=SURFACE_SIDE_STYLE('',(#3864));
#3833=SURFACE_SIDE_STYLE('',(#3865));
#3834=SURFACE_SIDE_STYLE('',(#3866));
#3835=SURFACE_SIDE_STYLE('',(#3867));
#3836=SURFACE_SIDE_STYLE('',(#3868));
#3837=SURFACE_SIDE_STYLE('',(#3869));
#3838=SURFACE_SIDE_STYLE('',(#3870));
#3839=SURFACE_SIDE_STYLE('',(#3871));
#3840=SURFACE_SIDE_STYLE('',(#3872));
#3841=SURFACE_SIDE_STYLE('',(#3873));
#3842=SURFACE_SIDE_STYLE('',(#3874));
#3843=SURFACE_SIDE_STYLE('',(#3875));
#3844=SURFACE_SIDE_STYLE('',(#3876));
#3845=SURFACE_SIDE_STYLE('',(#3877));
#3846=SURFACE_SIDE_STYLE('',(#3878));
#3847=SURFACE_SIDE_STYLE('',(#3879));
#3848=SURFACE_SIDE_STYLE('',(#3880));
#3849=SURFACE_SIDE_STYLE('',(#3881));
#3850=SURFACE_SIDE_STYLE('',(#3882));
#3851=SURFACE_SIDE_STYLE('',(#3883));
#3852=SURFACE_SIDE_STYLE('',(#3884));
#3853=SURFACE_SIDE_STYLE('',(#3885));
#3854=SURFACE_SIDE_STYLE('',(#3886));
#3855=SURFACE_SIDE_STYLE('',(#3887));
#3856=SURFACE_SIDE_STYLE('',(#3888));
#3857=SURFACE_STYLE_FILL_AREA(#3889);
#3858=SURFACE_STYLE_FILL_AREA(#3890);
#3859=SURFACE_STYLE_FILL_AREA(#3891);
#3860=SURFACE_STYLE_FILL_AREA(#3892);
#3861=SURFACE_STYLE_FILL_AREA(#3893);
#3862=SURFACE_STYLE_FILL_AREA(#3894);
#3863=SURFACE_STYLE_FILL_AREA(#3895);
#3864=SURFACE_STYLE_FILL_AREA(#3896);
#3865=SURFACE_STYLE_FILL_AREA(#3897);
#3866=SURFACE_STYLE_FILL_AREA(#3898);
#3867=SURFACE_STYLE_FILL_AREA(#3899);
#3868=SURFACE_STYLE_FILL_AREA(#3900);
#3869=SURFACE_STYLE_FILL_AREA(#3901);
#3870=SURFACE_STYLE_FILL_AREA(#3902);
#3871=SURFACE_STYLE_FILL_AREA(#3903);
#3872=SURFACE_STYLE_FILL_AREA(#3904);
#3873=SURFACE_STYLE_FILL_AREA(#3905);
#3874=SURFACE_STYLE_FILL_AREA(#3906);
#3875=SURFACE_STYLE_FILL_AREA(#3907);
#3876=SURFACE_STYLE_FILL_AREA(#3908);
#3877=SURFACE_STYLE_FILL_AREA(#3909);
#3878=SURFACE_STYLE_FILL_AREA(#3910);
#3879=SURFACE_STYLE_FILL_AREA(#3911);
#3880=SURFACE_STYLE_FILL_AREA(#3912);
#3881=SURFACE_STYLE_FILL_AREA(#3913);
#3882=SURFACE_STYLE_FILL_AREA(#3914);
#3883=SURFACE_STYLE_FILL_AREA(#3915);
#3884=SURFACE_STYLE_FILL_AREA(#3916);
#3885=SURFACE_STYLE_FILL_AREA(#3917);
#3886=SURFACE_STYLE_FILL_AREA(#3918);
#3887=SURFACE_STYLE_FILL_AREA(#3919);
#3888=SURFACE_STYLE_FILL_AREA(#3920);
#3889=FILL_AREA_STYLE('Steel - Satin',(#3921));
#3890=FILL_AREA_STYLE('Opaque(38,37,37)',(#3922));
#3891=FILL_AREA_STYLE('Opaque(210,209,199)',(#3923));
#3892=FILL_AREA_STYLE('Opaque(176,169,152)',(#3924));
#3893=FILL_AREA_STYLE('Opaque(228,227,207)',(#3925));
#3894=FILL_AREA_STYLE('Opaque(64,64,64)',(#3926));
#3895=FILL_AREA_STYLE('Opaque(255,255,255)',(#3927));
#3896=FILL_AREA_STYLE('Opaque(160,160,160)',(#3928));
#3897=FILL_AREA_STYLE('Opaque(38,38,38)',(#3929));
#3898=FILL_AREA_STYLE('Opaque(204,204,204)',(#3930));
#3899=FILL_AREA_STYLE('Opaque(163,131,49)',(#3931));
#3900=FILL_AREA_STYLE('Opaque(191,191,191)',(#3932));
#3901=FILL_AREA_STYLE('Opaque(255,254,246)',(#3933));
#3902=FILL_AREA_STYLE('Opaque(5,5,5)',(#3934));
#3903=FILL_AREA_STYLE('Opaque(235,235,235)',(#3935));
#3904=FILL_AREA_STYLE('Opaque(243,203,124)',(#3936));
#3905=FILL_AREA_STYLE('Opaque(254,195,40)',(#3937));
#3906=FILL_AREA_STYLE('Opaque(219,188,126)',(#3938));
#3907=FILL_AREA_STYLE('Opaque(87,173,113)',(#3939));
#3908=FILL_AREA_STYLE('Opaque(48,59,150)',(#3940));
#3909=FILL_AREA_STYLE('Opaque(105,105,105)',(#3941));
#3910=FILL_AREA_STYLE('Opaque(255,206,127)',(#3942));
#3911=FILL_AREA_STYLE('Opaque(240,204,134)',(#3943));
#3912=FILL_AREA_STYLE('Opaque(153,153,153)',(#3944));
#3913=FILL_AREA_STYLE('Opaque(191,153,119)',(#3945));
#3914=FILL_AREA_STYLE('Opaque(25,25,25)',(#3946));
#3915=FILL_AREA_STYLE('Opaque(63,63,63)',(#3947));
#3916=FILL_AREA_STYLE('Opaque(245,245,246)',(#3948));
#3917=FILL_AREA_STYLE('Opaque(39,39,39)',(#3949));
#3918=FILL_AREA_STYLE('Opaque(59,59,59)',(#3950));
#3919=FILL_AREA_STYLE('Opaque(227,227,227)',(#3951));
#3920=FILL_AREA_STYLE('Opaque(173,179,147)',(#3952));
#3921=FILL_AREA_STYLE_COLOUR('Steel - Satin',#3953);
#3922=FILL_AREA_STYLE_COLOUR('Opaque(38,37,37)',#3954);
#3923=FILL_AREA_STYLE_COLOUR('Opaque(210,209,199)',#3955);
#3924=FILL_AREA_STYLE_COLOUR('Opaque(176,169,152)',#3956);
#3925=FILL_AREA_STYLE_COLOUR('Opaque(228,227,207)',#3957);
#3926=FILL_AREA_STYLE_COLOUR('Opaque(64,64,64)',#3958);
#3927=FILL_AREA_STYLE_COLOUR('Opaque(255,255,255)',#3959);
#3928=FILL_AREA_STYLE_COLOUR('Opaque(160,160,160)',#3960);
#3929=FILL_AREA_STYLE_COLOUR('Opaque(38,38,38)',#3961);
#3930=FILL_AREA_STYLE_COLOUR('Opaque(204,204,204)',#3962);
#3931=FILL_AREA_STYLE_COLOUR('Opaque(163,131,49)',#3963);
#3932=FILL_AREA_STYLE_COLOUR('Opaque(191,191,191)',#3964);
#3933=FILL_AREA_STYLE_COLOUR('Opaque(255,254,246)',#3965);
#3934=FILL_AREA_STYLE_COLOUR('Opaque(5,5,5)',#3966);
#3935=FILL_AREA_STYLE_COLOUR('Opaque(235,235,235)',#3967);
#3936=FILL_AREA_STYLE_COLOUR('Opaque(243,203,124)',#3968);
#3937=FILL_AREA_STYLE_COLOUR('Opaque(254,195,40)',#3969);
#3938=FILL_AREA_STYLE_COLOUR('Opaque(219,188,126)',#3970);
#3939=FILL_AREA_STYLE_COLOUR('Opaque(87,173,113)',#3971);
#3940=FILL_AREA_STYLE_COLOUR('Opaque(48,59,150)',#3972);
#3941=FILL_AREA_STYLE_COLOUR('Opaque(105,105,105)',#3973);
#3942=FILL_AREA_STYLE_COLOUR('Opaque(255,206,127)',#3974);
#3943=FILL_AREA_STYLE_COLOUR('Opaque(240,204,134)',#3975);
#3944=FILL_AREA_STYLE_COLOUR('Opaque(153,153,153)',#3976);
#3945=FILL_AREA_STYLE_COLOUR('Opaque(191,153,119)',#3977);
#3946=FILL_AREA_STYLE_COLOUR('Opaque(25,25,25)',#3978);
#3947=FILL_AREA_STYLE_COLOUR('Opaque(63,63,63)',#3979);
#3948=FILL_AREA_STYLE_COLOUR('Opaque(245,245,246)',#3980);
#3949=FILL_AREA_STYLE_COLOUR('Opaque(39,39,39)',#3981);
#3950=FILL_AREA_STYLE_COLOUR('Opaque(59,59,59)',#3982);
#3951=FILL_AREA_STYLE_COLOUR('Opaque(227,227,227)',#3983);
#3952=FILL_AREA_STYLE_COLOUR('Opaque(173,179,147)',#3984);
#3953=COLOUR_RGB('Steel - Satin',0.627450980392157,0.627450980392157,0.627450980392157);
#3954=COLOUR_RGB('Opaque(38,37,37)',0.149019607843137,0.145098039215686,
0.145098039215686);
#3955=COLOUR_RGB('Opaque(210,209,199)',0.823529411764706,0.819607843137255,
0.780392156862745);
#3956=COLOUR_RGB('Opaque(176,169,152)',0.690196078431373,0.662745098039216,
0.596078431372549);
#3957=COLOUR_RGB('Opaque(228,227,207)',0.894117647058824,0.890196078431372,
0.811764705882353);
#3958=COLOUR_RGB('Opaque(64,64,64)',0.250980392156863,0.250980392156863,
0.250980392156863);
#3959=COLOUR_RGB('Opaque(255,255,255)',1.,1.,1.);
#3960=COLOUR_RGB('Opaque(160,160,160)',0.627450980392157,0.627450980392157,
0.627450980392157);
#3961=COLOUR_RGB('Opaque(38,38,38)',0.149019607843137,0.149019607843137,
0.149019607843137);
#3962=COLOUR_RGB('Opaque(204,204,204)',0.8,0.8,0.8);
#3963=COLOUR_RGB('Opaque(163,131,49)',0.63921568627451,0.513725490196078,
0.192156862745098);
#3964=COLOUR_RGB('Opaque(191,191,191)',0.749019607843137,0.749019607843137,
0.749019607843137);
#3965=COLOUR_RGB('Opaque(255,254,246)',1.,0.996078431372549,0.964705882352941);
#3966=COLOUR_RGB('Opaque(5,5,5)',0.0196078431372549,0.0196078431372549,
0.0196078431372549);
#3967=COLOUR_RGB('Opaque(235,235,235)',0.92156862745098,0.92156862745098,
0.92156862745098);
#3968=COLOUR_RGB('Opaque(243,203,124)',0.952941176470588,0.796078431372549,
0.486274509803922);
#3969=COLOUR_RGB('Opaque(254,195,40)',0.996078431372549,0.764705882352941,
0.156862745098039);
#3970=COLOUR_RGB('Opaque(219,188,126)',0.858823529411765,0.737254901960784,
0.494117647058824);
#3971=COLOUR_RGB('Opaque(87,173,113)',0.341176470588235,0.67843137254902,
0.443137254901961);
#3972=COLOUR_RGB('Opaque(48,59,150)',0.188235294117647,0.231372549019608,
0.588235294117647);
#3973=COLOUR_RGB('Opaque(105,105,105)',0.411764705882353,0.411764705882353,
0.411764705882353);
#3974=COLOUR_RGB('Opaque(255,206,127)',1.,0.807843137254902,0.498039215686275);
#3975=COLOUR_RGB('Opaque(240,204,134)',0.941176470588235,0.8,0.525490196078431);
#3976=COLOUR_RGB('Opaque(153,153,153)',0.6,0.6,0.6);
#3977=COLOUR_RGB('Opaque(191,153,119)',0.749019607843137,0.6,0.466666666666667);
#3978=COLOUR_RGB('Opaque(25,25,25)',0.0980392156862745,0.0980392156862745,
0.0980392156862745);
#3979=COLOUR_RGB('Opaque(63,63,63)',0.250980392156863,0.250980392156863,
0.250980392156863);
#3980=COLOUR_RGB('Opaque(245,245,246)',0.96078431372549,0.96078431372549,
0.964705882352941);
#3981=COLOUR_RGB('Opaque(39,39,39)',0.152941176470588,0.152941176470588,
0.152941176470588);
#3982=COLOUR_RGB('Opaque(59,59,59)',0.231372549019608,0.231372549019608,
0.231372549019608);
#3983=COLOUR_RGB('Opaque(227,227,227)',0.890196078431372,0.890196078431372,
0.890196078431372);
#3984=COLOUR_RGB('Opaque(173,179,147)',0.67843137254902,0.701960784313725,
0.576470588235294);
ENDSEC;
END-ISO-10303-21;
