ISO-10303-21;
HEADER;
/* Generated by software containing ST-Developer
 * from STEP Tools, Inc. (www.steptools.com) 
 */

FILE_DESCRIPTION(
/* description */ (''),
/* implementation_level */ '2;1');

FILE_NAME(
/* name */ 'MX_Case_L.step',
/* time_stamp */ '2026-08-30T20:00:31-07:00',
/* author */ (''),
/* organization */ (''),
/* preprocessor_version */ 'ST-DEVELOPER v20.1',
/* originating_system */ 'Autodesk Translation Framework v15.8.0.0',
/* authorisation */ '');

FILE_SCHEMA (('AUTOMOTIVE_DESIGN { 1 0 10303 214 3 1 1 }'));
ENDSEC;

DATA;
#10=MECHANICAL_DESIGN_GEOMETRIC_PRESENTATION_REPRESENTATION('',(#13),#3745);
#11=SHAPE_REPRESENTATION_RELATIONSHIP('SRR','None',#3752,#12);
#12=ADVANCED_BREP_SHAPE_REPRESENTATION('',(#14),#3744);
#13=STYLED_ITEM('',(#3761),#14);
#14=MANIFOLD_SOLID_BREP('Case_L',#2201);
#15=FACE_BOUND('',#359,.T.);
#16=FACE_BOUND('',#361,.T.);
#17=FACE_BOUND('',#362,.T.);
#18=FACE_BOUND('',#363,.T.);
#19=FACE_BOUND('',#364,.T.);
#20=FACE_BOUND('',#365,.T.);
#21=FACE_BOUND('',#366,.T.);
#22=FACE_BOUND('',#367,.T.);
#23=FACE_BOUND('',#376,.T.);
#24=FACE_BOUND('',#379,.T.);
#25=FACE_BOUND('',#382,.T.);
#26=FACE_BOUND('',#385,.T.);
#27=FACE_BOUND('',#387,.T.);
#28=FACE_BOUND('',#389,.T.);
#29=FACE_BOUND('',#391,.T.);
#30=FACE_BOUND('',#393,.T.);
#31=CIRCLE('',#2217,0.722044871368057);
#32=CIRCLE('',#2218,0.722044871368057);
#33=CIRCLE('',#2221,2.28327057410342);
#34=CIRCLE('',#2222,2.28327057410342);
#35=CIRCLE('',#2225,0.49673124697495);
#36=CIRCLE('',#2226,0.49673124697495);
#37=CIRCLE('',#2229,2.54837474531317);
#38=CIRCLE('',#2230,2.54837474531317);
#39=CIRCLE('',#2233,3.51700038374516);
#40=CIRCLE('',#2234,3.51700038374516);
#41=CIRCLE('',#2237,2.02793954404134);
#42=CIRCLE('',#2238,2.02793954404134);
#43=CIRCLE('',#2241,1.50229726991125);
#44=CIRCLE('',#2242,1.50229726991125);
#45=CIRCLE('',#2245,0.901510879704623);
#46=CIRCLE('',#2246,0.901510879704623);
#47=CIRCLE('',#2249,2.00129963892005);
#48=CIRCLE('',#2250,2.00129963892005);
#49=CIRCLE('',#2258,2.14521137152132);
#50=CIRCLE('',#2259,2.14521137152132);
#51=CIRCLE('',#2262,2.55451836580006);
#52=CIRCLE('',#2263,2.55451836580006);
#53=CIRCLE('',#2266,1.63304698547585);
#54=CIRCLE('',#2267,1.63304698547585);
#55=CIRCLE('',#2270,1.04922802049824);
#56=CIRCLE('',#2271,1.04922802049824);
#57=CIRCLE('',#2274,0.344443103608396);
#58=CIRCLE('',#2275,0.344443103608396);
#59=CIRCLE('',#2278,2.84026290762986);
#60=CIRCLE('',#2279,2.84026290762986);
#61=CIRCLE('',#2283,1.10724592866416);
#62=CIRCLE('',#2284,1.10724592866416);
#63=CIRCLE('',#2287,1.30511685053193);
#64=CIRCLE('',#2288,1.30511685053193);
#65=CIRCLE('',#2291,1.50926859462647);
#66=CIRCLE('',#2292,1.50926859462647);
#67=CIRCLE('',#2295,0.464327966539062);
#68=CIRCLE('',#2296,0.464327966539062);
#69=CIRCLE('',#2299,1.33013992633851);
#70=CIRCLE('',#2300,1.33013992633851);
#71=CIRCLE('',#2303,1.5205571782167);
#72=CIRCLE('',#2304,1.5205571782167);
#73=CIRCLE('',#2307,2.8835195418135);
#74=CIRCLE('',#2308,2.8835195418135);
#75=CIRCLE('',#2311,2.99104988026327);
#76=CIRCLE('',#2312,2.99104988026327);
#77=CIRCLE('',#2314,6.54837474531316);
#78=CIRCLE('',#2315,7.51700038374516);
#79=CIRCLE('',#2316,6.02793954404135);
#80=CIRCLE('',#2317,6.00129963892005);
#81=CIRCLE('',#2318,6.14521137152131);
#82=CIRCLE('',#2319,6.55451836580006);
#83=CIRCLE('',#2320,6.84026290762987);
#84=CIRCLE('',#2321,5.10724592866417);
#85=CIRCLE('',#2322,5.50926859462647);
#86=CIRCLE('',#2323,5.33013992633851);
#87=CIRCLE('',#2324,6.8835195418135);
#88=CIRCLE('',#2325,6.99104988026327);
#89=CIRCLE('',#2326,6.28327057410342);
#90=CIRCLE('',#2328,2.25);
#91=CIRCLE('',#2329,2.25);
#92=CIRCLE('',#2330,2.25);
#93=CIRCLE('',#2331,2.25);
#94=CIRCLE('',#2332,2.5);
#95=CIRCLE('',#2333,2.5);
#96=CIRCLE('',#2334,2.5);
#97=CIRCLE('',#2336,2.5);
#98=CIRCLE('',#2339,2.5);
#99=CIRCLE('',#2342,2.5);
#100=CIRCLE('',#2345,1.05);
#101=CIRCLE('',#2346,1.05);
#102=CIRCLE('',#2348,1.45);
#103=CIRCLE('',#2350,1.04999999999999);
#104=CIRCLE('',#2351,1.04999999999999);
#105=CIRCLE('',#2353,1.45);
#106=CIRCLE('',#2355,1.05);
#107=CIRCLE('',#2356,1.05);
#108=CIRCLE('',#2358,1.45);
#109=CIRCLE('',#2360,1.05);
#110=CIRCLE('',#2361,1.05);
#111=CIRCLE('',#2363,1.45);
#112=CIRCLE('',#2365,2.25);
#113=CIRCLE('',#2366,1.45);
#114=CIRCLE('',#2368,2.25);
#115=CIRCLE('',#2369,1.45);
#116=CIRCLE('',#2371,2.25);
#117=CIRCLE('',#2372,1.45);
#118=CIRCLE('',#2374,2.25);
#119=CIRCLE('',#2375,1.45);
#120=CIRCLE('',#2389,7.51700038374516);
#121=CIRCLE('',#2392,6.02793954404135);
#122=CIRCLE('',#2396,6.00129963892005);
#123=CIRCLE('',#2404,6.14521137152131);
#124=CIRCLE('',#2407,6.55451836580006);
#125=CIRCLE('',#2413,6.84026290762987);
#126=CIRCLE('',#2417,5.10724592866417);
#127=CIRCLE('',#2421,5.50926859462647);
#128=CIRCLE('',#2424,5.33013992633851);
#129=CIRCLE('',#2427,6.8835195418135);
#130=CIRCLE('',#2430,6.99104988026327);
#131=CIRCLE('',#2433,6.28327057410342);
#132=CIRCLE('',#2436,6.54837474531316);
#133=CYLINDRICAL_SURFACE('',#2216,0.722044871368057);
#134=CYLINDRICAL_SURFACE('',#2220,2.28327057410342);
#135=CYLINDRICAL_SURFACE('',#2224,0.49673124697495);
#136=CYLINDRICAL_SURFACE('',#2228,2.54837474531317);
#137=CYLINDRICAL_SURFACE('',#2232,3.51700038374516);
#138=CYLINDRICAL_SURFACE('',#2236,2.02793954404134);
#139=CYLINDRICAL_SURFACE('',#2240,1.50229726991125);
#140=CYLINDRICAL_SURFACE('',#2244,0.901510879704623);
#141=CYLINDRICAL_SURFACE('',#2248,2.00129963892005);
#142=CYLINDRICAL_SURFACE('',#2257,2.14521137152132);
#143=CYLINDRICAL_SURFACE('',#2261,2.55451836580006);
#144=CYLINDRICAL_SURFACE('',#2265,1.63304698547585);
#145=CYLINDRICAL_SURFACE('',#2269,1.04922802049824);
#146=CYLINDRICAL_SURFACE('',#2273,0.344443103608396);
#147=CYLINDRICAL_SURFACE('',#2277,2.84026290762986);
#148=CYLINDRICAL_SURFACE('',#2282,1.10724592866416);
#149=CYLINDRICAL_SURFACE('',#2286,1.30511685053193);
#150=CYLINDRICAL_SURFACE('',#2290,1.50926859462647);
#151=CYLINDRICAL_SURFACE('',#2294,0.464327966539062);
#152=CYLINDRICAL_SURFACE('',#2298,1.33013992633851);
#153=CYLINDRICAL_SURFACE('',#2302,1.5205571782167);
#154=CYLINDRICAL_SURFACE('',#2306,2.8835195418135);
#155=CYLINDRICAL_SURFACE('',#2310,2.99104988026327);
#156=CYLINDRICAL_SURFACE('',#2335,2.5);
#157=CYLINDRICAL_SURFACE('',#2338,2.5);
#158=CYLINDRICAL_SURFACE('',#2341,2.5);
#159=CYLINDRICAL_SURFACE('',#2344,1.05);
#160=CYLINDRICAL_SURFACE('',#2349,1.04999999999999);
#161=CYLINDRICAL_SURFACE('',#2354,1.05);
#162=CYLINDRICAL_SURFACE('',#2359,1.05);
#163=CYLINDRICAL_SURFACE('',#2376,1.45);
#164=CYLINDRICAL_SURFACE('',#2377,2.25);
#165=CYLINDRICAL_SURFACE('',#2378,1.45);
#166=CYLINDRICAL_SURFACE('',#2379,2.25);
#167=CYLINDRICAL_SURFACE('',#2381,1.45);
#168=CYLINDRICAL_SURFACE('',#2382,2.25);
#169=CYLINDRICAL_SURFACE('',#2384,1.45);
#170=CYLINDRICAL_SURFACE('',#2385,2.25);
#171=CYLINDRICAL_SURFACE('',#2388,7.51700038374516);
#172=CYLINDRICAL_SURFACE('',#2391,6.02793954404135);
#173=CYLINDRICAL_SURFACE('',#2395,6.00129963892005);
#174=CYLINDRICAL_SURFACE('',#2403,6.14521137152131);
#175=CYLINDRICAL_SURFACE('',#2406,6.55451836580006);
#176=CYLINDRICAL_SURFACE('',#2412,6.84026290762987);
#177=CYLINDRICAL_SURFACE('',#2416,5.10724592866417);
#178=CYLINDRICAL_SURFACE('',#2420,5.50926859462647);
#179=CYLINDRICAL_SURFACE('',#2423,5.33013992633851);
#180=CYLINDRICAL_SURFACE('',#2426,6.8835195418135);
#181=CYLINDRICAL_SURFACE('',#2429,6.99104988026327);
#182=CYLINDRICAL_SURFACE('',#2432,6.28327057410342);
#183=CYLINDRICAL_SURFACE('',#2435,6.54837474531316);
#184=FACE_OUTER_BOUND('',#306,.T.);
#185=FACE_OUTER_BOUND('',#307,.T.);
#186=FACE_OUTER_BOUND('',#308,.T.);
#187=FACE_OUTER_BOUND('',#309,.T.);
#188=FACE_OUTER_BOUND('',#310,.T.);
#189=FACE_OUTER_BOUND('',#311,.T.);
#190=FACE_OUTER_BOUND('',#312,.T.);
#191=FACE_OUTER_BOUND('',#313,.T.);
#192=FACE_OUTER_BOUND('',#314,.T.);
#193=FACE_OUTER_BOUND('',#315,.T.);
#194=FACE_OUTER_BOUND('',#316,.T.);
#195=FACE_OUTER_BOUND('',#317,.T.);
#196=FACE_OUTER_BOUND('',#318,.T.);
#197=FACE_OUTER_BOUND('',#319,.T.);
#198=FACE_OUTER_BOUND('',#320,.T.);
#199=FACE_OUTER_BOUND('',#321,.T.);
#200=FACE_OUTER_BOUND('',#322,.T.);
#201=FACE_OUTER_BOUND('',#323,.T.);
#202=FACE_OUTER_BOUND('',#324,.T.);
#203=FACE_OUTER_BOUND('',#325,.T.);
#204=FACE_OUTER_BOUND('',#326,.T.);
#205=FACE_OUTER_BOUND('',#327,.T.);
#206=FACE_OUTER_BOUND('',#328,.T.);
#207=FACE_OUTER_BOUND('',#329,.T.);
#208=FACE_OUTER_BOUND('',#330,.T.);
#209=FACE_OUTER_BOUND('',#331,.T.);
#210=FACE_OUTER_BOUND('',#332,.T.);
#211=FACE_OUTER_BOUND('',#333,.T.);
#212=FACE_OUTER_BOUND('',#334,.T.);
#213=FACE_OUTER_BOUND('',#335,.T.);
#214=FACE_OUTER_BOUND('',#336,.T.);
#215=FACE_OUTER_BOUND('',#337,.T.);
#216=FACE_OUTER_BOUND('',#338,.T.);
#217=FACE_OUTER_BOUND('',#339,.T.);
#218=FACE_OUTER_BOUND('',#340,.T.);
#219=FACE_OUTER_BOUND('',#341,.T.);
#220=FACE_OUTER_BOUND('',#342,.T.);
#221=FACE_OUTER_BOUND('',#343,.T.);
#222=FACE_OUTER_BOUND('',#344,.T.);
#223=FACE_OUTER_BOUND('',#345,.T.);
#224=FACE_OUTER_BOUND('',#346,.T.);
#225=FACE_OUTER_BOUND('',#347,.T.);
#226=FACE_OUTER_BOUND('',#348,.T.);
#227=FACE_OUTER_BOUND('',#349,.T.);
#228=FACE_OUTER_BOUND('',#350,.T.);
#229=FACE_OUTER_BOUND('',#351,.T.);
#230=FACE_OUTER_BOUND('',#352,.T.);
#231=FACE_OUTER_BOUND('',#353,.T.);
#232=FACE_OUTER_BOUND('',#354,.T.);
#233=FACE_OUTER_BOUND('',#355,.T.);
#234=FACE_OUTER_BOUND('',#356,.T.);
#235=FACE_OUTER_BOUND('',#357,.T.);
#236=FACE_OUTER_BOUND('',#358,.T.);
#237=FACE_OUTER_BOUND('',#360,.T.);
#238=FACE_OUTER_BOUND('',#368,.T.);
#239=FACE_OUTER_BOUND('',#369,.T.);
#240=FACE_OUTER_BOUND('',#370,.T.);
#241=FACE_OUTER_BOUND('',#371,.T.);
#242=FACE_OUTER_BOUND('',#372,.T.);
#243=FACE_OUTER_BOUND('',#373,.T.);
#244=FACE_OUTER_BOUND('',#374,.T.);
#245=FACE_OUTER_BOUND('',#375,.T.);
#246=FACE_OUTER_BOUND('',#377,.T.);
#247=FACE_OUTER_BOUND('',#378,.T.);
#248=FACE_OUTER_BOUND('',#380,.T.);
#249=FACE_OUTER_BOUND('',#381,.T.);
#250=FACE_OUTER_BOUND('',#383,.T.);
#251=FACE_OUTER_BOUND('',#384,.T.);
#252=FACE_OUTER_BOUND('',#386,.T.);
#253=FACE_OUTER_BOUND('',#388,.T.);
#254=FACE_OUTER_BOUND('',#390,.T.);
#255=FACE_OUTER_BOUND('',#392,.T.);
#256=FACE_OUTER_BOUND('',#394,.T.);
#257=FACE_OUTER_BOUND('',#395,.T.);
#258=FACE_OUTER_BOUND('',#396,.T.);
#259=FACE_OUTER_BOUND('',#397,.T.);
#260=FACE_OUTER_BOUND('',#398,.T.);
#261=FACE_OUTER_BOUND('',#399,.T.);
#262=FACE_OUTER_BOUND('',#400,.T.);
#263=FACE_OUTER_BOUND('',#401,.T.);
#264=FACE_OUTER_BOUND('',#402,.T.);
#265=FACE_OUTER_BOUND('',#403,.T.);
#266=FACE_OUTER_BOUND('',#404,.T.);
#267=FACE_OUTER_BOUND('',#405,.T.);
#268=FACE_OUTER_BOUND('',#406,.T.);
#269=FACE_OUTER_BOUND('',#407,.T.);
#270=FACE_OUTER_BOUND('',#408,.T.);
#271=FACE_OUTER_BOUND('',#409,.T.);
#272=FACE_OUTER_BOUND('',#410,.T.);
#273=FACE_OUTER_BOUND('',#411,.T.);
#274=FACE_OUTER_BOUND('',#412,.T.);
#275=FACE_OUTER_BOUND('',#413,.T.);
#276=FACE_OUTER_BOUND('',#414,.T.);
#277=FACE_OUTER_BOUND('',#415,.T.);
#278=FACE_OUTER_BOUND('',#416,.T.);
#279=FACE_OUTER_BOUND('',#417,.T.);
#280=FACE_OUTER_BOUND('',#418,.T.);
#281=FACE_OUTER_BOUND('',#419,.T.);
#282=FACE_OUTER_BOUND('',#420,.T.);
#283=FACE_OUTER_BOUND('',#421,.T.);
#284=FACE_OUTER_BOUND('',#422,.T.);
#285=FACE_OUTER_BOUND('',#423,.T.);
#286=FACE_OUTER_BOUND('',#424,.T.);
#287=FACE_OUTER_BOUND('',#425,.T.);
#288=FACE_OUTER_BOUND('',#426,.T.);
#289=FACE_OUTER_BOUND('',#427,.T.);
#290=FACE_OUTER_BOUND('',#428,.T.);
#291=FACE_OUTER_BOUND('',#429,.T.);
#292=FACE_OUTER_BOUND('',#430,.T.);
#293=FACE_OUTER_BOUND('',#431,.T.);
#294=FACE_OUTER_BOUND('',#432,.T.);
#295=FACE_OUTER_BOUND('',#433,.T.);
#296=FACE_OUTER_BOUND('',#434,.T.);
#297=FACE_OUTER_BOUND('',#435,.T.);
#298=FACE_OUTER_BOUND('',#436,.T.);
#299=FACE_OUTER_BOUND('',#437,.T.);
#300=FACE_OUTER_BOUND('',#438,.T.);
#301=FACE_OUTER_BOUND('',#439,.T.);
#302=FACE_OUTER_BOUND('',#440,.T.);
#303=FACE_OUTER_BOUND('',#441,.T.);
#304=FACE_OUTER_BOUND('',#442,.T.);
#305=FACE_OUTER_BOUND('',#443,.T.);
#306=EDGE_LOOP('',(#1384,#1385,#1386,#1387));
#307=EDGE_LOOP('',(#1388,#1389,#1390,#1391));
#308=EDGE_LOOP('',(#1392,#1393,#1394,#1395));
#309=EDGE_LOOP('',(#1396,#1397,#1398,#1399));
#310=EDGE_LOOP('',(#1400,#1401,#1402,#1403));
#311=EDGE_LOOP('',(#1404,#1405,#1406,#1407));
#312=EDGE_LOOP('',(#1408,#1409,#1410,#1411));
#313=EDGE_LOOP('',(#1412,#1413,#1414,#1415));
#314=EDGE_LOOP('',(#1416,#1417,#1418,#1419));
#315=EDGE_LOOP('',(#1420,#1421,#1422,#1423));
#316=EDGE_LOOP('',(#1424,#1425,#1426,#1427));
#317=EDGE_LOOP('',(#1428,#1429,#1430,#1431));
#318=EDGE_LOOP('',(#1432,#1433,#1434,#1435));
#319=EDGE_LOOP('',(#1436,#1437,#1438,#1439));
#320=EDGE_LOOP('',(#1440,#1441,#1442,#1443));
#321=EDGE_LOOP('',(#1444,#1445,#1446,#1447));
#322=EDGE_LOOP('',(#1448,#1449,#1450,#1451));
#323=EDGE_LOOP('',(#1452,#1453,#1454,#1455));
#324=EDGE_LOOP('',(#1456,#1457,#1458,#1459));
#325=EDGE_LOOP('',(#1460,#1461,#1462,#1463));
#326=EDGE_LOOP('',(#1464,#1465,#1466,#1467));
#327=EDGE_LOOP('',(#1468,#1469,#1470,#1471));
#328=EDGE_LOOP('',(#1472,#1473,#1474,#1475));
#329=EDGE_LOOP('',(#1476,#1477,#1478,#1479));
#330=EDGE_LOOP('',(#1480,#1481,#1482,#1483));
#331=EDGE_LOOP('',(#1484,#1485,#1486,#1487));
#332=EDGE_LOOP('',(#1488,#1489,#1490,#1491));
#333=EDGE_LOOP('',(#1492,#1493,#1494,#1495));
#334=EDGE_LOOP('',(#1496,#1497,#1498,#1499));
#335=EDGE_LOOP('',(#1500,#1501,#1502,#1503));
#336=EDGE_LOOP('',(#1504,#1505,#1506,#1507));
#337=EDGE_LOOP('',(#1508,#1509,#1510,#1511));
#338=EDGE_LOOP('',(#1512,#1513,#1514,#1515));
#339=EDGE_LOOP('',(#1516,#1517,#1518,#1519));
#340=EDGE_LOOP('',(#1520,#1521,#1522,#1523));
#341=EDGE_LOOP('',(#1524,#1525,#1526,#1527));
#342=EDGE_LOOP('',(#1528,#1529,#1530,#1531));
#343=EDGE_LOOP('',(#1532,#1533,#1534,#1535));
#344=EDGE_LOOP('',(#1536,#1537,#1538,#1539));
#345=EDGE_LOOP('',(#1540,#1541,#1542,#1543));
#346=EDGE_LOOP('',(#1544,#1545,#1546,#1547));
#347=EDGE_LOOP('',(#1548,#1549,#1550,#1551));
#348=EDGE_LOOP('',(#1552,#1553,#1554,#1555));
#349=EDGE_LOOP('',(#1556,#1557,#1558,#1559));
#350=EDGE_LOOP('',(#1560,#1561,#1562,#1563));
#351=EDGE_LOOP('',(#1564,#1565,#1566,#1567));
#352=EDGE_LOOP('',(#1568,#1569,#1570,#1571));
#353=EDGE_LOOP('',(#1572,#1573,#1574,#1575));
#354=EDGE_LOOP('',(#1576,#1577,#1578,#1579));
#355=EDGE_LOOP('',(#1580,#1581,#1582,#1583));
#356=EDGE_LOOP('',(#1584,#1585,#1586,#1587));
#357=EDGE_LOOP('',(#1588,#1589,#1590,#1591));
#358=EDGE_LOOP('',(#1592,#1593,#1594,#1595,#1596,#1597,#1598,#1599,#1600,
#1601,#1602,#1603,#1604,#1605,#1606,#1607,#1608,#1609,#1610,#1611,#1612,
#1613,#1614,#1615,#1616,#1617,#1618,#1619,#1620,#1621,#1622,#1623,#1624,
#1625,#1626,#1627,#1628));
#359=EDGE_LOOP('',(#1629,#1630,#1631,#1632,#1633,#1634,#1635,#1636,#1637,
#1638,#1639,#1640,#1641,#1642,#1643,#1644,#1645,#1646,#1647,#1648,#1649,
#1650,#1651,#1652,#1653,#1654,#1655,#1656,#1657,#1658,#1659,#1660,#1661,
#1662,#1663,#1664,#1665,#1666,#1667,#1668,#1669,#1670,#1671,#1672,#1673,
#1674,#1675,#1676,#1677,#1678,#1679,#1680));
#360=EDGE_LOOP('',(#1681,#1682,#1683,#1684,#1685,#1686,#1687,#1688,#1689,
#1690,#1691,#1692,#1693,#1694,#1695,#1696,#1697,#1698,#1699,#1700,#1701,
#1702,#1703,#1704,#1705,#1706,#1707,#1708,#1709,#1710,#1711,#1712,#1713,
#1714,#1715,#1716,#1717,#1718,#1719,#1720,#1721,#1722,#1723,#1724,#1725,
#1726,#1727,#1728,#1729,#1730,#1731,#1732));
#361=EDGE_LOOP('',(#1733));
#362=EDGE_LOOP('',(#1734));
#363=EDGE_LOOP('',(#1735));
#364=EDGE_LOOP('',(#1736));
#365=EDGE_LOOP('',(#1737));
#366=EDGE_LOOP('',(#1738));
#367=EDGE_LOOP('',(#1739));
#368=EDGE_LOOP('',(#1740,#1741,#1742,#1743));
#369=EDGE_LOOP('',(#1744));
#370=EDGE_LOOP('',(#1745,#1746,#1747,#1748));
#371=EDGE_LOOP('',(#1749));
#372=EDGE_LOOP('',(#1750,#1751,#1752,#1753));
#373=EDGE_LOOP('',(#1754));
#374=EDGE_LOOP('',(#1755,#1756,#1757,#1758));
#375=EDGE_LOOP('',(#1759));
#376=EDGE_LOOP('',(#1760));
#377=EDGE_LOOP('',(#1761,#1762,#1763,#1764));
#378=EDGE_LOOP('',(#1765));
#379=EDGE_LOOP('',(#1766));
#380=EDGE_LOOP('',(#1767,#1768,#1769,#1770));
#381=EDGE_LOOP('',(#1771));
#382=EDGE_LOOP('',(#1772));
#383=EDGE_LOOP('',(#1773,#1774,#1775,#1776));
#384=EDGE_LOOP('',(#1777));
#385=EDGE_LOOP('',(#1778));
#386=EDGE_LOOP('',(#1779));
#387=EDGE_LOOP('',(#1780));
#388=EDGE_LOOP('',(#1781));
#389=EDGE_LOOP('',(#1782));
#390=EDGE_LOOP('',(#1783));
#391=EDGE_LOOP('',(#1784));
#392=EDGE_LOOP('',(#1785));
#393=EDGE_LOOP('',(#1786));
#394=EDGE_LOOP('',(#1787,#1788,#1789,#1790));
#395=EDGE_LOOP('',(#1791,#1792,#1793,#1794));
#396=EDGE_LOOP('',(#1795,#1796,#1797,#1798));
#397=EDGE_LOOP('',(#1799,#1800,#1801,#1802));
#398=EDGE_LOOP('',(#1803));
#399=EDGE_LOOP('',(#1804,#1805,#1806,#1807));
#400=EDGE_LOOP('',(#1808,#1809,#1810,#1811));
#401=EDGE_LOOP('',(#1812));
#402=EDGE_LOOP('',(#1813,#1814,#1815,#1816));
#403=EDGE_LOOP('',(#1817,#1818,#1819,#1820));
#404=EDGE_LOOP('',(#1821));
#405=EDGE_LOOP('',(#1822,#1823,#1824,#1825));
#406=EDGE_LOOP('',(#1826,#1827,#1828,#1829));
#407=EDGE_LOOP('',(#1830,#1831,#1832,#1833));
#408=EDGE_LOOP('',(#1834,#1835,#1836,#1837));
#409=EDGE_LOOP('',(#1838,#1839,#1840,#1841));
#410=EDGE_LOOP('',(#1842,#1843,#1844,#1845));
#411=EDGE_LOOP('',(#1846,#1847,#1848,#1849));
#412=EDGE_LOOP('',(#1850,#1851,#1852,#1853));
#413=EDGE_LOOP('',(#1854,#1855,#1856,#1857));
#414=EDGE_LOOP('',(#1858,#1859,#1860,#1861));
#415=EDGE_LOOP('',(#1862,#1863,#1864,#1865));
#416=EDGE_LOOP('',(#1866,#1867,#1868,#1869));
#417=EDGE_LOOP('',(#1870,#1871,#1872,#1873));
#418=EDGE_LOOP('',(#1874,#1875,#1876,#1877));
#419=EDGE_LOOP('',(#1878,#1879,#1880,#1881));
#420=EDGE_LOOP('',(#1882,#1883,#1884,#1885));
#421=EDGE_LOOP('',(#1886,#1887,#1888,#1889));
#422=EDGE_LOOP('',(#1890,#1891,#1892,#1893));
#423=EDGE_LOOP('',(#1894,#1895,#1896,#1897));
#424=EDGE_LOOP('',(#1898,#1899,#1900,#1901));
#425=EDGE_LOOP('',(#1902,#1903,#1904,#1905));
#426=EDGE_LOOP('',(#1906,#1907,#1908,#1909));
#427=EDGE_LOOP('',(#1910,#1911,#1912,#1913));
#428=EDGE_LOOP('',(#1914,#1915,#1916,#1917));
#429=EDGE_LOOP('',(#1918,#1919,#1920,#1921));
#430=EDGE_LOOP('',(#1922,#1923,#1924,#1925));
#431=EDGE_LOOP('',(#1926,#1927,#1928,#1929));
#432=EDGE_LOOP('',(#1930,#1931,#1932,#1933));
#433=EDGE_LOOP('',(#1934,#1935,#1936,#1937));
#434=EDGE_LOOP('',(#1938,#1939,#1940,#1941));
#435=EDGE_LOOP('',(#1942,#1943,#1944,#1945));
#436=EDGE_LOOP('',(#1946,#1947,#1948,#1949));
#437=EDGE_LOOP('',(#1950,#1951,#1952,#1953));
#438=EDGE_LOOP('',(#1954,#1955,#1956,#1957));
#439=EDGE_LOOP('',(#1958,#1959,#1960,#1961));
#440=EDGE_LOOP('',(#1962,#1963,#1964,#1965));
#441=EDGE_LOOP('',(#1966,#1967,#1968,#1969));
#442=EDGE_LOOP('',(#1970));
#443=EDGE_LOOP('',(#1971,#1972,#1973,#1974,#1975,#1976,#1977,#1978,#1979,
#1980,#1981,#1982,#1983,#1984,#1985,#1986,#1987,#1988,#1989,#1990,#1991,
#1992,#1993,#1994,#1995,#1996,#1997,#1998,#1999,#2000,#2001,#2002,#2003,
#2004,#2005,#2006,#2007));
#444=LINE('',#3103,#654);
#445=LINE('',#3105,#655);
#446=LINE('',#3107,#656);
#447=LINE('',#3108,#657);
#448=LINE('',#3114,#658);
#449=LINE('',#3117,#659);
#450=LINE('',#3119,#660);
#451=LINE('',#3120,#661);
#452=LINE('',#3126,#662);
#453=LINE('',#3129,#663);
#454=LINE('',#3131,#664);
#455=LINE('',#3132,#665);
#456=LINE('',#3138,#666);
#457=LINE('',#3141,#667);
#458=LINE('',#3143,#668);
#459=LINE('',#3144,#669);
#460=LINE('',#3150,#670);
#461=LINE('',#3153,#671);
#462=LINE('',#3155,#672);
#463=LINE('',#3156,#673);
#464=LINE('',#3162,#674);
#465=LINE('',#3165,#675);
#466=LINE('',#3167,#676);
#467=LINE('',#3168,#677);
#468=LINE('',#3174,#678);
#469=LINE('',#3177,#679);
#470=LINE('',#3179,#680);
#471=LINE('',#3180,#681);
#472=LINE('',#3186,#682);
#473=LINE('',#3189,#683);
#474=LINE('',#3191,#684);
#475=LINE('',#3192,#685);
#476=LINE('',#3198,#686);
#477=LINE('',#3201,#687);
#478=LINE('',#3203,#688);
#479=LINE('',#3204,#689);
#480=LINE('',#3210,#690);
#481=LINE('',#3213,#691);
#482=LINE('',#3215,#692);
#483=LINE('',#3216,#693);
#484=LINE('',#3219,#694);
#485=LINE('',#3221,#695);
#486=LINE('',#3222,#696);
#487=LINE('',#3225,#697);
#488=LINE('',#3227,#698);
#489=LINE('',#3228,#699);
#490=LINE('',#3231,#700);
#491=LINE('',#3233,#701);
#492=LINE('',#3234,#702);
#493=LINE('',#3237,#703);
#494=LINE('',#3239,#704);
#495=LINE('',#3240,#705);
#496=LINE('',#3243,#706);
#497=LINE('',#3245,#707);
#498=LINE('',#3246,#708);
#499=LINE('',#3252,#709);
#500=LINE('',#3255,#710);
#501=LINE('',#3257,#711);
#502=LINE('',#3258,#712);
#503=LINE('',#3264,#713);
#504=LINE('',#3267,#714);
#505=LINE('',#3269,#715);
#506=LINE('',#3270,#716);
#507=LINE('',#3276,#717);
#508=LINE('',#3279,#718);
#509=LINE('',#3281,#719);
#510=LINE('',#3282,#720);
#511=LINE('',#3288,#721);
#512=LINE('',#3291,#722);
#513=LINE('',#3293,#723);
#514=LINE('',#3294,#724);
#515=LINE('',#3300,#725);
#516=LINE('',#3303,#726);
#517=LINE('',#3305,#727);
#518=LINE('',#3306,#728);
#519=LINE('',#3312,#729);
#520=LINE('',#3315,#730);
#521=LINE('',#3317,#731);
#522=LINE('',#3318,#732);
#523=LINE('',#3321,#733);
#524=LINE('',#3323,#734);
#525=LINE('',#3324,#735);
#526=LINE('',#3330,#736);
#527=LINE('',#3333,#737);
#528=LINE('',#3335,#738);
#529=LINE('',#3336,#739);
#530=LINE('',#3342,#740);
#531=LINE('',#3345,#741);
#532=LINE('',#3347,#742);
#533=LINE('',#3348,#743);
#534=LINE('',#3354,#744);
#535=LINE('',#3357,#745);
#536=LINE('',#3359,#746);
#537=LINE('',#3360,#747);
#538=LINE('',#3366,#748);
#539=LINE('',#3369,#749);
#540=LINE('',#3371,#750);
#541=LINE('',#3372,#751);
#542=LINE('',#3378,#752);
#543=LINE('',#3381,#753);
#544=LINE('',#3383,#754);
#545=LINE('',#3384,#755);
#546=LINE('',#3390,#756);
#547=LINE('',#3393,#757);
#548=LINE('',#3395,#758);
#549=LINE('',#3396,#759);
#550=LINE('',#3402,#760);
#551=LINE('',#3405,#761);
#552=LINE('',#3407,#762);
#553=LINE('',#3408,#763);
#554=LINE('',#3417,#764);
#555=LINE('',#3421,#765);
#556=LINE('',#3425,#766);
#557=LINE('',#3427,#767);
#558=LINE('',#3431,#768);
#559=LINE('',#3433,#769);
#560=LINE('',#3435,#770);
#561=LINE('',#3437,#771);
#562=LINE('',#3439,#772);
#563=LINE('',#3441,#773);
#564=LINE('',#3445,#774);
#565=LINE('',#3449,#775);
#566=LINE('',#3451,#776);
#567=LINE('',#3453,#777);
#568=LINE('',#3455,#778);
#569=LINE('',#3459,#779);
#570=LINE('',#3461,#780);
#571=LINE('',#3465,#781);
#572=LINE('',#3467,#782);
#573=LINE('',#3471,#783);
#574=LINE('',#3475,#784);
#575=LINE('',#3479,#785);
#576=LINE('',#3483,#786);
#577=LINE('',#3486,#787);
#578=LINE('',#3505,#788);
#579=LINE('',#3510,#789);
#580=LINE('',#3515,#790);
#581=LINE('',#3521,#791);
#582=LINE('',#3530,#792);
#583=LINE('',#3539,#793);
#584=LINE('',#3548,#794);
#585=LINE('',#3574,#795);
#586=LINE('',#3576,#796);
#587=LINE('',#3578,#797);
#588=LINE('',#3580,#798);
#589=LINE('',#3583,#799);
#590=LINE('',#3585,#800);
#591=LINE('',#3588,#801);
#592=LINE('',#3590,#802);
#593=LINE('',#3594,#803);
#594=LINE('',#3596,#804);
#595=LINE('',#3597,#805);
#596=LINE('',#3601,#806);
#597=LINE('',#3604,#807);
#598=LINE('',#3605,#808);
#599=LINE('',#3609,#809);
#600=LINE('',#3612,#810);
#601=LINE('',#3613,#811);
#602=LINE('',#3616,#812);
#603=LINE('',#3617,#813);
#604=LINE('',#3621,#814);
#605=LINE('',#3624,#815);
#606=LINE('',#3625,#816);
#607=LINE('',#3628,#817);
#608=LINE('',#3629,#818);
#609=LINE('',#3632,#819);
#610=LINE('',#3633,#820);
#611=LINE('',#3636,#821);
#612=LINE('',#3637,#822);
#613=LINE('',#3640,#823);
#614=LINE('',#3641,#824);
#615=LINE('',#3644,#825);
#616=LINE('',#3645,#826);
#617=LINE('',#3649,#827);
#618=LINE('',#3652,#828);
#619=LINE('',#3653,#829);
#620=LINE('',#3657,#830);
#621=LINE('',#3660,#831);
#622=LINE('',#3661,#832);
#623=LINE('',#3664,#833);
#624=LINE('',#3665,#834);
#625=LINE('',#3668,#835);
#626=LINE('',#3669,#836);
#627=LINE('',#3672,#837);
#628=LINE('',#3673,#838);
#629=LINE('',#3677,#839);
#630=LINE('',#3680,#840);
#631=LINE('',#3681,#841);
#632=LINE('',#3684,#842);
#633=LINE('',#3685,#843);
#634=LINE('',#3689,#844);
#635=LINE('',#3692,#845);
#636=LINE('',#3693,#846);
#637=LINE('',#3696,#847);
#638=LINE('',#3697,#848);
#639=LINE('',#3701,#849);
#640=LINE('',#3704,#850);
#641=LINE('',#3705,#851);
#642=LINE('',#3709,#852);
#643=LINE('',#3712,#853);
#644=LINE('',#3713,#854);
#645=LINE('',#3717,#855);
#646=LINE('',#3720,#856);
#647=LINE('',#3721,#857);
#648=LINE('',#3725,#858);
#649=LINE('',#3728,#859);
#650=LINE('',#3729,#860);
#651=LINE('',#3733,#861);
#652=LINE('',#3736,#862);
#653=LINE('',#3737,#863);
#654=VECTOR('',#2443,10.);
#655=VECTOR('',#2444,10.);
#656=VECTOR('',#2445,10.);
#657=VECTOR('',#2446,10.);
#658=VECTOR('',#2453,10.);
#659=VECTOR('',#2456,10.);
#660=VECTOR('',#2457,10.);
#661=VECTOR('',#2458,10.);
#662=VECTOR('',#2465,10.);
#663=VECTOR('',#2468,10.);
#664=VECTOR('',#2469,10.);
#665=VECTOR('',#2470,10.);
#666=VECTOR('',#2477,10.);
#667=VECTOR('',#2480,10.);
#668=VECTOR('',#2481,10.);
#669=VECTOR('',#2482,10.);
#670=VECTOR('',#2489,10.);
#671=VECTOR('',#2492,10.);
#672=VECTOR('',#2493,10.);
#673=VECTOR('',#2494,10.);
#674=VECTOR('',#2501,10.);
#675=VECTOR('',#2504,10.);
#676=VECTOR('',#2505,10.);
#677=VECTOR('',#2506,10.);
#678=VECTOR('',#2513,10.);
#679=VECTOR('',#2516,10.);
#680=VECTOR('',#2517,10.);
#681=VECTOR('',#2518,10.);
#682=VECTOR('',#2525,10.);
#683=VECTOR('',#2528,10.);
#684=VECTOR('',#2529,10.);
#685=VECTOR('',#2530,10.);
#686=VECTOR('',#2537,10.);
#687=VECTOR('',#2540,10.);
#688=VECTOR('',#2541,10.);
#689=VECTOR('',#2542,10.);
#690=VECTOR('',#2549,10.);
#691=VECTOR('',#2552,10.);
#692=VECTOR('',#2553,10.);
#693=VECTOR('',#2554,10.);
#694=VECTOR('',#2557,10.);
#695=VECTOR('',#2558,10.);
#696=VECTOR('',#2559,10.);
#697=VECTOR('',#2562,10.);
#698=VECTOR('',#2563,10.);
#699=VECTOR('',#2564,10.);
#700=VECTOR('',#2567,10.);
#701=VECTOR('',#2568,10.);
#702=VECTOR('',#2569,10.);
#703=VECTOR('',#2572,10.);
#704=VECTOR('',#2573,10.);
#705=VECTOR('',#2574,10.);
#706=VECTOR('',#2577,10.);
#707=VECTOR('',#2578,10.);
#708=VECTOR('',#2579,10.);
#709=VECTOR('',#2586,10.);
#710=VECTOR('',#2589,10.);
#711=VECTOR('',#2590,10.);
#712=VECTOR('',#2591,10.);
#713=VECTOR('',#2598,10.);
#714=VECTOR('',#2601,10.);
#715=VECTOR('',#2602,10.);
#716=VECTOR('',#2603,10.);
#717=VECTOR('',#2610,10.);
#718=VECTOR('',#2613,10.);
#719=VECTOR('',#2614,10.);
#720=VECTOR('',#2615,10.);
#721=VECTOR('',#2622,10.);
#722=VECTOR('',#2625,10.);
#723=VECTOR('',#2626,10.);
#724=VECTOR('',#2627,10.);
#725=VECTOR('',#2634,10.);
#726=VECTOR('',#2637,10.);
#727=VECTOR('',#2638,10.);
#728=VECTOR('',#2639,10.);
#729=VECTOR('',#2646,10.);
#730=VECTOR('',#2649,10.);
#731=VECTOR('',#2650,10.);
#732=VECTOR('',#2651,10.);
#733=VECTOR('',#2654,10.);
#734=VECTOR('',#2655,10.);
#735=VECTOR('',#2656,10.);
#736=VECTOR('',#2663,10.);
#737=VECTOR('',#2666,10.);
#738=VECTOR('',#2667,10.);
#739=VECTOR('',#2668,10.);
#740=VECTOR('',#2675,10.);
#741=VECTOR('',#2678,10.);
#742=VECTOR('',#2679,10.);
#743=VECTOR('',#2680,10.);
#744=VECTOR('',#2687,10.);
#745=VECTOR('',#2690,10.);
#746=VECTOR('',#2691,10.);
#747=VECTOR('',#2692,10.);
#748=VECTOR('',#2699,10.);
#749=VECTOR('',#2702,10.);
#750=VECTOR('',#2703,10.);
#751=VECTOR('',#2704,10.);
#752=VECTOR('',#2711,10.);
#753=VECTOR('',#2714,10.);
#754=VECTOR('',#2715,10.);
#755=VECTOR('',#2716,10.);
#756=VECTOR('',#2723,10.);
#757=VECTOR('',#2726,10.);
#758=VECTOR('',#2727,10.);
#759=VECTOR('',#2728,10.);
#760=VECTOR('',#2735,10.);
#761=VECTOR('',#2738,10.);
#762=VECTOR('',#2739,10.);
#763=VECTOR('',#2740,10.);
#764=VECTOR('',#2751,10.);
#765=VECTOR('',#2754,10.);
#766=VECTOR('',#2757,10.);
#767=VECTOR('',#2758,10.);
#768=VECTOR('',#2761,10.);
#769=VECTOR('',#2762,10.);
#770=VECTOR('',#2763,10.);
#771=VECTOR('',#2764,10.);
#772=VECTOR('',#2765,10.);
#773=VECTOR('',#2766,10.);
#774=VECTOR('',#2769,10.);
#775=VECTOR('',#2772,10.);
#776=VECTOR('',#2773,10.);
#777=VECTOR('',#2774,10.);
#778=VECTOR('',#2775,10.);
#779=VECTOR('',#2778,10.);
#780=VECTOR('',#2779,10.);
#781=VECTOR('',#2782,10.);
#782=VECTOR('',#2783,10.);
#783=VECTOR('',#2786,10.);
#784=VECTOR('',#2789,10.);
#785=VECTOR('',#2792,10.);
#786=VECTOR('',#2795,10.);
#787=VECTOR('',#2798,10.);
#788=VECTOR('',#2819,2.5);
#789=VECTOR('',#2826,2.5);
#790=VECTOR('',#2833,2.5);
#791=VECTOR('',#2840,1.05);
#792=VECTOR('',#2851,1.04999999999999);
#793=VECTOR('',#2862,1.05);
#794=VECTOR('',#2873,1.05);
#795=VECTOR('',#2906,1.45);
#796=VECTOR('',#2909,2.25);
#797=VECTOR('',#2912,1.45);
#798=VECTOR('',#2915,2.25);
#799=VECTOR('',#2920,1.45);
#800=VECTOR('',#2923,2.25);
#801=VECTOR('',#2928,1.45);
#802=VECTOR('',#2931,2.25);
#803=VECTOR('',#2936,10.);
#804=VECTOR('',#2937,10.);
#805=VECTOR('',#2938,10.);
#806=VECTOR('',#2943,10.);
#807=VECTOR('',#2946,10.);
#808=VECTOR('',#2947,10.);
#809=VECTOR('',#2952,10.);
#810=VECTOR('',#2955,10.);
#811=VECTOR('',#2956,10.);
#812=VECTOR('',#2959,10.);
#813=VECTOR('',#2960,10.);
#814=VECTOR('',#2965,10.);
#815=VECTOR('',#2968,10.);
#816=VECTOR('',#2969,10.);
#817=VECTOR('',#2972,10.);
#818=VECTOR('',#2973,10.);
#819=VECTOR('',#2976,10.);
#820=VECTOR('',#2977,10.);
#821=VECTOR('',#2980,10.);
#822=VECTOR('',#2981,10.);
#823=VECTOR('',#2984,10.);
#824=VECTOR('',#2985,10.);
#825=VECTOR('',#2988,10.);
#826=VECTOR('',#2989,10.);
#827=VECTOR('',#2994,10.);
#828=VECTOR('',#2997,10.);
#829=VECTOR('',#2998,10.);
#830=VECTOR('',#3003,10.);
#831=VECTOR('',#3006,10.);
#832=VECTOR('',#3007,10.);
#833=VECTOR('',#3010,10.);
#834=VECTOR('',#3011,10.);
#835=VECTOR('',#3014,10.);
#836=VECTOR('',#3015,10.);
#837=VECTOR('',#3018,10.);
#838=VECTOR('',#3019,10.);
#839=VECTOR('',#3024,10.);
#840=VECTOR('',#3027,10.);
#841=VECTOR('',#3028,10.);
#842=VECTOR('',#3031,10.);
#843=VECTOR('',#3032,10.);
#844=VECTOR('',#3037,10.);
#845=VECTOR('',#3040,10.);
#846=VECTOR('',#3041,10.);
#847=VECTOR('',#3044,10.);
#848=VECTOR('',#3045,10.);
#849=VECTOR('',#3050,10.);
#850=VECTOR('',#3053,10.);
#851=VECTOR('',#3054,10.);
#852=VECTOR('',#3059,10.);
#853=VECTOR('',#3062,10.);
#854=VECTOR('',#3063,10.);
#855=VECTOR('',#3068,10.);
#856=VECTOR('',#3071,10.);
#857=VECTOR('',#3072,10.);
#858=VECTOR('',#3077,10.);
#859=VECTOR('',#3080,10.);
#860=VECTOR('',#3081,10.);
#861=VECTOR('',#3086,10.);
#862=VECTOR('',#3089,10.);
#863=VECTOR('',#3090,10.);
#864=VERTEX_POINT('',#3101);
#865=VERTEX_POINT('',#3102);
#866=VERTEX_POINT('',#3104);
#867=VERTEX_POINT('',#3106);
#868=VERTEX_POINT('',#3110);
#869=VERTEX_POINT('',#3112);
#870=VERTEX_POINT('',#3116);
#871=VERTEX_POINT('',#3118);
#872=VERTEX_POINT('',#3122);
#873=VERTEX_POINT('',#3124);
#874=VERTEX_POINT('',#3128);
#875=VERTEX_POINT('',#3130);
#876=VERTEX_POINT('',#3134);
#877=VERTEX_POINT('',#3136);
#878=VERTEX_POINT('',#3140);
#879=VERTEX_POINT('',#3142);
#880=VERTEX_POINT('',#3146);
#881=VERTEX_POINT('',#3148);
#882=VERTEX_POINT('',#3152);
#883=VERTEX_POINT('',#3154);
#884=VERTEX_POINT('',#3158);
#885=VERTEX_POINT('',#3160);
#886=VERTEX_POINT('',#3164);
#887=VERTEX_POINT('',#3166);
#888=VERTEX_POINT('',#3170);
#889=VERTEX_POINT('',#3172);
#890=VERTEX_POINT('',#3176);
#891=VERTEX_POINT('',#3178);
#892=VERTEX_POINT('',#3182);
#893=VERTEX_POINT('',#3184);
#894=VERTEX_POINT('',#3188);
#895=VERTEX_POINT('',#3190);
#896=VERTEX_POINT('',#3194);
#897=VERTEX_POINT('',#3196);
#898=VERTEX_POINT('',#3200);
#899=VERTEX_POINT('',#3202);
#900=VERTEX_POINT('',#3206);
#901=VERTEX_POINT('',#3208);
#902=VERTEX_POINT('',#3212);
#903=VERTEX_POINT('',#3214);
#904=VERTEX_POINT('',#3218);
#905=VERTEX_POINT('',#3220);
#906=VERTEX_POINT('',#3224);
#907=VERTEX_POINT('',#3226);
#908=VERTEX_POINT('',#3230);
#909=VERTEX_POINT('',#3232);
#910=VERTEX_POINT('',#3236);
#911=VERTEX_POINT('',#3238);
#912=VERTEX_POINT('',#3242);
#913=VERTEX_POINT('',#3244);
#914=VERTEX_POINT('',#3248);
#915=VERTEX_POINT('',#3250);
#916=VERTEX_POINT('',#3254);
#917=VERTEX_POINT('',#3256);
#918=VERTEX_POINT('',#3260);
#919=VERTEX_POINT('',#3262);
#920=VERTEX_POINT('',#3266);
#921=VERTEX_POINT('',#3268);
#922=VERTEX_POINT('',#3272);
#923=VERTEX_POINT('',#3274);
#924=VERTEX_POINT('',#3278);
#925=VERTEX_POINT('',#3280);
#926=VERTEX_POINT('',#3284);
#927=VERTEX_POINT('',#3286);
#928=VERTEX_POINT('',#3290);
#929=VERTEX_POINT('',#3292);
#930=VERTEX_POINT('',#3296);
#931=VERTEX_POINT('',#3298);
#932=VERTEX_POINT('',#3302);
#933=VERTEX_POINT('',#3304);
#934=VERTEX_POINT('',#3308);
#935=VERTEX_POINT('',#3310);
#936=VERTEX_POINT('',#3314);
#937=VERTEX_POINT('',#3316);
#938=VERTEX_POINT('',#3320);
#939=VERTEX_POINT('',#3322);
#940=VERTEX_POINT('',#3326);
#941=VERTEX_POINT('',#3328);
#942=VERTEX_POINT('',#3332);
#943=VERTEX_POINT('',#3334);
#944=VERTEX_POINT('',#3338);
#945=VERTEX_POINT('',#3340);
#946=VERTEX_POINT('',#3344);
#947=VERTEX_POINT('',#3346);
#948=VERTEX_POINT('',#3350);
#949=VERTEX_POINT('',#3352);
#950=VERTEX_POINT('',#3356);
#951=VERTEX_POINT('',#3358);
#952=VERTEX_POINT('',#3362);
#953=VERTEX_POINT('',#3364);
#954=VERTEX_POINT('',#3368);
#955=VERTEX_POINT('',#3370);
#956=VERTEX_POINT('',#3374);
#957=VERTEX_POINT('',#3376);
#958=VERTEX_POINT('',#3380);
#959=VERTEX_POINT('',#3382);
#960=VERTEX_POINT('',#3386);
#961=VERTEX_POINT('',#3388);
#962=VERTEX_POINT('',#3392);
#963=VERTEX_POINT('',#3394);
#964=VERTEX_POINT('',#3398);
#965=VERTEX_POINT('',#3400);
#966=VERTEX_POINT('',#3404);
#967=VERTEX_POINT('',#3406);
#968=VERTEX_POINT('',#3413);
#969=VERTEX_POINT('',#3414);
#970=VERTEX_POINT('',#3416);
#971=VERTEX_POINT('',#3418);
#972=VERTEX_POINT('',#3420);
#973=VERTEX_POINT('',#3422);
#974=VERTEX_POINT('',#3424);
#975=VERTEX_POINT('',#3426);
#976=VERTEX_POINT('',#3428);
#977=VERTEX_POINT('',#3430);
#978=VERTEX_POINT('',#3432);
#979=VERTEX_POINT('',#3434);
#980=VERTEX_POINT('',#3436);
#981=VERTEX_POINT('',#3438);
#982=VERTEX_POINT('',#3440);
#983=VERTEX_POINT('',#3442);
#984=VERTEX_POINT('',#3444);
#985=VERTEX_POINT('',#3446);
#986=VERTEX_POINT('',#3448);
#987=VERTEX_POINT('',#3450);
#988=VERTEX_POINT('',#3452);
#989=VERTEX_POINT('',#3454);
#990=VERTEX_POINT('',#3456);
#991=VERTEX_POINT('',#3458);
#992=VERTEX_POINT('',#3460);
#993=VERTEX_POINT('',#3462);
#994=VERTEX_POINT('',#3464);
#995=VERTEX_POINT('',#3466);
#996=VERTEX_POINT('',#3468);
#997=VERTEX_POINT('',#3470);
#998=VERTEX_POINT('',#3472);
#999=VERTEX_POINT('',#3474);
#1000=VERTEX_POINT('',#3476);
#1001=VERTEX_POINT('',#3478);
#1002=VERTEX_POINT('',#3480);
#1003=VERTEX_POINT('',#3482);
#1004=VERTEX_POINT('',#3484);
#1005=VERTEX_POINT('',#3488);
#1006=VERTEX_POINT('',#3490);
#1007=VERTEX_POINT('',#3492);
#1008=VERTEX_POINT('',#3494);
#1009=VERTEX_POINT('',#3496);
#1010=VERTEX_POINT('',#3498);
#1011=VERTEX_POINT('',#3500);
#1012=VERTEX_POINT('',#3503);
#1013=VERTEX_POINT('',#3508);
#1014=VERTEX_POINT('',#3513);
#1015=VERTEX_POINT('',#3518);
#1016=VERTEX_POINT('',#3520);
#1017=VERTEX_POINT('',#3524);
#1018=VERTEX_POINT('',#3527);
#1019=VERTEX_POINT('',#3529);
#1020=VERTEX_POINT('',#3533);
#1021=VERTEX_POINT('',#3536);
#1022=VERTEX_POINT('',#3538);
#1023=VERTEX_POINT('',#3542);
#1024=VERTEX_POINT('',#3545);
#1025=VERTEX_POINT('',#3547);
#1026=VERTEX_POINT('',#3551);
#1027=VERTEX_POINT('',#3554);
#1028=VERTEX_POINT('',#3556);
#1029=VERTEX_POINT('',#3559);
#1030=VERTEX_POINT('',#3561);
#1031=VERTEX_POINT('',#3564);
#1032=VERTEX_POINT('',#3566);
#1033=VERTEX_POINT('',#3569);
#1034=VERTEX_POINT('',#3571);
#1035=VERTEX_POINT('',#3593);
#1036=VERTEX_POINT('',#3595);
#1037=VERTEX_POINT('',#3599);
#1038=VERTEX_POINT('',#3603);
#1039=VERTEX_POINT('',#3607);
#1040=VERTEX_POINT('',#3611);
#1041=VERTEX_POINT('',#3615);
#1042=VERTEX_POINT('',#3619);
#1043=VERTEX_POINT('',#3623);
#1044=VERTEX_POINT('',#3627);
#1045=VERTEX_POINT('',#3631);
#1046=VERTEX_POINT('',#3635);
#1047=VERTEX_POINT('',#3639);
#1048=VERTEX_POINT('',#3643);
#1049=VERTEX_POINT('',#3647);
#1050=VERTEX_POINT('',#3651);
#1051=VERTEX_POINT('',#3655);
#1052=VERTEX_POINT('',#3659);
#1053=VERTEX_POINT('',#3663);
#1054=VERTEX_POINT('',#3667);
#1055=VERTEX_POINT('',#3671);
#1056=VERTEX_POINT('',#3675);
#1057=VERTEX_POINT('',#3679);
#1058=VERTEX_POINT('',#3683);
#1059=VERTEX_POINT('',#3687);
#1060=VERTEX_POINT('',#3691);
#1061=VERTEX_POINT('',#3695);
#1062=VERTEX_POINT('',#3699);
#1063=VERTEX_POINT('',#3703);
#1064=VERTEX_POINT('',#3707);
#1065=VERTEX_POINT('',#3711);
#1066=VERTEX_POINT('',#3715);
#1067=VERTEX_POINT('',#3719);
#1068=VERTEX_POINT('',#3723);
#1069=VERTEX_POINT('',#3727);
#1070=VERTEX_POINT('',#3731);
#1071=VERTEX_POINT('',#3735);
#1072=EDGE_CURVE('',#864,#865,#444,.T.);
#1073=EDGE_CURVE('',#864,#866,#445,.T.);
#1074=EDGE_CURVE('',#867,#866,#446,.T.);
#1075=EDGE_CURVE('',#865,#867,#447,.T.);
#1076=EDGE_CURVE('',#865,#868,#31,.T.);
#1077=EDGE_CURVE('',#869,#867,#32,.T.);
#1078=EDGE_CURVE('',#868,#869,#448,.T.);
#1079=EDGE_CURVE('',#868,#870,#449,.T.);
#1080=EDGE_CURVE('',#871,#869,#450,.T.);
#1081=EDGE_CURVE('',#870,#871,#451,.T.);
#1082=EDGE_CURVE('',#870,#872,#33,.T.);
#1083=EDGE_CURVE('',#873,#871,#34,.T.);
#1084=EDGE_CURVE('',#872,#873,#452,.T.);
#1085=EDGE_CURVE('',#872,#874,#453,.T.);
#1086=EDGE_CURVE('',#875,#873,#454,.T.);
#1087=EDGE_CURVE('',#874,#875,#455,.T.);
#1088=EDGE_CURVE('',#874,#876,#35,.T.);
#1089=EDGE_CURVE('',#877,#875,#36,.T.);
#1090=EDGE_CURVE('',#876,#877,#456,.T.);
#1091=EDGE_CURVE('',#876,#878,#457,.T.);
#1092=EDGE_CURVE('',#879,#877,#458,.T.);
#1093=EDGE_CURVE('',#878,#879,#459,.T.);
#1094=EDGE_CURVE('',#878,#880,#37,.T.);
#1095=EDGE_CURVE('',#881,#879,#38,.T.);
#1096=EDGE_CURVE('',#880,#881,#460,.T.);
#1097=EDGE_CURVE('',#880,#882,#461,.T.);
#1098=EDGE_CURVE('',#883,#881,#462,.T.);
#1099=EDGE_CURVE('',#882,#883,#463,.T.);
#1100=EDGE_CURVE('',#882,#884,#39,.T.);
#1101=EDGE_CURVE('',#885,#883,#40,.T.);
#1102=EDGE_CURVE('',#884,#885,#464,.T.);
#1103=EDGE_CURVE('',#884,#886,#465,.T.);
#1104=EDGE_CURVE('',#887,#885,#466,.T.);
#1105=EDGE_CURVE('',#886,#887,#467,.T.);
#1106=EDGE_CURVE('',#886,#888,#41,.T.);
#1107=EDGE_CURVE('',#889,#887,#42,.T.);
#1108=EDGE_CURVE('',#888,#889,#468,.T.);
#1109=EDGE_CURVE('',#888,#890,#469,.T.);
#1110=EDGE_CURVE('',#891,#889,#470,.T.);
#1111=EDGE_CURVE('',#890,#891,#471,.T.);
#1112=EDGE_CURVE('',#890,#892,#43,.T.);
#1113=EDGE_CURVE('',#893,#891,#44,.T.);
#1114=EDGE_CURVE('',#892,#893,#472,.T.);
#1115=EDGE_CURVE('',#892,#894,#473,.T.);
#1116=EDGE_CURVE('',#895,#893,#474,.T.);
#1117=EDGE_CURVE('',#894,#895,#475,.T.);
#1118=EDGE_CURVE('',#894,#896,#45,.T.);
#1119=EDGE_CURVE('',#897,#895,#46,.T.);
#1120=EDGE_CURVE('',#896,#897,#476,.T.);
#1121=EDGE_CURVE('',#896,#898,#477,.T.);
#1122=EDGE_CURVE('',#899,#897,#478,.T.);
#1123=EDGE_CURVE('',#898,#899,#479,.T.);
#1124=EDGE_CURVE('',#898,#900,#47,.T.);
#1125=EDGE_CURVE('',#901,#899,#48,.T.);
#1126=EDGE_CURVE('',#900,#901,#480,.T.);
#1127=EDGE_CURVE('',#900,#902,#481,.T.);
#1128=EDGE_CURVE('',#903,#901,#482,.T.);
#1129=EDGE_CURVE('',#902,#903,#483,.T.);
#1130=EDGE_CURVE('',#902,#904,#484,.T.);
#1131=EDGE_CURVE('',#905,#903,#485,.T.);
#1132=EDGE_CURVE('',#904,#905,#486,.T.);
#1133=EDGE_CURVE('',#904,#906,#487,.T.);
#1134=EDGE_CURVE('',#907,#905,#488,.T.);
#1135=EDGE_CURVE('',#906,#907,#489,.T.);
#1136=EDGE_CURVE('',#906,#908,#490,.T.);
#1137=EDGE_CURVE('',#909,#907,#491,.T.);
#1138=EDGE_CURVE('',#908,#909,#492,.T.);
#1139=EDGE_CURVE('',#908,#910,#493,.T.);
#1140=EDGE_CURVE('',#911,#909,#494,.T.);
#1141=EDGE_CURVE('',#910,#911,#495,.T.);
#1142=EDGE_CURVE('',#910,#912,#496,.T.);
#1143=EDGE_CURVE('',#913,#911,#497,.T.);
#1144=EDGE_CURVE('',#912,#913,#498,.T.);
#1145=EDGE_CURVE('',#912,#914,#49,.T.);
#1146=EDGE_CURVE('',#915,#913,#50,.T.);
#1147=EDGE_CURVE('',#914,#915,#499,.T.);
#1148=EDGE_CURVE('',#914,#916,#500,.T.);
#1149=EDGE_CURVE('',#917,#915,#501,.T.);
#1150=EDGE_CURVE('',#916,#917,#502,.T.);
#1151=EDGE_CURVE('',#916,#918,#51,.T.);
#1152=EDGE_CURVE('',#919,#917,#52,.T.);
#1153=EDGE_CURVE('',#918,#919,#503,.T.);
#1154=EDGE_CURVE('',#918,#920,#504,.T.);
#1155=EDGE_CURVE('',#921,#919,#505,.T.);
#1156=EDGE_CURVE('',#920,#921,#506,.T.);
#1157=EDGE_CURVE('',#920,#922,#53,.T.);
#1158=EDGE_CURVE('',#923,#921,#54,.T.);
#1159=EDGE_CURVE('',#922,#923,#507,.T.);
#1160=EDGE_CURVE('',#922,#924,#508,.T.);
#1161=EDGE_CURVE('',#925,#923,#509,.T.);
#1162=EDGE_CURVE('',#924,#925,#510,.T.);
#1163=EDGE_CURVE('',#924,#926,#55,.T.);
#1164=EDGE_CURVE('',#927,#925,#56,.T.);
#1165=EDGE_CURVE('',#926,#927,#511,.T.);
#1166=EDGE_CURVE('',#926,#928,#512,.T.);
#1167=EDGE_CURVE('',#929,#927,#513,.T.);
#1168=EDGE_CURVE('',#928,#929,#514,.T.);
#1169=EDGE_CURVE('',#928,#930,#57,.T.);
#1170=EDGE_CURVE('',#931,#929,#58,.T.);
#1171=EDGE_CURVE('',#930,#931,#515,.T.);
#1172=EDGE_CURVE('',#930,#932,#516,.T.);
#1173=EDGE_CURVE('',#933,#931,#517,.T.);
#1174=EDGE_CURVE('',#932,#933,#518,.T.);
#1175=EDGE_CURVE('',#932,#934,#59,.T.);
#1176=EDGE_CURVE('',#935,#933,#60,.T.);
#1177=EDGE_CURVE('',#934,#935,#519,.T.);
#1178=EDGE_CURVE('',#934,#936,#520,.T.);
#1179=EDGE_CURVE('',#937,#935,#521,.T.);
#1180=EDGE_CURVE('',#936,#937,#522,.T.);
#1181=EDGE_CURVE('',#936,#938,#523,.T.);
#1182=EDGE_CURVE('',#939,#937,#524,.T.);
#1183=EDGE_CURVE('',#938,#939,#525,.T.);
#1184=EDGE_CURVE('',#938,#940,#61,.T.);
#1185=EDGE_CURVE('',#941,#939,#62,.T.);
#1186=EDGE_CURVE('',#940,#941,#526,.T.);
#1187=EDGE_CURVE('',#940,#942,#527,.T.);
#1188=EDGE_CURVE('',#943,#941,#528,.T.);
#1189=EDGE_CURVE('',#942,#943,#529,.T.);
#1190=EDGE_CURVE('',#942,#944,#63,.T.);
#1191=EDGE_CURVE('',#945,#943,#64,.T.);
#1192=EDGE_CURVE('',#944,#945,#530,.T.);
#1193=EDGE_CURVE('',#944,#946,#531,.T.);
#1194=EDGE_CURVE('',#947,#945,#532,.T.);
#1195=EDGE_CURVE('',#946,#947,#533,.T.);
#1196=EDGE_CURVE('',#946,#948,#65,.T.);
#1197=EDGE_CURVE('',#949,#947,#66,.T.);
#1198=EDGE_CURVE('',#948,#949,#534,.T.);
#1199=EDGE_CURVE('',#948,#950,#535,.T.);
#1200=EDGE_CURVE('',#951,#949,#536,.T.);
#1201=EDGE_CURVE('',#950,#951,#537,.T.);
#1202=EDGE_CURVE('',#950,#952,#67,.T.);
#1203=EDGE_CURVE('',#953,#951,#68,.T.);
#1204=EDGE_CURVE('',#952,#953,#538,.T.);
#1205=EDGE_CURVE('',#952,#954,#539,.T.);
#1206=EDGE_CURVE('',#955,#953,#540,.T.);
#1207=EDGE_CURVE('',#954,#955,#541,.T.);
#1208=EDGE_CURVE('',#954,#956,#69,.T.);
#1209=EDGE_CURVE('',#957,#955,#70,.T.);
#1210=EDGE_CURVE('',#956,#957,#542,.T.);
#1211=EDGE_CURVE('',#956,#958,#543,.T.);
#1212=EDGE_CURVE('',#959,#957,#544,.T.);
#1213=EDGE_CURVE('',#958,#959,#545,.T.);
#1214=EDGE_CURVE('',#958,#960,#71,.T.);
#1215=EDGE_CURVE('',#961,#959,#72,.T.);
#1216=EDGE_CURVE('',#960,#961,#546,.T.);
#1217=EDGE_CURVE('',#960,#962,#547,.T.);
#1218=EDGE_CURVE('',#963,#961,#548,.T.);
#1219=EDGE_CURVE('',#962,#963,#549,.T.);
#1220=EDGE_CURVE('',#962,#964,#73,.T.);
#1221=EDGE_CURVE('',#965,#963,#74,.T.);
#1222=EDGE_CURVE('',#964,#965,#550,.T.);
#1223=EDGE_CURVE('',#964,#966,#551,.T.);
#1224=EDGE_CURVE('',#967,#965,#552,.T.);
#1225=EDGE_CURVE('',#966,#967,#553,.T.);
#1226=EDGE_CURVE('',#966,#864,#75,.T.);
#1227=EDGE_CURVE('',#866,#967,#76,.T.);
#1228=EDGE_CURVE('',#968,#969,#77,.T.);
#1229=EDGE_CURVE('',#969,#970,#554,.T.);
#1230=EDGE_CURVE('',#970,#971,#78,.T.);
#1231=EDGE_CURVE('',#971,#972,#555,.T.);
#1232=EDGE_CURVE('',#972,#973,#79,.T.);
#1233=EDGE_CURVE('',#973,#974,#556,.T.);
#1234=EDGE_CURVE('',#974,#975,#557,.T.);
#1235=EDGE_CURVE('',#975,#976,#80,.T.);
#1236=EDGE_CURVE('',#976,#977,#558,.T.);
#1237=EDGE_CURVE('',#977,#978,#559,.T.);
#1238=EDGE_CURVE('',#978,#979,#560,.T.);
#1239=EDGE_CURVE('',#979,#980,#561,.T.);
#1240=EDGE_CURVE('',#980,#981,#562,.T.);
#1241=EDGE_CURVE('',#981,#982,#563,.T.);
#1242=EDGE_CURVE('',#982,#983,#81,.T.);
#1243=EDGE_CURVE('',#983,#984,#564,.T.);
#1244=EDGE_CURVE('',#984,#985,#82,.T.);
#1245=EDGE_CURVE('',#985,#986,#565,.T.);
#1246=EDGE_CURVE('',#986,#987,#566,.T.);
#1247=EDGE_CURVE('',#987,#988,#567,.T.);
#1248=EDGE_CURVE('',#988,#989,#568,.T.);
#1249=EDGE_CURVE('',#989,#990,#83,.T.);
#1250=EDGE_CURVE('',#990,#991,#569,.T.);
#1251=EDGE_CURVE('',#991,#992,#570,.T.);
#1252=EDGE_CURVE('',#992,#993,#84,.T.);
#1253=EDGE_CURVE('',#993,#994,#571,.T.);
#1254=EDGE_CURVE('',#994,#995,#572,.T.);
#1255=EDGE_CURVE('',#995,#996,#85,.T.);
#1256=EDGE_CURVE('',#996,#997,#573,.T.);
#1257=EDGE_CURVE('',#997,#998,#86,.T.);
#1258=EDGE_CURVE('',#998,#999,#574,.T.);
#1259=EDGE_CURVE('',#999,#1000,#87,.T.);
#1260=EDGE_CURVE('',#1000,#1001,#575,.T.);
#1261=EDGE_CURVE('',#1001,#1002,#88,.T.);
#1262=EDGE_CURVE('',#1002,#1003,#576,.T.);
#1263=EDGE_CURVE('',#1003,#1004,#89,.T.);
#1264=EDGE_CURVE('',#1004,#968,#577,.T.);
#1265=EDGE_CURVE('',#1005,#1005,#90,.T.);
#1266=EDGE_CURVE('',#1006,#1006,#91,.T.);
#1267=EDGE_CURVE('',#1007,#1007,#92,.T.);
#1268=EDGE_CURVE('',#1008,#1008,#93,.T.);
#1269=EDGE_CURVE('',#1009,#1009,#94,.T.);
#1270=EDGE_CURVE('',#1010,#1010,#95,.T.);
#1271=EDGE_CURVE('',#1011,#1011,#96,.T.);
#1272=EDGE_CURVE('',#1012,#1012,#97,.T.);
#1273=EDGE_CURVE('',#1012,#1011,#578,.T.);
#1274=EDGE_CURVE('',#1013,#1013,#98,.T.);
#1275=EDGE_CURVE('',#1013,#1010,#579,.T.);
#1276=EDGE_CURVE('',#1014,#1014,#99,.T.);
#1277=EDGE_CURVE('',#1014,#1009,#580,.T.);
#1278=EDGE_CURVE('',#1015,#1015,#100,.T.);
#1279=EDGE_CURVE('',#1015,#1016,#581,.T.);
#1280=EDGE_CURVE('',#1016,#1016,#101,.T.);
#1281=EDGE_CURVE('',#1017,#1017,#102,.T.);
#1282=EDGE_CURVE('',#1018,#1018,#103,.T.);
#1283=EDGE_CURVE('',#1018,#1019,#582,.T.);
#1284=EDGE_CURVE('',#1019,#1019,#104,.T.);
#1285=EDGE_CURVE('',#1020,#1020,#105,.T.);
#1286=EDGE_CURVE('',#1021,#1021,#106,.T.);
#1287=EDGE_CURVE('',#1021,#1022,#583,.T.);
#1288=EDGE_CURVE('',#1022,#1022,#107,.T.);
#1289=EDGE_CURVE('',#1023,#1023,#108,.T.);
#1290=EDGE_CURVE('',#1024,#1024,#109,.T.);
#1291=EDGE_CURVE('',#1024,#1025,#584,.T.);
#1292=EDGE_CURVE('',#1025,#1025,#110,.T.);
#1293=EDGE_CURVE('',#1026,#1026,#111,.T.);
#1294=EDGE_CURVE('',#1027,#1027,#112,.T.);
#1295=EDGE_CURVE('',#1028,#1028,#113,.T.);
#1296=EDGE_CURVE('',#1029,#1029,#114,.T.);
#1297=EDGE_CURVE('',#1030,#1030,#115,.T.);
#1298=EDGE_CURVE('',#1031,#1031,#116,.T.);
#1299=EDGE_CURVE('',#1032,#1032,#117,.T.);
#1300=EDGE_CURVE('',#1033,#1033,#118,.T.);
#1301=EDGE_CURVE('',#1034,#1034,#119,.T.);
#1302=EDGE_CURVE('',#1028,#1017,#585,.T.);
#1303=EDGE_CURVE('',#1027,#1005,#586,.T.);
#1304=EDGE_CURVE('',#1032,#1020,#587,.T.);
#1305=EDGE_CURVE('',#1031,#1008,#588,.T.);
#1306=EDGE_CURVE('',#1034,#1023,#589,.T.);
#1307=EDGE_CURVE('',#1033,#1006,#590,.T.);
#1308=EDGE_CURVE('',#1030,#1026,#591,.T.);
#1309=EDGE_CURVE('',#1029,#1007,#592,.T.);
#1310=EDGE_CURVE('',#1035,#969,#593,.T.);
#1311=EDGE_CURVE('',#1036,#1035,#594,.T.);
#1312=EDGE_CURVE('',#1036,#970,#595,.T.);
#1313=EDGE_CURVE('',#1037,#1036,#120,.T.);
#1314=EDGE_CURVE('',#1037,#971,#596,.T.);
#1315=EDGE_CURVE('',#1038,#1037,#597,.T.);
#1316=EDGE_CURVE('',#1038,#972,#598,.T.);
#1317=EDGE_CURVE('',#1039,#1038,#121,.T.);
#1318=EDGE_CURVE('',#1039,#973,#599,.T.);
#1319=EDGE_CURVE('',#1040,#1039,#600,.T.);
#1320=EDGE_CURVE('',#1040,#974,#601,.T.);
#1321=EDGE_CURVE('',#1041,#1040,#602,.T.);
#1322=EDGE_CURVE('',#1041,#975,#603,.T.);
#1323=EDGE_CURVE('',#1042,#1041,#122,.T.);
#1324=EDGE_CURVE('',#1042,#976,#604,.T.);
#1325=EDGE_CURVE('',#1043,#1042,#605,.T.);
#1326=EDGE_CURVE('',#1043,#977,#606,.T.);
#1327=EDGE_CURVE('',#1044,#1043,#607,.T.);
#1328=EDGE_CURVE('',#1044,#978,#608,.T.);
#1329=EDGE_CURVE('',#1045,#1044,#609,.T.);
#1330=EDGE_CURVE('',#1045,#979,#610,.T.);
#1331=EDGE_CURVE('',#1046,#1045,#611,.T.);
#1332=EDGE_CURVE('',#1046,#980,#612,.T.);
#1333=EDGE_CURVE('',#1047,#1046,#613,.T.);
#1334=EDGE_CURVE('',#1047,#981,#614,.T.);
#1335=EDGE_CURVE('',#1048,#1047,#615,.T.);
#1336=EDGE_CURVE('',#1048,#982,#616,.T.);
#1337=EDGE_CURVE('',#1049,#1048,#123,.T.);
#1338=EDGE_CURVE('',#1049,#983,#617,.T.);
#1339=EDGE_CURVE('',#1050,#1049,#618,.T.);
#1340=EDGE_CURVE('',#1050,#984,#619,.T.);
#1341=EDGE_CURVE('',#1051,#1050,#124,.T.);
#1342=EDGE_CURVE('',#1051,#985,#620,.T.);
#1343=EDGE_CURVE('',#1052,#1051,#621,.T.);
#1344=EDGE_CURVE('',#1052,#986,#622,.T.);
#1345=EDGE_CURVE('',#1053,#1052,#623,.T.);
#1346=EDGE_CURVE('',#1053,#987,#624,.T.);
#1347=EDGE_CURVE('',#1054,#1053,#625,.T.);
#1348=EDGE_CURVE('',#1054,#988,#626,.T.);
#1349=EDGE_CURVE('',#1055,#1054,#627,.T.);
#1350=EDGE_CURVE('',#1055,#989,#628,.T.);
#1351=EDGE_CURVE('',#1056,#1055,#125,.T.);
#1352=EDGE_CURVE('',#1056,#990,#629,.T.);
#1353=EDGE_CURVE('',#1057,#1056,#630,.T.);
#1354=EDGE_CURVE('',#1057,#991,#631,.T.);
#1355=EDGE_CURVE('',#1058,#1057,#632,.T.);
#1356=EDGE_CURVE('',#1058,#992,#633,.T.);
#1357=EDGE_CURVE('',#1059,#1058,#126,.T.);
#1358=EDGE_CURVE('',#1059,#993,#634,.T.);
#1359=EDGE_CURVE('',#1060,#1059,#635,.T.);
#1360=EDGE_CURVE('',#1060,#994,#636,.T.);
#1361=EDGE_CURVE('',#1061,#1060,#637,.T.);
#1362=EDGE_CURVE('',#1061,#995,#638,.T.);
#1363=EDGE_CURVE('',#1062,#1061,#127,.T.);
#1364=EDGE_CURVE('',#1062,#996,#639,.T.);
#1365=EDGE_CURVE('',#1063,#1062,#640,.T.);
#1366=EDGE_CURVE('',#1063,#997,#641,.T.);
#1367=EDGE_CURVE('',#1064,#1063,#128,.T.);
#1368=EDGE_CURVE('',#1064,#998,#642,.T.);
#1369=EDGE_CURVE('',#1065,#1064,#643,.T.);
#1370=EDGE_CURVE('',#1065,#999,#644,.T.);
#1371=EDGE_CURVE('',#1066,#1065,#129,.T.);
#1372=EDGE_CURVE('',#1066,#1000,#645,.T.);
#1373=EDGE_CURVE('',#1067,#1066,#646,.T.);
#1374=EDGE_CURVE('',#1067,#1001,#647,.T.);
#1375=EDGE_CURVE('',#1068,#1067,#130,.T.);
#1376=EDGE_CURVE('',#1068,#1002,#648,.T.);
#1377=EDGE_CURVE('',#1069,#1068,#649,.T.);
#1378=EDGE_CURVE('',#1069,#1003,#650,.T.);
#1379=EDGE_CURVE('',#1070,#1069,#131,.T.);
#1380=EDGE_CURVE('',#1070,#1004,#651,.T.);
#1381=EDGE_CURVE('',#1071,#1070,#652,.T.);
#1382=EDGE_CURVE('',#968,#1071,#653,.T.);
#1383=EDGE_CURVE('',#1035,#1071,#132,.T.);
#1384=ORIENTED_EDGE('',*,*,#1072,.F.);
#1385=ORIENTED_EDGE('',*,*,#1073,.T.);
#1386=ORIENTED_EDGE('',*,*,#1074,.F.);
#1387=ORIENTED_EDGE('',*,*,#1075,.F.);
#1388=ORIENTED_EDGE('',*,*,#1076,.F.);
#1389=ORIENTED_EDGE('',*,*,#1075,.T.);
#1390=ORIENTED_EDGE('',*,*,#1077,.F.);
#1391=ORIENTED_EDGE('',*,*,#1078,.F.);
#1392=ORIENTED_EDGE('',*,*,#1079,.F.);
#1393=ORIENTED_EDGE('',*,*,#1078,.T.);
#1394=ORIENTED_EDGE('',*,*,#1080,.F.);
#1395=ORIENTED_EDGE('',*,*,#1081,.F.);
#1396=ORIENTED_EDGE('',*,*,#1082,.F.);
#1397=ORIENTED_EDGE('',*,*,#1081,.T.);
#1398=ORIENTED_EDGE('',*,*,#1083,.F.);
#1399=ORIENTED_EDGE('',*,*,#1084,.F.);
#1400=ORIENTED_EDGE('',*,*,#1085,.F.);
#1401=ORIENTED_EDGE('',*,*,#1084,.T.);
#1402=ORIENTED_EDGE('',*,*,#1086,.F.);
#1403=ORIENTED_EDGE('',*,*,#1087,.F.);
#1404=ORIENTED_EDGE('',*,*,#1088,.F.);
#1405=ORIENTED_EDGE('',*,*,#1087,.T.);
#1406=ORIENTED_EDGE('',*,*,#1089,.F.);
#1407=ORIENTED_EDGE('',*,*,#1090,.F.);
#1408=ORIENTED_EDGE('',*,*,#1091,.F.);
#1409=ORIENTED_EDGE('',*,*,#1090,.T.);
#1410=ORIENTED_EDGE('',*,*,#1092,.F.);
#1411=ORIENTED_EDGE('',*,*,#1093,.F.);
#1412=ORIENTED_EDGE('',*,*,#1094,.F.);
#1413=ORIENTED_EDGE('',*,*,#1093,.T.);
#1414=ORIENTED_EDGE('',*,*,#1095,.F.);
#1415=ORIENTED_EDGE('',*,*,#1096,.F.);
#1416=ORIENTED_EDGE('',*,*,#1097,.F.);
#1417=ORIENTED_EDGE('',*,*,#1096,.T.);
#1418=ORIENTED_EDGE('',*,*,#1098,.F.);
#1419=ORIENTED_EDGE('',*,*,#1099,.F.);
#1420=ORIENTED_EDGE('',*,*,#1100,.F.);
#1421=ORIENTED_EDGE('',*,*,#1099,.T.);
#1422=ORIENTED_EDGE('',*,*,#1101,.F.);
#1423=ORIENTED_EDGE('',*,*,#1102,.F.);
#1424=ORIENTED_EDGE('',*,*,#1103,.F.);
#1425=ORIENTED_EDGE('',*,*,#1102,.T.);
#1426=ORIENTED_EDGE('',*,*,#1104,.F.);
#1427=ORIENTED_EDGE('',*,*,#1105,.F.);
#1428=ORIENTED_EDGE('',*,*,#1106,.F.);
#1429=ORIENTED_EDGE('',*,*,#1105,.T.);
#1430=ORIENTED_EDGE('',*,*,#1107,.F.);
#1431=ORIENTED_EDGE('',*,*,#1108,.F.);
#1432=ORIENTED_EDGE('',*,*,#1109,.F.);
#1433=ORIENTED_EDGE('',*,*,#1108,.T.);
#1434=ORIENTED_EDGE('',*,*,#1110,.F.);
#1435=ORIENTED_EDGE('',*,*,#1111,.F.);
#1436=ORIENTED_EDGE('',*,*,#1112,.F.);
#1437=ORIENTED_EDGE('',*,*,#1111,.T.);
#1438=ORIENTED_EDGE('',*,*,#1113,.F.);
#1439=ORIENTED_EDGE('',*,*,#1114,.F.);
#1440=ORIENTED_EDGE('',*,*,#1115,.F.);
#1441=ORIENTED_EDGE('',*,*,#1114,.T.);
#1442=ORIENTED_EDGE('',*,*,#1116,.F.);
#1443=ORIENTED_EDGE('',*,*,#1117,.F.);
#1444=ORIENTED_EDGE('',*,*,#1118,.F.);
#1445=ORIENTED_EDGE('',*,*,#1117,.T.);
#1446=ORIENTED_EDGE('',*,*,#1119,.F.);
#1447=ORIENTED_EDGE('',*,*,#1120,.F.);
#1448=ORIENTED_EDGE('',*,*,#1121,.F.);
#1449=ORIENTED_EDGE('',*,*,#1120,.T.);
#1450=ORIENTED_EDGE('',*,*,#1122,.F.);
#1451=ORIENTED_EDGE('',*,*,#1123,.F.);
#1452=ORIENTED_EDGE('',*,*,#1124,.F.);
#1453=ORIENTED_EDGE('',*,*,#1123,.T.);
#1454=ORIENTED_EDGE('',*,*,#1125,.F.);
#1455=ORIENTED_EDGE('',*,*,#1126,.F.);
#1456=ORIENTED_EDGE('',*,*,#1127,.F.);
#1457=ORIENTED_EDGE('',*,*,#1126,.T.);
#1458=ORIENTED_EDGE('',*,*,#1128,.F.);
#1459=ORIENTED_EDGE('',*,*,#1129,.F.);
#1460=ORIENTED_EDGE('',*,*,#1130,.F.);
#1461=ORIENTED_EDGE('',*,*,#1129,.T.);
#1462=ORIENTED_EDGE('',*,*,#1131,.F.);
#1463=ORIENTED_EDGE('',*,*,#1132,.F.);
#1464=ORIENTED_EDGE('',*,*,#1133,.F.);
#1465=ORIENTED_EDGE('',*,*,#1132,.T.);
#1466=ORIENTED_EDGE('',*,*,#1134,.F.);
#1467=ORIENTED_EDGE('',*,*,#1135,.F.);
#1468=ORIENTED_EDGE('',*,*,#1136,.F.);
#1469=ORIENTED_EDGE('',*,*,#1135,.T.);
#1470=ORIENTED_EDGE('',*,*,#1137,.F.);
#1471=ORIENTED_EDGE('',*,*,#1138,.F.);
#1472=ORIENTED_EDGE('',*,*,#1139,.F.);
#1473=ORIENTED_EDGE('',*,*,#1138,.T.);
#1474=ORIENTED_EDGE('',*,*,#1140,.F.);
#1475=ORIENTED_EDGE('',*,*,#1141,.F.);
#1476=ORIENTED_EDGE('',*,*,#1142,.F.);
#1477=ORIENTED_EDGE('',*,*,#1141,.T.);
#1478=ORIENTED_EDGE('',*,*,#1143,.F.);
#1479=ORIENTED_EDGE('',*,*,#1144,.F.);
#1480=ORIENTED_EDGE('',*,*,#1145,.F.);
#1481=ORIENTED_EDGE('',*,*,#1144,.T.);
#1482=ORIENTED_EDGE('',*,*,#1146,.F.);
#1483=ORIENTED_EDGE('',*,*,#1147,.F.);
#1484=ORIENTED_EDGE('',*,*,#1148,.F.);
#1485=ORIENTED_EDGE('',*,*,#1147,.T.);
#1486=ORIENTED_EDGE('',*,*,#1149,.F.);
#1487=ORIENTED_EDGE('',*,*,#1150,.F.);
#1488=ORIENTED_EDGE('',*,*,#1151,.F.);
#1489=ORIENTED_EDGE('',*,*,#1150,.T.);
#1490=ORIENTED_EDGE('',*,*,#1152,.F.);
#1491=ORIENTED_EDGE('',*,*,#1153,.F.);
#1492=ORIENTED_EDGE('',*,*,#1154,.F.);
#1493=ORIENTED_EDGE('',*,*,#1153,.T.);
#1494=ORIENTED_EDGE('',*,*,#1155,.F.);
#1495=ORIENTED_EDGE('',*,*,#1156,.F.);
#1496=ORIENTED_EDGE('',*,*,#1157,.F.);
#1497=ORIENTED_EDGE('',*,*,#1156,.T.);
#1498=ORIENTED_EDGE('',*,*,#1158,.F.);
#1499=ORIENTED_EDGE('',*,*,#1159,.F.);
#1500=ORIENTED_EDGE('',*,*,#1160,.F.);
#1501=ORIENTED_EDGE('',*,*,#1159,.T.);
#1502=ORIENTED_EDGE('',*,*,#1161,.F.);
#1503=ORIENTED_EDGE('',*,*,#1162,.F.);
#1504=ORIENTED_EDGE('',*,*,#1163,.F.);
#1505=ORIENTED_EDGE('',*,*,#1162,.T.);
#1506=ORIENTED_EDGE('',*,*,#1164,.F.);
#1507=ORIENTED_EDGE('',*,*,#1165,.F.);
#1508=ORIENTED_EDGE('',*,*,#1166,.F.);
#1509=ORIENTED_EDGE('',*,*,#1165,.T.);
#1510=ORIENTED_EDGE('',*,*,#1167,.F.);
#1511=ORIENTED_EDGE('',*,*,#1168,.F.);
#1512=ORIENTED_EDGE('',*,*,#1169,.F.);
#1513=ORIENTED_EDGE('',*,*,#1168,.T.);
#1514=ORIENTED_EDGE('',*,*,#1170,.F.);
#1515=ORIENTED_EDGE('',*,*,#1171,.F.);
#1516=ORIENTED_EDGE('',*,*,#1172,.F.);
#1517=ORIENTED_EDGE('',*,*,#1171,.T.);
#1518=ORIENTED_EDGE('',*,*,#1173,.F.);
#1519=ORIENTED_EDGE('',*,*,#1174,.F.);
#1520=ORIENTED_EDGE('',*,*,#1175,.F.);
#1521=ORIENTED_EDGE('',*,*,#1174,.T.);
#1522=ORIENTED_EDGE('',*,*,#1176,.F.);
#1523=ORIENTED_EDGE('',*,*,#1177,.F.);
#1524=ORIENTED_EDGE('',*,*,#1178,.F.);
#1525=ORIENTED_EDGE('',*,*,#1177,.T.);
#1526=ORIENTED_EDGE('',*,*,#1179,.F.);
#1527=ORIENTED_EDGE('',*,*,#1180,.F.);
#1528=ORIENTED_EDGE('',*,*,#1181,.F.);
#1529=ORIENTED_EDGE('',*,*,#1180,.T.);
#1530=ORIENTED_EDGE('',*,*,#1182,.F.);
#1531=ORIENTED_EDGE('',*,*,#1183,.F.);
#1532=ORIENTED_EDGE('',*,*,#1184,.F.);
#1533=ORIENTED_EDGE('',*,*,#1183,.T.);
#1534=ORIENTED_EDGE('',*,*,#1185,.F.);
#1535=ORIENTED_EDGE('',*,*,#1186,.F.);
#1536=ORIENTED_EDGE('',*,*,#1187,.F.);
#1537=ORIENTED_EDGE('',*,*,#1186,.T.);
#1538=ORIENTED_EDGE('',*,*,#1188,.F.);
#1539=ORIENTED_EDGE('',*,*,#1189,.F.);
#1540=ORIENTED_EDGE('',*,*,#1190,.F.);
#1541=ORIENTED_EDGE('',*,*,#1189,.T.);
#1542=ORIENTED_EDGE('',*,*,#1191,.F.);
#1543=ORIENTED_EDGE('',*,*,#1192,.F.);
#1544=ORIENTED_EDGE('',*,*,#1193,.F.);
#1545=ORIENTED_EDGE('',*,*,#1192,.T.);
#1546=ORIENTED_EDGE('',*,*,#1194,.F.);
#1547=ORIENTED_EDGE('',*,*,#1195,.F.);
#1548=ORIENTED_EDGE('',*,*,#1196,.F.);
#1549=ORIENTED_EDGE('',*,*,#1195,.T.);
#1550=ORIENTED_EDGE('',*,*,#1197,.F.);
#1551=ORIENTED_EDGE('',*,*,#1198,.F.);
#1552=ORIENTED_EDGE('',*,*,#1199,.F.);
#1553=ORIENTED_EDGE('',*,*,#1198,.T.);
#1554=ORIENTED_EDGE('',*,*,#1200,.F.);
#1555=ORIENTED_EDGE('',*,*,#1201,.F.);
#1556=ORIENTED_EDGE('',*,*,#1202,.F.);
#1557=ORIENTED_EDGE('',*,*,#1201,.T.);
#1558=ORIENTED_EDGE('',*,*,#1203,.F.);
#1559=ORIENTED_EDGE('',*,*,#1204,.F.);
#1560=ORIENTED_EDGE('',*,*,#1205,.F.);
#1561=ORIENTED_EDGE('',*,*,#1204,.T.);
#1562=ORIENTED_EDGE('',*,*,#1206,.F.);
#1563=ORIENTED_EDGE('',*,*,#1207,.F.);
#1564=ORIENTED_EDGE('',*,*,#1208,.F.);
#1565=ORIENTED_EDGE('',*,*,#1207,.T.);
#1566=ORIENTED_EDGE('',*,*,#1209,.F.);
#1567=ORIENTED_EDGE('',*,*,#1210,.F.);
#1568=ORIENTED_EDGE('',*,*,#1211,.F.);
#1569=ORIENTED_EDGE('',*,*,#1210,.T.);
#1570=ORIENTED_EDGE('',*,*,#1212,.F.);
#1571=ORIENTED_EDGE('',*,*,#1213,.F.);
#1572=ORIENTED_EDGE('',*,*,#1214,.F.);
#1573=ORIENTED_EDGE('',*,*,#1213,.T.);
#1574=ORIENTED_EDGE('',*,*,#1215,.F.);
#1575=ORIENTED_EDGE('',*,*,#1216,.F.);
#1576=ORIENTED_EDGE('',*,*,#1217,.F.);
#1577=ORIENTED_EDGE('',*,*,#1216,.T.);
#1578=ORIENTED_EDGE('',*,*,#1218,.F.);
#1579=ORIENTED_EDGE('',*,*,#1219,.F.);
#1580=ORIENTED_EDGE('',*,*,#1220,.F.);
#1581=ORIENTED_EDGE('',*,*,#1219,.T.);
#1582=ORIENTED_EDGE('',*,*,#1221,.F.);
#1583=ORIENTED_EDGE('',*,*,#1222,.F.);
#1584=ORIENTED_EDGE('',*,*,#1223,.F.);
#1585=ORIENTED_EDGE('',*,*,#1222,.T.);
#1586=ORIENTED_EDGE('',*,*,#1224,.F.);
#1587=ORIENTED_EDGE('',*,*,#1225,.F.);
#1588=ORIENTED_EDGE('',*,*,#1226,.F.);
#1589=ORIENTED_EDGE('',*,*,#1225,.T.);
#1590=ORIENTED_EDGE('',*,*,#1227,.F.);
#1591=ORIENTED_EDGE('',*,*,#1073,.F.);
#1592=ORIENTED_EDGE('',*,*,#1228,.T.);
#1593=ORIENTED_EDGE('',*,*,#1229,.T.);
#1594=ORIENTED_EDGE('',*,*,#1230,.T.);
#1595=ORIENTED_EDGE('',*,*,#1231,.T.);
#1596=ORIENTED_EDGE('',*,*,#1232,.T.);
#1597=ORIENTED_EDGE('',*,*,#1233,.T.);
#1598=ORIENTED_EDGE('',*,*,#1234,.T.);
#1599=ORIENTED_EDGE('',*,*,#1235,.T.);
#1600=ORIENTED_EDGE('',*,*,#1236,.T.);
#1601=ORIENTED_EDGE('',*,*,#1237,.T.);
#1602=ORIENTED_EDGE('',*,*,#1238,.T.);
#1603=ORIENTED_EDGE('',*,*,#1239,.T.);
#1604=ORIENTED_EDGE('',*,*,#1240,.T.);
#1605=ORIENTED_EDGE('',*,*,#1241,.T.);
#1606=ORIENTED_EDGE('',*,*,#1242,.T.);
#1607=ORIENTED_EDGE('',*,*,#1243,.T.);
#1608=ORIENTED_EDGE('',*,*,#1244,.T.);
#1609=ORIENTED_EDGE('',*,*,#1245,.T.);
#1610=ORIENTED_EDGE('',*,*,#1246,.T.);
#1611=ORIENTED_EDGE('',*,*,#1247,.T.);
#1612=ORIENTED_EDGE('',*,*,#1248,.T.);
#1613=ORIENTED_EDGE('',*,*,#1249,.T.);
#1614=ORIENTED_EDGE('',*,*,#1250,.T.);
#1615=ORIENTED_EDGE('',*,*,#1251,.T.);
#1616=ORIENTED_EDGE('',*,*,#1252,.T.);
#1617=ORIENTED_EDGE('',*,*,#1253,.T.);
#1618=ORIENTED_EDGE('',*,*,#1254,.T.);
#1619=ORIENTED_EDGE('',*,*,#1255,.T.);
#1620=ORIENTED_EDGE('',*,*,#1256,.T.);
#1621=ORIENTED_EDGE('',*,*,#1257,.T.);
#1622=ORIENTED_EDGE('',*,*,#1258,.T.);
#1623=ORIENTED_EDGE('',*,*,#1259,.T.);
#1624=ORIENTED_EDGE('',*,*,#1260,.T.);
#1625=ORIENTED_EDGE('',*,*,#1261,.T.);
#1626=ORIENTED_EDGE('',*,*,#1262,.T.);
#1627=ORIENTED_EDGE('',*,*,#1263,.T.);
#1628=ORIENTED_EDGE('',*,*,#1264,.T.);
#1629=ORIENTED_EDGE('',*,*,#1227,.T.);
#1630=ORIENTED_EDGE('',*,*,#1224,.T.);
#1631=ORIENTED_EDGE('',*,*,#1221,.T.);
#1632=ORIENTED_EDGE('',*,*,#1218,.T.);
#1633=ORIENTED_EDGE('',*,*,#1215,.T.);
#1634=ORIENTED_EDGE('',*,*,#1212,.T.);
#1635=ORIENTED_EDGE('',*,*,#1209,.T.);
#1636=ORIENTED_EDGE('',*,*,#1206,.T.);
#1637=ORIENTED_EDGE('',*,*,#1203,.T.);
#1638=ORIENTED_EDGE('',*,*,#1200,.T.);
#1639=ORIENTED_EDGE('',*,*,#1197,.T.);
#1640=ORIENTED_EDGE('',*,*,#1194,.T.);
#1641=ORIENTED_EDGE('',*,*,#1191,.T.);
#1642=ORIENTED_EDGE('',*,*,#1188,.T.);
#1643=ORIENTED_EDGE('',*,*,#1185,.T.);
#1644=ORIENTED_EDGE('',*,*,#1182,.T.);
#1645=ORIENTED_EDGE('',*,*,#1179,.T.);
#1646=ORIENTED_EDGE('',*,*,#1176,.T.);
#1647=ORIENTED_EDGE('',*,*,#1173,.T.);
#1648=ORIENTED_EDGE('',*,*,#1170,.T.);
#1649=ORIENTED_EDGE('',*,*,#1167,.T.);
#1650=ORIENTED_EDGE('',*,*,#1164,.T.);
#1651=ORIENTED_EDGE('',*,*,#1161,.T.);
#1652=ORIENTED_EDGE('',*,*,#1158,.T.);
#1653=ORIENTED_EDGE('',*,*,#1155,.T.);
#1654=ORIENTED_EDGE('',*,*,#1152,.T.);
#1655=ORIENTED_EDGE('',*,*,#1149,.T.);
#1656=ORIENTED_EDGE('',*,*,#1146,.T.);
#1657=ORIENTED_EDGE('',*,*,#1143,.T.);
#1658=ORIENTED_EDGE('',*,*,#1140,.T.);
#1659=ORIENTED_EDGE('',*,*,#1137,.T.);
#1660=ORIENTED_EDGE('',*,*,#1134,.T.);
#1661=ORIENTED_EDGE('',*,*,#1131,.T.);
#1662=ORIENTED_EDGE('',*,*,#1128,.T.);
#1663=ORIENTED_EDGE('',*,*,#1125,.T.);
#1664=ORIENTED_EDGE('',*,*,#1122,.T.);
#1665=ORIENTED_EDGE('',*,*,#1119,.T.);
#1666=ORIENTED_EDGE('',*,*,#1116,.T.);
#1667=ORIENTED_EDGE('',*,*,#1113,.T.);
#1668=ORIENTED_EDGE('',*,*,#1110,.T.);
#1669=ORIENTED_EDGE('',*,*,#1107,.T.);
#1670=ORIENTED_EDGE('',*,*,#1104,.T.);
#1671=ORIENTED_EDGE('',*,*,#1101,.T.);
#1672=ORIENTED_EDGE('',*,*,#1098,.T.);
#1673=ORIENTED_EDGE('',*,*,#1095,.T.);
#1674=ORIENTED_EDGE('',*,*,#1092,.T.);
#1675=ORIENTED_EDGE('',*,*,#1089,.T.);
#1676=ORIENTED_EDGE('',*,*,#1086,.T.);
#1677=ORIENTED_EDGE('',*,*,#1083,.T.);
#1678=ORIENTED_EDGE('',*,*,#1080,.T.);
#1679=ORIENTED_EDGE('',*,*,#1077,.T.);
#1680=ORIENTED_EDGE('',*,*,#1074,.T.);
#1681=ORIENTED_EDGE('',*,*,#1072,.T.);
#1682=ORIENTED_EDGE('',*,*,#1076,.T.);
#1683=ORIENTED_EDGE('',*,*,#1079,.T.);
#1684=ORIENTED_EDGE('',*,*,#1082,.T.);
#1685=ORIENTED_EDGE('',*,*,#1085,.T.);
#1686=ORIENTED_EDGE('',*,*,#1088,.T.);
#1687=ORIENTED_EDGE('',*,*,#1091,.T.);
#1688=ORIENTED_EDGE('',*,*,#1094,.T.);
#1689=ORIENTED_EDGE('',*,*,#1097,.T.);
#1690=ORIENTED_EDGE('',*,*,#1100,.T.);
#1691=ORIENTED_EDGE('',*,*,#1103,.T.);
#1692=ORIENTED_EDGE('',*,*,#1106,.T.);
#1693=ORIENTED_EDGE('',*,*,#1109,.T.);
#1694=ORIENTED_EDGE('',*,*,#1112,.T.);
#1695=ORIENTED_EDGE('',*,*,#1115,.T.);
#1696=ORIENTED_EDGE('',*,*,#1118,.T.);
#1697=ORIENTED_EDGE('',*,*,#1121,.T.);
#1698=ORIENTED_EDGE('',*,*,#1124,.T.);
#1699=ORIENTED_EDGE('',*,*,#1127,.T.);
#1700=ORIENTED_EDGE('',*,*,#1130,.T.);
#1701=ORIENTED_EDGE('',*,*,#1133,.T.);
#1702=ORIENTED_EDGE('',*,*,#1136,.T.);
#1703=ORIENTED_EDGE('',*,*,#1139,.T.);
#1704=ORIENTED_EDGE('',*,*,#1142,.T.);
#1705=ORIENTED_EDGE('',*,*,#1145,.T.);
#1706=ORIENTED_EDGE('',*,*,#1148,.T.);
#1707=ORIENTED_EDGE('',*,*,#1151,.T.);
#1708=ORIENTED_EDGE('',*,*,#1154,.T.);
#1709=ORIENTED_EDGE('',*,*,#1157,.T.);
#1710=ORIENTED_EDGE('',*,*,#1160,.T.);
#1711=ORIENTED_EDGE('',*,*,#1163,.T.);
#1712=ORIENTED_EDGE('',*,*,#1166,.T.);
#1713=ORIENTED_EDGE('',*,*,#1169,.T.);
#1714=ORIENTED_EDGE('',*,*,#1172,.T.);
#1715=ORIENTED_EDGE('',*,*,#1175,.T.);
#1716=ORIENTED_EDGE('',*,*,#1178,.T.);
#1717=ORIENTED_EDGE('',*,*,#1181,.T.);
#1718=ORIENTED_EDGE('',*,*,#1184,.T.);
#1719=ORIENTED_EDGE('',*,*,#1187,.T.);
#1720=ORIENTED_EDGE('',*,*,#1190,.T.);
#1721=ORIENTED_EDGE('',*,*,#1193,.T.);
#1722=ORIENTED_EDGE('',*,*,#1196,.T.);
#1723=ORIENTED_EDGE('',*,*,#1199,.T.);
#1724=ORIENTED_EDGE('',*,*,#1202,.T.);
#1725=ORIENTED_EDGE('',*,*,#1205,.T.);
#1726=ORIENTED_EDGE('',*,*,#1208,.T.);
#1727=ORIENTED_EDGE('',*,*,#1211,.T.);
#1728=ORIENTED_EDGE('',*,*,#1214,.T.);
#1729=ORIENTED_EDGE('',*,*,#1217,.T.);
#1730=ORIENTED_EDGE('',*,*,#1220,.T.);
#1731=ORIENTED_EDGE('',*,*,#1223,.T.);
#1732=ORIENTED_EDGE('',*,*,#1226,.T.);
#1733=ORIENTED_EDGE('',*,*,#1265,.T.);
#1734=ORIENTED_EDGE('',*,*,#1266,.T.);
#1735=ORIENTED_EDGE('',*,*,#1267,.T.);
#1736=ORIENTED_EDGE('',*,*,#1268,.T.);
#1737=ORIENTED_EDGE('',*,*,#1269,.T.);
#1738=ORIENTED_EDGE('',*,*,#1270,.T.);
#1739=ORIENTED_EDGE('',*,*,#1271,.T.);
#1740=ORIENTED_EDGE('',*,*,#1272,.F.);
#1741=ORIENTED_EDGE('',*,*,#1273,.T.);
#1742=ORIENTED_EDGE('',*,*,#1271,.F.);
#1743=ORIENTED_EDGE('',*,*,#1273,.F.);
#1744=ORIENTED_EDGE('',*,*,#1272,.T.);
#1745=ORIENTED_EDGE('',*,*,#1274,.F.);
#1746=ORIENTED_EDGE('',*,*,#1275,.T.);
#1747=ORIENTED_EDGE('',*,*,#1270,.F.);
#1748=ORIENTED_EDGE('',*,*,#1275,.F.);
#1749=ORIENTED_EDGE('',*,*,#1274,.T.);
#1750=ORIENTED_EDGE('',*,*,#1276,.F.);
#1751=ORIENTED_EDGE('',*,*,#1277,.T.);
#1752=ORIENTED_EDGE('',*,*,#1269,.F.);
#1753=ORIENTED_EDGE('',*,*,#1277,.F.);
#1754=ORIENTED_EDGE('',*,*,#1276,.T.);
#1755=ORIENTED_EDGE('',*,*,#1278,.F.);
#1756=ORIENTED_EDGE('',*,*,#1279,.T.);
#1757=ORIENTED_EDGE('',*,*,#1280,.F.);
#1758=ORIENTED_EDGE('',*,*,#1279,.F.);
#1759=ORIENTED_EDGE('',*,*,#1281,.F.);
#1760=ORIENTED_EDGE('',*,*,#1278,.T.);
#1761=ORIENTED_EDGE('',*,*,#1282,.F.);
#1762=ORIENTED_EDGE('',*,*,#1283,.T.);
#1763=ORIENTED_EDGE('',*,*,#1284,.F.);
#1764=ORIENTED_EDGE('',*,*,#1283,.F.);
#1765=ORIENTED_EDGE('',*,*,#1285,.F.);
#1766=ORIENTED_EDGE('',*,*,#1282,.T.);
#1767=ORIENTED_EDGE('',*,*,#1286,.F.);
#1768=ORIENTED_EDGE('',*,*,#1287,.T.);
#1769=ORIENTED_EDGE('',*,*,#1288,.F.);
#1770=ORIENTED_EDGE('',*,*,#1287,.F.);
#1771=ORIENTED_EDGE('',*,*,#1289,.F.);
#1772=ORIENTED_EDGE('',*,*,#1286,.T.);
#1773=ORIENTED_EDGE('',*,*,#1290,.F.);
#1774=ORIENTED_EDGE('',*,*,#1291,.T.);
#1775=ORIENTED_EDGE('',*,*,#1292,.F.);
#1776=ORIENTED_EDGE('',*,*,#1291,.F.);
#1777=ORIENTED_EDGE('',*,*,#1293,.F.);
#1778=ORIENTED_EDGE('',*,*,#1290,.T.);
#1779=ORIENTED_EDGE('',*,*,#1294,.T.);
#1780=ORIENTED_EDGE('',*,*,#1295,.T.);
#1781=ORIENTED_EDGE('',*,*,#1296,.T.);
#1782=ORIENTED_EDGE('',*,*,#1297,.T.);
#1783=ORIENTED_EDGE('',*,*,#1298,.T.);
#1784=ORIENTED_EDGE('',*,*,#1299,.T.);
#1785=ORIENTED_EDGE('',*,*,#1300,.T.);
#1786=ORIENTED_EDGE('',*,*,#1301,.T.);
#1787=ORIENTED_EDGE('',*,*,#1295,.F.);
#1788=ORIENTED_EDGE('',*,*,#1302,.T.);
#1789=ORIENTED_EDGE('',*,*,#1281,.T.);
#1790=ORIENTED_EDGE('',*,*,#1302,.F.);
#1791=ORIENTED_EDGE('',*,*,#1294,.F.);
#1792=ORIENTED_EDGE('',*,*,#1303,.T.);
#1793=ORIENTED_EDGE('',*,*,#1265,.F.);
#1794=ORIENTED_EDGE('',*,*,#1303,.F.);
#1795=ORIENTED_EDGE('',*,*,#1299,.F.);
#1796=ORIENTED_EDGE('',*,*,#1304,.T.);
#1797=ORIENTED_EDGE('',*,*,#1285,.T.);
#1798=ORIENTED_EDGE('',*,*,#1304,.F.);
#1799=ORIENTED_EDGE('',*,*,#1298,.F.);
#1800=ORIENTED_EDGE('',*,*,#1305,.T.);
#1801=ORIENTED_EDGE('',*,*,#1268,.F.);
#1802=ORIENTED_EDGE('',*,*,#1305,.F.);
#1803=ORIENTED_EDGE('',*,*,#1280,.T.);
#1804=ORIENTED_EDGE('',*,*,#1301,.F.);
#1805=ORIENTED_EDGE('',*,*,#1306,.T.);
#1806=ORIENTED_EDGE('',*,*,#1289,.T.);
#1807=ORIENTED_EDGE('',*,*,#1306,.F.);
#1808=ORIENTED_EDGE('',*,*,#1300,.F.);
#1809=ORIENTED_EDGE('',*,*,#1307,.T.);
#1810=ORIENTED_EDGE('',*,*,#1266,.F.);
#1811=ORIENTED_EDGE('',*,*,#1307,.F.);
#1812=ORIENTED_EDGE('',*,*,#1284,.T.);
#1813=ORIENTED_EDGE('',*,*,#1297,.F.);
#1814=ORIENTED_EDGE('',*,*,#1308,.T.);
#1815=ORIENTED_EDGE('',*,*,#1293,.T.);
#1816=ORIENTED_EDGE('',*,*,#1308,.F.);
#1817=ORIENTED_EDGE('',*,*,#1296,.F.);
#1818=ORIENTED_EDGE('',*,*,#1309,.T.);
#1819=ORIENTED_EDGE('',*,*,#1267,.F.);
#1820=ORIENTED_EDGE('',*,*,#1309,.F.);
#1821=ORIENTED_EDGE('',*,*,#1288,.T.);
#1822=ORIENTED_EDGE('',*,*,#1310,.F.);
#1823=ORIENTED_EDGE('',*,*,#1311,.F.);
#1824=ORIENTED_EDGE('',*,*,#1312,.T.);
#1825=ORIENTED_EDGE('',*,*,#1229,.F.);
#1826=ORIENTED_EDGE('',*,*,#1312,.F.);
#1827=ORIENTED_EDGE('',*,*,#1313,.F.);
#1828=ORIENTED_EDGE('',*,*,#1314,.T.);
#1829=ORIENTED_EDGE('',*,*,#1230,.F.);
#1830=ORIENTED_EDGE('',*,*,#1314,.F.);
#1831=ORIENTED_EDGE('',*,*,#1315,.F.);
#1832=ORIENTED_EDGE('',*,*,#1316,.T.);
#1833=ORIENTED_EDGE('',*,*,#1231,.F.);
#1834=ORIENTED_EDGE('',*,*,#1316,.F.);
#1835=ORIENTED_EDGE('',*,*,#1317,.F.);
#1836=ORIENTED_EDGE('',*,*,#1318,.T.);
#1837=ORIENTED_EDGE('',*,*,#1232,.F.);
#1838=ORIENTED_EDGE('',*,*,#1318,.F.);
#1839=ORIENTED_EDGE('',*,*,#1319,.F.);
#1840=ORIENTED_EDGE('',*,*,#1320,.T.);
#1841=ORIENTED_EDGE('',*,*,#1233,.F.);
#1842=ORIENTED_EDGE('',*,*,#1320,.F.);
#1843=ORIENTED_EDGE('',*,*,#1321,.F.);
#1844=ORIENTED_EDGE('',*,*,#1322,.T.);
#1845=ORIENTED_EDGE('',*,*,#1234,.F.);
#1846=ORIENTED_EDGE('',*,*,#1322,.F.);
#1847=ORIENTED_EDGE('',*,*,#1323,.F.);
#1848=ORIENTED_EDGE('',*,*,#1324,.T.);
#1849=ORIENTED_EDGE('',*,*,#1235,.F.);
#1850=ORIENTED_EDGE('',*,*,#1324,.F.);
#1851=ORIENTED_EDGE('',*,*,#1325,.F.);
#1852=ORIENTED_EDGE('',*,*,#1326,.T.);
#1853=ORIENTED_EDGE('',*,*,#1236,.F.);
#1854=ORIENTED_EDGE('',*,*,#1326,.F.);
#1855=ORIENTED_EDGE('',*,*,#1327,.F.);
#1856=ORIENTED_EDGE('',*,*,#1328,.T.);
#1857=ORIENTED_EDGE('',*,*,#1237,.F.);
#1858=ORIENTED_EDGE('',*,*,#1328,.F.);
#1859=ORIENTED_EDGE('',*,*,#1329,.F.);
#1860=ORIENTED_EDGE('',*,*,#1330,.T.);
#1861=ORIENTED_EDGE('',*,*,#1238,.F.);
#1862=ORIENTED_EDGE('',*,*,#1330,.F.);
#1863=ORIENTED_EDGE('',*,*,#1331,.F.);
#1864=ORIENTED_EDGE('',*,*,#1332,.T.);
#1865=ORIENTED_EDGE('',*,*,#1239,.F.);
#1866=ORIENTED_EDGE('',*,*,#1332,.F.);
#1867=ORIENTED_EDGE('',*,*,#1333,.F.);
#1868=ORIENTED_EDGE('',*,*,#1334,.T.);
#1869=ORIENTED_EDGE('',*,*,#1240,.F.);
#1870=ORIENTED_EDGE('',*,*,#1334,.F.);
#1871=ORIENTED_EDGE('',*,*,#1335,.F.);
#1872=ORIENTED_EDGE('',*,*,#1336,.T.);
#1873=ORIENTED_EDGE('',*,*,#1241,.F.);
#1874=ORIENTED_EDGE('',*,*,#1336,.F.);
#1875=ORIENTED_EDGE('',*,*,#1337,.F.);
#1876=ORIENTED_EDGE('',*,*,#1338,.T.);
#1877=ORIENTED_EDGE('',*,*,#1242,.F.);
#1878=ORIENTED_EDGE('',*,*,#1338,.F.);
#1879=ORIENTED_EDGE('',*,*,#1339,.F.);
#1880=ORIENTED_EDGE('',*,*,#1340,.T.);
#1881=ORIENTED_EDGE('',*,*,#1243,.F.);
#1882=ORIENTED_EDGE('',*,*,#1340,.F.);
#1883=ORIENTED_EDGE('',*,*,#1341,.F.);
#1884=ORIENTED_EDGE('',*,*,#1342,.T.);
#1885=ORIENTED_EDGE('',*,*,#1244,.F.);
#1886=ORIENTED_EDGE('',*,*,#1342,.F.);
#1887=ORIENTED_EDGE('',*,*,#1343,.F.);
#1888=ORIENTED_EDGE('',*,*,#1344,.T.);
#1889=ORIENTED_EDGE('',*,*,#1245,.F.);
#1890=ORIENTED_EDGE('',*,*,#1344,.F.);
#1891=ORIENTED_EDGE('',*,*,#1345,.F.);
#1892=ORIENTED_EDGE('',*,*,#1346,.T.);
#1893=ORIENTED_EDGE('',*,*,#1246,.F.);
#1894=ORIENTED_EDGE('',*,*,#1346,.F.);
#1895=ORIENTED_EDGE('',*,*,#1347,.F.);
#1896=ORIENTED_EDGE('',*,*,#1348,.T.);
#1897=ORIENTED_EDGE('',*,*,#1247,.F.);
#1898=ORIENTED_EDGE('',*,*,#1348,.F.);
#1899=ORIENTED_EDGE('',*,*,#1349,.F.);
#1900=ORIENTED_EDGE('',*,*,#1350,.T.);
#1901=ORIENTED_EDGE('',*,*,#1248,.F.);
#1902=ORIENTED_EDGE('',*,*,#1350,.F.);
#1903=ORIENTED_EDGE('',*,*,#1351,.F.);
#1904=ORIENTED_EDGE('',*,*,#1352,.T.);
#1905=ORIENTED_EDGE('',*,*,#1249,.F.);
#1906=ORIENTED_EDGE('',*,*,#1352,.F.);
#1907=ORIENTED_EDGE('',*,*,#1353,.F.);
#1908=ORIENTED_EDGE('',*,*,#1354,.T.);
#1909=ORIENTED_EDGE('',*,*,#1250,.F.);
#1910=ORIENTED_EDGE('',*,*,#1354,.F.);
#1911=ORIENTED_EDGE('',*,*,#1355,.F.);
#1912=ORIENTED_EDGE('',*,*,#1356,.T.);
#1913=ORIENTED_EDGE('',*,*,#1251,.F.);
#1914=ORIENTED_EDGE('',*,*,#1356,.F.);
#1915=ORIENTED_EDGE('',*,*,#1357,.F.);
#1916=ORIENTED_EDGE('',*,*,#1358,.T.);
#1917=ORIENTED_EDGE('',*,*,#1252,.F.);
#1918=ORIENTED_EDGE('',*,*,#1358,.F.);
#1919=ORIENTED_EDGE('',*,*,#1359,.F.);
#1920=ORIENTED_EDGE('',*,*,#1360,.T.);
#1921=ORIENTED_EDGE('',*,*,#1253,.F.);
#1922=ORIENTED_EDGE('',*,*,#1360,.F.);
#1923=ORIENTED_EDGE('',*,*,#1361,.F.);
#1924=ORIENTED_EDGE('',*,*,#1362,.T.);
#1925=ORIENTED_EDGE('',*,*,#1254,.F.);
#1926=ORIENTED_EDGE('',*,*,#1362,.F.);
#1927=ORIENTED_EDGE('',*,*,#1363,.F.);
#1928=ORIENTED_EDGE('',*,*,#1364,.T.);
#1929=ORIENTED_EDGE('',*,*,#1255,.F.);
#1930=ORIENTED_EDGE('',*,*,#1364,.F.);
#1931=ORIENTED_EDGE('',*,*,#1365,.F.);
#1932=ORIENTED_EDGE('',*,*,#1366,.T.);
#1933=ORIENTED_EDGE('',*,*,#1256,.F.);
#1934=ORIENTED_EDGE('',*,*,#1366,.F.);
#1935=ORIENTED_EDGE('',*,*,#1367,.F.);
#1936=ORIENTED_EDGE('',*,*,#1368,.T.);
#1937=ORIENTED_EDGE('',*,*,#1257,.F.);
#1938=ORIENTED_EDGE('',*,*,#1368,.F.);
#1939=ORIENTED_EDGE('',*,*,#1369,.F.);
#1940=ORIENTED_EDGE('',*,*,#1370,.T.);
#1941=ORIENTED_EDGE('',*,*,#1258,.F.);
#1942=ORIENTED_EDGE('',*,*,#1370,.F.);
#1943=ORIENTED_EDGE('',*,*,#1371,.F.);
#1944=ORIENTED_EDGE('',*,*,#1372,.T.);
#1945=ORIENTED_EDGE('',*,*,#1259,.F.);
#1946=ORIENTED_EDGE('',*,*,#1372,.F.);
#1947=ORIENTED_EDGE('',*,*,#1373,.F.);
#1948=ORIENTED_EDGE('',*,*,#1374,.T.);
#1949=ORIENTED_EDGE('',*,*,#1260,.F.);
#1950=ORIENTED_EDGE('',*,*,#1374,.F.);
#1951=ORIENTED_EDGE('',*,*,#1375,.F.);
#1952=ORIENTED_EDGE('',*,*,#1376,.T.);
#1953=ORIENTED_EDGE('',*,*,#1261,.F.);
#1954=ORIENTED_EDGE('',*,*,#1376,.F.);
#1955=ORIENTED_EDGE('',*,*,#1377,.F.);
#1956=ORIENTED_EDGE('',*,*,#1378,.T.);
#1957=ORIENTED_EDGE('',*,*,#1262,.F.);
#1958=ORIENTED_EDGE('',*,*,#1378,.F.);
#1959=ORIENTED_EDGE('',*,*,#1379,.F.);
#1960=ORIENTED_EDGE('',*,*,#1380,.T.);
#1961=ORIENTED_EDGE('',*,*,#1263,.F.);
#1962=ORIENTED_EDGE('',*,*,#1380,.F.);
#1963=ORIENTED_EDGE('',*,*,#1381,.F.);
#1964=ORIENTED_EDGE('',*,*,#1382,.F.);
#1965=ORIENTED_EDGE('',*,*,#1264,.F.);
#1966=ORIENTED_EDGE('',*,*,#1382,.T.);
#1967=ORIENTED_EDGE('',*,*,#1383,.F.);
#1968=ORIENTED_EDGE('',*,*,#1310,.T.);
#1969=ORIENTED_EDGE('',*,*,#1228,.F.);
#1970=ORIENTED_EDGE('',*,*,#1292,.T.);
#1971=ORIENTED_EDGE('',*,*,#1383,.T.);
#1972=ORIENTED_EDGE('',*,*,#1381,.T.);
#1973=ORIENTED_EDGE('',*,*,#1379,.T.);
#1974=ORIENTED_EDGE('',*,*,#1377,.T.);
#1975=ORIENTED_EDGE('',*,*,#1375,.T.);
#1976=ORIENTED_EDGE('',*,*,#1373,.T.);
#1977=ORIENTED_EDGE('',*,*,#1371,.T.);
#1978=ORIENTED_EDGE('',*,*,#1369,.T.);
#1979=ORIENTED_EDGE('',*,*,#1367,.T.);
#1980=ORIENTED_EDGE('',*,*,#1365,.T.);
#1981=ORIENTED_EDGE('',*,*,#1363,.T.);
#1982=ORIENTED_EDGE('',*,*,#1361,.T.);
#1983=ORIENTED_EDGE('',*,*,#1359,.T.);
#1984=ORIENTED_EDGE('',*,*,#1357,.T.);
#1985=ORIENTED_EDGE('',*,*,#1355,.T.);
#1986=ORIENTED_EDGE('',*,*,#1353,.T.);
#1987=ORIENTED_EDGE('',*,*,#1351,.T.);
#1988=ORIENTED_EDGE('',*,*,#1349,.T.);
#1989=ORIENTED_EDGE('',*,*,#1347,.T.);
#1990=ORIENTED_EDGE('',*,*,#1345,.T.);
#1991=ORIENTED_EDGE('',*,*,#1343,.T.);
#1992=ORIENTED_EDGE('',*,*,#1341,.T.);
#1993=ORIENTED_EDGE('',*,*,#1339,.T.);
#1994=ORIENTED_EDGE('',*,*,#1337,.T.);
#1995=ORIENTED_EDGE('',*,*,#1335,.T.);
#1996=ORIENTED_EDGE('',*,*,#1333,.T.);
#1997=ORIENTED_EDGE('',*,*,#1331,.T.);
#1998=ORIENTED_EDGE('',*,*,#1329,.T.);
#1999=ORIENTED_EDGE('',*,*,#1327,.T.);
#2000=ORIENTED_EDGE('',*,*,#1325,.T.);
#2001=ORIENTED_EDGE('',*,*,#1323,.T.);
#2002=ORIENTED_EDGE('',*,*,#1321,.T.);
#2003=ORIENTED_EDGE('',*,*,#1319,.T.);
#2004=ORIENTED_EDGE('',*,*,#1317,.T.);
#2005=ORIENTED_EDGE('',*,*,#1315,.T.);
#2006=ORIENTED_EDGE('',*,*,#1313,.T.);
#2007=ORIENTED_EDGE('',*,*,#1311,.T.);
#2008=PLANE('',#2215);
#2009=PLANE('',#2219);
#2010=PLANE('',#2223);
#2011=PLANE('',#2227);
#2012=PLANE('',#2231);
#2013=PLANE('',#2235);
#2014=PLANE('',#2239);
#2015=PLANE('',#2243);
#2016=PLANE('',#2247);
#2017=PLANE('',#2251);
#2018=PLANE('',#2252);
#2019=PLANE('',#2253);
#2020=PLANE('',#2254);
#2021=PLANE('',#2255);
#2022=PLANE('',#2256);
#2023=PLANE('',#2260);
#2024=PLANE('',#2264);
#2025=PLANE('',#2268);
#2026=PLANE('',#2272);
#2027=PLANE('',#2276);
#2028=PLANE('',#2280);
#2029=PLANE('',#2281);
#2030=PLANE('',#2285);
#2031=PLANE('',#2289);
#2032=PLANE('',#2293);
#2033=PLANE('',#2297);
#2034=PLANE('',#2301);
#2035=PLANE('',#2305);
#2036=PLANE('',#2309);
#2037=PLANE('',#2313);
#2038=PLANE('',#2327);
#2039=PLANE('',#2337);
#2040=PLANE('',#2340);
#2041=PLANE('',#2343);
#2042=PLANE('',#2347);
#2043=PLANE('',#2352);
#2044=PLANE('',#2357);
#2045=PLANE('',#2362);
#2046=PLANE('',#2364);
#2047=PLANE('',#2367);
#2048=PLANE('',#2370);
#2049=PLANE('',#2373);
#2050=PLANE('',#2380);
#2051=PLANE('',#2383);
#2052=PLANE('',#2386);
#2053=PLANE('',#2387);
#2054=PLANE('',#2390);
#2055=PLANE('',#2393);
#2056=PLANE('',#2394);
#2057=PLANE('',#2397);
#2058=PLANE('',#2398);
#2059=PLANE('',#2399);
#2060=PLANE('',#2400);
#2061=PLANE('',#2401);
#2062=PLANE('',#2402);
#2063=PLANE('',#2405);
#2064=PLANE('',#2408);
#2065=PLANE('',#2409);
#2066=PLANE('',#2410);
#2067=PLANE('',#2411);
#2068=PLANE('',#2414);
#2069=PLANE('',#2415);
#2070=PLANE('',#2418);
#2071=PLANE('',#2419);
#2072=PLANE('',#2422);
#2073=PLANE('',#2425);
#2074=PLANE('',#2428);
#2075=PLANE('',#2431);
#2076=PLANE('',#2434);
#2077=PLANE('',#2437);
#2078=PLANE('',#2438);
#2079=ADVANCED_FACE('',(#184),#2008,.T.);
#2080=ADVANCED_FACE('',(#185),#133,.T.);
#2081=ADVANCED_FACE('',(#186),#2009,.T.);
#2082=ADVANCED_FACE('',(#187),#134,.F.);
#2083=ADVANCED_FACE('',(#188),#2010,.T.);
#2084=ADVANCED_FACE('',(#189),#135,.T.);
#2085=ADVANCED_FACE('',(#190),#2011,.T.);
#2086=ADVANCED_FACE('',(#191),#136,.F.);
#2087=ADVANCED_FACE('',(#192),#2012,.T.);
#2088=ADVANCED_FACE('',(#193),#137,.F.);
#2089=ADVANCED_FACE('',(#194),#2013,.T.);
#2090=ADVANCED_FACE('',(#195),#138,.F.);
#2091=ADVANCED_FACE('',(#196),#2014,.T.);
#2092=ADVANCED_FACE('',(#197),#139,.T.);
#2093=ADVANCED_FACE('',(#198),#2015,.T.);
#2094=ADVANCED_FACE('',(#199),#140,.T.);
#2095=ADVANCED_FACE('',(#200),#2016,.T.);
#2096=ADVANCED_FACE('',(#201),#141,.F.);
#2097=ADVANCED_FACE('',(#202),#2017,.T.);
#2098=ADVANCED_FACE('',(#203),#2018,.T.);
#2099=ADVANCED_FACE('',(#204),#2019,.T.);
#2100=ADVANCED_FACE('',(#205),#2020,.T.);
#2101=ADVANCED_FACE('',(#206),#2021,.T.);
#2102=ADVANCED_FACE('',(#207),#2022,.T.);
#2103=ADVANCED_FACE('',(#208),#142,.F.);
#2104=ADVANCED_FACE('',(#209),#2023,.T.);
#2105=ADVANCED_FACE('',(#210),#143,.F.);
#2106=ADVANCED_FACE('',(#211),#2024,.T.);
#2107=ADVANCED_FACE('',(#212),#144,.T.);
#2108=ADVANCED_FACE('',(#213),#2025,.T.);
#2109=ADVANCED_FACE('',(#214),#145,.T.);
#2110=ADVANCED_FACE('',(#215),#2026,.T.);
#2111=ADVANCED_FACE('',(#216),#146,.T.);
#2112=ADVANCED_FACE('',(#217),#2027,.T.);
#2113=ADVANCED_FACE('',(#218),#147,.F.);
#2114=ADVANCED_FACE('',(#219),#2028,.T.);
#2115=ADVANCED_FACE('',(#220),#2029,.T.);
#2116=ADVANCED_FACE('',(#221),#148,.F.);
#2117=ADVANCED_FACE('',(#222),#2030,.T.);
#2118=ADVANCED_FACE('',(#223),#149,.T.);
#2119=ADVANCED_FACE('',(#224),#2031,.T.);
#2120=ADVANCED_FACE('',(#225),#150,.F.);
#2121=ADVANCED_FACE('',(#226),#2032,.T.);
#2122=ADVANCED_FACE('',(#227),#151,.T.);
#2123=ADVANCED_FACE('',(#228),#2033,.T.);
#2124=ADVANCED_FACE('',(#229),#152,.F.);
#2125=ADVANCED_FACE('',(#230),#2034,.T.);
#2126=ADVANCED_FACE('',(#231),#153,.T.);
#2127=ADVANCED_FACE('',(#232),#2035,.T.);
#2128=ADVANCED_FACE('',(#233),#154,.F.);
#2129=ADVANCED_FACE('',(#234),#2036,.T.);
#2130=ADVANCED_FACE('',(#235),#155,.F.);
#2131=ADVANCED_FACE('',(#236,#15),#2037,.T.);
#2132=ADVANCED_FACE('',(#237,#16,#17,#18,#19,#20,#21,#22),#2038,.T.);
#2133=ADVANCED_FACE('',(#238),#156,.T.);
#2134=ADVANCED_FACE('',(#239),#2039,.T.);
#2135=ADVANCED_FACE('',(#240),#157,.T.);
#2136=ADVANCED_FACE('',(#241),#2040,.T.);
#2137=ADVANCED_FACE('',(#242),#158,.T.);
#2138=ADVANCED_FACE('',(#243),#2041,.T.);
#2139=ADVANCED_FACE('',(#244),#159,.F.);
#2140=ADVANCED_FACE('',(#245,#23),#2042,.T.);
#2141=ADVANCED_FACE('',(#246),#160,.F.);
#2142=ADVANCED_FACE('',(#247,#24),#2043,.T.);
#2143=ADVANCED_FACE('',(#248),#161,.F.);
#2144=ADVANCED_FACE('',(#249,#25),#2044,.T.);
#2145=ADVANCED_FACE('',(#250),#162,.F.);
#2146=ADVANCED_FACE('',(#251,#26),#2045,.T.);
#2147=ADVANCED_FACE('',(#252,#27),#2046,.T.);
#2148=ADVANCED_FACE('',(#253,#28),#2047,.T.);
#2149=ADVANCED_FACE('',(#254,#29),#2048,.T.);
#2150=ADVANCED_FACE('',(#255,#30),#2049,.T.);
#2151=ADVANCED_FACE('',(#256),#163,.F.);
#2152=ADVANCED_FACE('',(#257),#164,.T.);
#2153=ADVANCED_FACE('',(#258),#165,.F.);
#2154=ADVANCED_FACE('',(#259),#166,.T.);
#2155=ADVANCED_FACE('',(#260),#2050,.T.);
#2156=ADVANCED_FACE('',(#261),#167,.F.);
#2157=ADVANCED_FACE('',(#262),#168,.T.);
#2158=ADVANCED_FACE('',(#263),#2051,.T.);
#2159=ADVANCED_FACE('',(#264),#169,.F.);
#2160=ADVANCED_FACE('',(#265),#170,.T.);
#2161=ADVANCED_FACE('',(#266),#2052,.T.);
#2162=ADVANCED_FACE('',(#267),#2053,.T.);
#2163=ADVANCED_FACE('',(#268),#171,.T.);
#2164=ADVANCED_FACE('',(#269),#2054,.T.);
#2165=ADVANCED_FACE('',(#270),#172,.T.);
#2166=ADVANCED_FACE('',(#271),#2055,.T.);
#2167=ADVANCED_FACE('',(#272),#2056,.T.);
#2168=ADVANCED_FACE('',(#273),#173,.T.);
#2169=ADVANCED_FACE('',(#274),#2057,.T.);
#2170=ADVANCED_FACE('',(#275),#2058,.T.);
#2171=ADVANCED_FACE('',(#276),#2059,.T.);
#2172=ADVANCED_FACE('',(#277),#2060,.T.);
#2173=ADVANCED_FACE('',(#278),#2061,.T.);
#2174=ADVANCED_FACE('',(#279),#2062,.T.);
#2175=ADVANCED_FACE('',(#280),#174,.T.);
#2176=ADVANCED_FACE('',(#281),#2063,.T.);
#2177=ADVANCED_FACE('',(#282),#175,.T.);
#2178=ADVANCED_FACE('',(#283),#2064,.T.);
#2179=ADVANCED_FACE('',(#284),#2065,.T.);
#2180=ADVANCED_FACE('',(#285),#2066,.T.);
#2181=ADVANCED_FACE('',(#286),#2067,.T.);
#2182=ADVANCED_FACE('',(#287),#176,.T.);
#2183=ADVANCED_FACE('',(#288),#2068,.T.);
#2184=ADVANCED_FACE('',(#289),#2069,.T.);
#2185=ADVANCED_FACE('',(#290),#177,.T.);
#2186=ADVANCED_FACE('',(#291),#2070,.T.);
#2187=ADVANCED_FACE('',(#292),#2071,.T.);
#2188=ADVANCED_FACE('',(#293),#178,.T.);
#2189=ADVANCED_FACE('',(#294),#2072,.T.);
#2190=ADVANCED_FACE('',(#295),#179,.T.);
#2191=ADVANCED_FACE('',(#296),#2073,.T.);
#2192=ADVANCED_FACE('',(#297),#180,.T.);
#2193=ADVANCED_FACE('',(#298),#2074,.T.);
#2194=ADVANCED_FACE('',(#299),#181,.T.);
#2195=ADVANCED_FACE('',(#300),#2075,.T.);
#2196=ADVANCED_FACE('',(#301),#182,.T.);
#2197=ADVANCED_FACE('',(#302),#2076,.T.);
#2198=ADVANCED_FACE('',(#303),#183,.T.);
#2199=ADVANCED_FACE('',(#304),#2077,.T.);
#2200=ADVANCED_FACE('',(#305),#2078,.F.);
#2201=CLOSED_SHELL('',(#2079,#2080,#2081,#2082,#2083,#2084,#2085,#2086,
#2087,#2088,#2089,#2090,#2091,#2092,#2093,#2094,#2095,#2096,#2097,#2098,
#2099,#2100,#2101,#2102,#2103,#2104,#2105,#2106,#2107,#2108,#2109,#2110,
#2111,#2112,#2113,#2114,#2115,#2116,#2117,#2118,#2119,#2120,#2121,#2122,
#2123,#2124,#2125,#2126,#2127,#2128,#2129,#2130,#2131,#2132,#2133,#2134,
#2135,#2136,#2137,#2138,#2139,#2140,#2141,#2142,#2143,#2144,#2145,#2146,
#2147,#2148,#2149,#2150,#2151,#2152,#2153,#2154,#2155,#2156,#2157,#2158,
#2159,#2160,#2161,#2162,#2163,#2164,#2165,#2166,#2167,#2168,#2169,#2170,
#2171,#2172,#2173,#2174,#2175,#2176,#2177,#2178,#2179,#2180,#2181,#2182,
#2183,#2184,#2185,#2186,#2187,#2188,#2189,#2190,#2191,#2192,#2193,#2194,
#2195,#2196,#2197,#2198,#2199,#2200));
#2202=DERIVED_UNIT_ELEMENT(#2204,1.);
#2203=DERIVED_UNIT_ELEMENT(#3747,-3.);
#2204=(
MASS_UNIT()
NAMED_UNIT(*)
SI_UNIT(.KILO.,.GRAM.)
);
#2205=DERIVED_UNIT((#2202,#2203));
#2206=MEASURE_REPRESENTATION_ITEM('density measure',
POSITIVE_RATIO_MEASURE(7850.),#2205);
#2207=PROPERTY_DEFINITION_REPRESENTATION(#2212,#2209);
#2208=PROPERTY_DEFINITION_REPRESENTATION(#2213,#2210);
#2209=REPRESENTATION('material name',(#2211),#3744);
#2210=REPRESENTATION('density',(#2206),#3744);
#2211=DESCRIPTIVE_REPRESENTATION_ITEM('Steel','Steel');
#2212=PROPERTY_DEFINITION('material property','material name',#3754);
#2213=PROPERTY_DEFINITION('material property','density of part',#3754);
#2214=AXIS2_PLACEMENT_3D('',#3099,#2439,#2440);
#2215=AXIS2_PLACEMENT_3D('',#3100,#2441,#2442);
#2216=AXIS2_PLACEMENT_3D('',#3109,#2447,#2448);
#2217=AXIS2_PLACEMENT_3D('',#3111,#2449,#2450);
#2218=AXIS2_PLACEMENT_3D('',#3113,#2451,#2452);
#2219=AXIS2_PLACEMENT_3D('',#3115,#2454,#2455);
#2220=AXIS2_PLACEMENT_3D('',#3121,#2459,#2460);
#2221=AXIS2_PLACEMENT_3D('',#3123,#2461,#2462);
#2222=AXIS2_PLACEMENT_3D('',#3125,#2463,#2464);
#2223=AXIS2_PLACEMENT_3D('',#3127,#2466,#2467);
#2224=AXIS2_PLACEMENT_3D('',#3133,#2471,#2472);
#2225=AXIS2_PLACEMENT_3D('',#3135,#2473,#2474);
#2226=AXIS2_PLACEMENT_3D('',#3137,#2475,#2476);
#2227=AXIS2_PLACEMENT_3D('',#3139,#2478,#2479);
#2228=AXIS2_PLACEMENT_3D('',#3145,#2483,#2484);
#2229=AXIS2_PLACEMENT_3D('',#3147,#2485,#2486);
#2230=AXIS2_PLACEMENT_3D('',#3149,#2487,#2488);
#2231=AXIS2_PLACEMENT_3D('',#3151,#2490,#2491);
#2232=AXIS2_PLACEMENT_3D('',#3157,#2495,#2496);
#2233=AXIS2_PLACEMENT_3D('',#3159,#2497,#2498);
#2234=AXIS2_PLACEMENT_3D('',#3161,#2499,#2500);
#2235=AXIS2_PLACEMENT_3D('',#3163,#2502,#2503);
#2236=AXIS2_PLACEMENT_3D('',#3169,#2507,#2508);
#2237=AXIS2_PLACEMENT_3D('',#3171,#2509,#2510);
#2238=AXIS2_PLACEMENT_3D('',#3173,#2511,#2512);
#2239=AXIS2_PLACEMENT_3D('',#3175,#2514,#2515);
#2240=AXIS2_PLACEMENT_3D('',#3181,#2519,#2520);
#2241=AXIS2_PLACEMENT_3D('',#3183,#2521,#2522);
#2242=AXIS2_PLACEMENT_3D('',#3185,#2523,#2524);
#2243=AXIS2_PLACEMENT_3D('',#3187,#2526,#2527);
#2244=AXIS2_PLACEMENT_3D('',#3193,#2531,#2532);
#2245=AXIS2_PLACEMENT_3D('',#3195,#2533,#2534);
#2246=AXIS2_PLACEMENT_3D('',#3197,#2535,#2536);
#2247=AXIS2_PLACEMENT_3D('',#3199,#2538,#2539);
#2248=AXIS2_PLACEMENT_3D('',#3205,#2543,#2544);
#2249=AXIS2_PLACEMENT_3D('',#3207,#2545,#2546);
#2250=AXIS2_PLACEMENT_3D('',#3209,#2547,#2548);
#2251=AXIS2_PLACEMENT_3D('',#3211,#2550,#2551);
#2252=AXIS2_PLACEMENT_3D('',#3217,#2555,#2556);
#2253=AXIS2_PLACEMENT_3D('',#3223,#2560,#2561);
#2254=AXIS2_PLACEMENT_3D('',#3229,#2565,#2566);
#2255=AXIS2_PLACEMENT_3D('',#3235,#2570,#2571);
#2256=AXIS2_PLACEMENT_3D('',#3241,#2575,#2576);
#2257=AXIS2_PLACEMENT_3D('',#3247,#2580,#2581);
#2258=AXIS2_PLACEMENT_3D('',#3249,#2582,#2583);
#2259=AXIS2_PLACEMENT_3D('',#3251,#2584,#2585);
#2260=AXIS2_PLACEMENT_3D('',#3253,#2587,#2588);
#2261=AXIS2_PLACEMENT_3D('',#3259,#2592,#2593);
#2262=AXIS2_PLACEMENT_3D('',#3261,#2594,#2595);
#2263=AXIS2_PLACEMENT_3D('',#3263,#2596,#2597);
#2264=AXIS2_PLACEMENT_3D('',#3265,#2599,#2600);
#2265=AXIS2_PLACEMENT_3D('',#3271,#2604,#2605);
#2266=AXIS2_PLACEMENT_3D('',#3273,#2606,#2607);
#2267=AXIS2_PLACEMENT_3D('',#3275,#2608,#2609);
#2268=AXIS2_PLACEMENT_3D('',#3277,#2611,#2612);
#2269=AXIS2_PLACEMENT_3D('',#3283,#2616,#2617);
#2270=AXIS2_PLACEMENT_3D('',#3285,#2618,#2619);
#2271=AXIS2_PLACEMENT_3D('',#3287,#2620,#2621);
#2272=AXIS2_PLACEMENT_3D('',#3289,#2623,#2624);
#2273=AXIS2_PLACEMENT_3D('',#3295,#2628,#2629);
#2274=AXIS2_PLACEMENT_3D('',#3297,#2630,#2631);
#2275=AXIS2_PLACEMENT_3D('',#3299,#2632,#2633);
#2276=AXIS2_PLACEMENT_3D('',#3301,#2635,#2636);
#2277=AXIS2_PLACEMENT_3D('',#3307,#2640,#2641);
#2278=AXIS2_PLACEMENT_3D('',#3309,#2642,#2643);
#2279=AXIS2_PLACEMENT_3D('',#3311,#2644,#2645);
#2280=AXIS2_PLACEMENT_3D('',#3313,#2647,#2648);
#2281=AXIS2_PLACEMENT_3D('',#3319,#2652,#2653);
#2282=AXIS2_PLACEMENT_3D('',#3325,#2657,#2658);
#2283=AXIS2_PLACEMENT_3D('',#3327,#2659,#2660);
#2284=AXIS2_PLACEMENT_3D('',#3329,#2661,#2662);
#2285=AXIS2_PLACEMENT_3D('',#3331,#2664,#2665);
#2286=AXIS2_PLACEMENT_3D('',#3337,#2669,#2670);
#2287=AXIS2_PLACEMENT_3D('',#3339,#2671,#2672);
#2288=AXIS2_PLACEMENT_3D('',#3341,#2673,#2674);
#2289=AXIS2_PLACEMENT_3D('',#3343,#2676,#2677);
#2290=AXIS2_PLACEMENT_3D('',#3349,#2681,#2682);
#2291=AXIS2_PLACEMENT_3D('',#3351,#2683,#2684);
#2292=AXIS2_PLACEMENT_3D('',#3353,#2685,#2686);
#2293=AXIS2_PLACEMENT_3D('',#3355,#2688,#2689);
#2294=AXIS2_PLACEMENT_3D('',#3361,#2693,#2694);
#2295=AXIS2_PLACEMENT_3D('',#3363,#2695,#2696);
#2296=AXIS2_PLACEMENT_3D('',#3365,#2697,#2698);
#2297=AXIS2_PLACEMENT_3D('',#3367,#2700,#2701);
#2298=AXIS2_PLACEMENT_3D('',#3373,#2705,#2706);
#2299=AXIS2_PLACEMENT_3D('',#3375,#2707,#2708);
#2300=AXIS2_PLACEMENT_3D('',#3377,#2709,#2710);
#2301=AXIS2_PLACEMENT_3D('',#3379,#2712,#2713);
#2302=AXIS2_PLACEMENT_3D('',#3385,#2717,#2718);
#2303=AXIS2_PLACEMENT_3D('',#3387,#2719,#2720);
#2304=AXIS2_PLACEMENT_3D('',#3389,#2721,#2722);
#2305=AXIS2_PLACEMENT_3D('',#3391,#2724,#2725);
#2306=AXIS2_PLACEMENT_3D('',#3397,#2729,#2730);
#2307=AXIS2_PLACEMENT_3D('',#3399,#2731,#2732);
#2308=AXIS2_PLACEMENT_3D('',#3401,#2733,#2734);
#2309=AXIS2_PLACEMENT_3D('',#3403,#2736,#2737);
#2310=AXIS2_PLACEMENT_3D('',#3409,#2741,#2742);
#2311=AXIS2_PLACEMENT_3D('',#3410,#2743,#2744);
#2312=AXIS2_PLACEMENT_3D('',#3411,#2745,#2746);
#2313=AXIS2_PLACEMENT_3D('',#3412,#2747,#2748);
#2314=AXIS2_PLACEMENT_3D('',#3415,#2749,#2750);
#2315=AXIS2_PLACEMENT_3D('',#3419,#2752,#2753);
#2316=AXIS2_PLACEMENT_3D('',#3423,#2755,#2756);
#2317=AXIS2_PLACEMENT_3D('',#3429,#2759,#2760);
#2318=AXIS2_PLACEMENT_3D('',#3443,#2767,#2768);
#2319=AXIS2_PLACEMENT_3D('',#3447,#2770,#2771);
#2320=AXIS2_PLACEMENT_3D('',#3457,#2776,#2777);
#2321=AXIS2_PLACEMENT_3D('',#3463,#2780,#2781);
#2322=AXIS2_PLACEMENT_3D('',#3469,#2784,#2785);
#2323=AXIS2_PLACEMENT_3D('',#3473,#2787,#2788);
#2324=AXIS2_PLACEMENT_3D('',#3477,#2790,#2791);
#2325=AXIS2_PLACEMENT_3D('',#3481,#2793,#2794);
#2326=AXIS2_PLACEMENT_3D('',#3485,#2796,#2797);
#2327=AXIS2_PLACEMENT_3D('',#3487,#2799,#2800);
#2328=AXIS2_PLACEMENT_3D('',#3489,#2801,#2802);
#2329=AXIS2_PLACEMENT_3D('',#3491,#2803,#2804);
#2330=AXIS2_PLACEMENT_3D('',#3493,#2805,#2806);
#2331=AXIS2_PLACEMENT_3D('',#3495,#2807,#2808);
#2332=AXIS2_PLACEMENT_3D('',#3497,#2809,#2810);
#2333=AXIS2_PLACEMENT_3D('',#3499,#2811,#2812);
#2334=AXIS2_PLACEMENT_3D('',#3501,#2813,#2814);
#2335=AXIS2_PLACEMENT_3D('',#3502,#2815,#2816);
#2336=AXIS2_PLACEMENT_3D('',#3504,#2817,#2818);
#2337=AXIS2_PLACEMENT_3D('',#3506,#2820,#2821);
#2338=AXIS2_PLACEMENT_3D('',#3507,#2822,#2823);
#2339=AXIS2_PLACEMENT_3D('',#3509,#2824,#2825);
#2340=AXIS2_PLACEMENT_3D('',#3511,#2827,#2828);
#2341=AXIS2_PLACEMENT_3D('',#3512,#2829,#2830);
#2342=AXIS2_PLACEMENT_3D('',#3514,#2831,#2832);
#2343=AXIS2_PLACEMENT_3D('',#3516,#2834,#2835);
#2344=AXIS2_PLACEMENT_3D('',#3517,#2836,#2837);
#2345=AXIS2_PLACEMENT_3D('',#3519,#2838,#2839);
#2346=AXIS2_PLACEMENT_3D('',#3522,#2841,#2842);
#2347=AXIS2_PLACEMENT_3D('',#3523,#2843,#2844);
#2348=AXIS2_PLACEMENT_3D('',#3525,#2845,#2846);
#2349=AXIS2_PLACEMENT_3D('',#3526,#2847,#2848);
#2350=AXIS2_PLACEMENT_3D('',#3528,#2849,#2850);
#2351=AXIS2_PLACEMENT_3D('',#3531,#2852,#2853);
#2352=AXIS2_PLACEMENT_3D('',#3532,#2854,#2855);
#2353=AXIS2_PLACEMENT_3D('',#3534,#2856,#2857);
#2354=AXIS2_PLACEMENT_3D('',#3535,#2858,#2859);
#2355=AXIS2_PLACEMENT_3D('',#3537,#2860,#2861);
#2356=AXIS2_PLACEMENT_3D('',#3540,#2863,#2864);
#2357=AXIS2_PLACEMENT_3D('',#3541,#2865,#2866);
#2358=AXIS2_PLACEMENT_3D('',#3543,#2867,#2868);
#2359=AXIS2_PLACEMENT_3D('',#3544,#2869,#2870);
#2360=AXIS2_PLACEMENT_3D('',#3546,#2871,#2872);
#2361=AXIS2_PLACEMENT_3D('',#3549,#2874,#2875);
#2362=AXIS2_PLACEMENT_3D('',#3550,#2876,#2877);
#2363=AXIS2_PLACEMENT_3D('',#3552,#2878,#2879);
#2364=AXIS2_PLACEMENT_3D('',#3553,#2880,#2881);
#2365=AXIS2_PLACEMENT_3D('',#3555,#2882,#2883);
#2366=AXIS2_PLACEMENT_3D('',#3557,#2884,#2885);
#2367=AXIS2_PLACEMENT_3D('',#3558,#2886,#2887);
#2368=AXIS2_PLACEMENT_3D('',#3560,#2888,#2889);
#2369=AXIS2_PLACEMENT_3D('',#3562,#2890,#2891);
#2370=AXIS2_PLACEMENT_3D('',#3563,#2892,#2893);
#2371=AXIS2_PLACEMENT_3D('',#3565,#2894,#2895);
#2372=AXIS2_PLACEMENT_3D('',#3567,#2896,#2897);
#2373=AXIS2_PLACEMENT_3D('',#3568,#2898,#2899);
#2374=AXIS2_PLACEMENT_3D('',#3570,#2900,#2901);
#2375=AXIS2_PLACEMENT_3D('',#3572,#2902,#2903);
#2376=AXIS2_PLACEMENT_3D('',#3573,#2904,#2905);
#2377=AXIS2_PLACEMENT_3D('',#3575,#2907,#2908);
#2378=AXIS2_PLACEMENT_3D('',#3577,#2910,#2911);
#2379=AXIS2_PLACEMENT_3D('',#3579,#2913,#2914);
#2380=AXIS2_PLACEMENT_3D('',#3581,#2916,#2917);
#2381=AXIS2_PLACEMENT_3D('',#3582,#2918,#2919);
#2382=AXIS2_PLACEMENT_3D('',#3584,#2921,#2922);
#2383=AXIS2_PLACEMENT_3D('',#3586,#2924,#2925);
#2384=AXIS2_PLACEMENT_3D('',#3587,#2926,#2927);
#2385=AXIS2_PLACEMENT_3D('',#3589,#2929,#2930);
#2386=AXIS2_PLACEMENT_3D('',#3591,#2932,#2933);
#2387=AXIS2_PLACEMENT_3D('',#3592,#2934,#2935);
#2388=AXIS2_PLACEMENT_3D('',#3598,#2939,#2940);
#2389=AXIS2_PLACEMENT_3D('',#3600,#2941,#2942);
#2390=AXIS2_PLACEMENT_3D('',#3602,#2944,#2945);
#2391=AXIS2_PLACEMENT_3D('',#3606,#2948,#2949);
#2392=AXIS2_PLACEMENT_3D('',#3608,#2950,#2951);
#2393=AXIS2_PLACEMENT_3D('',#3610,#2953,#2954);
#2394=AXIS2_PLACEMENT_3D('',#3614,#2957,#2958);
#2395=AXIS2_PLACEMENT_3D('',#3618,#2961,#2962);
#2396=AXIS2_PLACEMENT_3D('',#3620,#2963,#2964);
#2397=AXIS2_PLACEMENT_3D('',#3622,#2966,#2967);
#2398=AXIS2_PLACEMENT_3D('',#3626,#2970,#2971);
#2399=AXIS2_PLACEMENT_3D('',#3630,#2974,#2975);
#2400=AXIS2_PLACEMENT_3D('',#3634,#2978,#2979);
#2401=AXIS2_PLACEMENT_3D('',#3638,#2982,#2983);
#2402=AXIS2_PLACEMENT_3D('',#3642,#2986,#2987);
#2403=AXIS2_PLACEMENT_3D('',#3646,#2990,#2991);
#2404=AXIS2_PLACEMENT_3D('',#3648,#2992,#2993);
#2405=AXIS2_PLACEMENT_3D('',#3650,#2995,#2996);
#2406=AXIS2_PLACEMENT_3D('',#3654,#2999,#3000);
#2407=AXIS2_PLACEMENT_3D('',#3656,#3001,#3002);
#2408=AXIS2_PLACEMENT_3D('',#3658,#3004,#3005);
#2409=AXIS2_PLACEMENT_3D('',#3662,#3008,#3009);
#2410=AXIS2_PLACEMENT_3D('',#3666,#3012,#3013);
#2411=AXIS2_PLACEMENT_3D('',#3670,#3016,#3017);
#2412=AXIS2_PLACEMENT_3D('',#3674,#3020,#3021);
#2413=AXIS2_PLACEMENT_3D('',#3676,#3022,#3023);
#2414=AXIS2_PLACEMENT_3D('',#3678,#3025,#3026);
#2415=AXIS2_PLACEMENT_3D('',#3682,#3029,#3030);
#2416=AXIS2_PLACEMENT_3D('',#3686,#3033,#3034);
#2417=AXIS2_PLACEMENT_3D('',#3688,#3035,#3036);
#2418=AXIS2_PLACEMENT_3D('',#3690,#3038,#3039);
#2419=AXIS2_PLACEMENT_3D('',#3694,#3042,#3043);
#2420=AXIS2_PLACEMENT_3D('',#3698,#3046,#3047);
#2421=AXIS2_PLACEMENT_3D('',#3700,#3048,#3049);
#2422=AXIS2_PLACEMENT_3D('',#3702,#3051,#3052);
#2423=AXIS2_PLACEMENT_3D('',#3706,#3055,#3056);
#2424=AXIS2_PLACEMENT_3D('',#3708,#3057,#3058);
#2425=AXIS2_PLACEMENT_3D('',#3710,#3060,#3061);
#2426=AXIS2_PLACEMENT_3D('',#3714,#3064,#3065);
#2427=AXIS2_PLACEMENT_3D('',#3716,#3066,#3067);
#2428=AXIS2_PLACEMENT_3D('',#3718,#3069,#3070);
#2429=AXIS2_PLACEMENT_3D('',#3722,#3073,#3074);
#2430=AXIS2_PLACEMENT_3D('',#3724,#3075,#3076);
#2431=AXIS2_PLACEMENT_3D('',#3726,#3078,#3079);
#2432=AXIS2_PLACEMENT_3D('',#3730,#3082,#3083);
#2433=AXIS2_PLACEMENT_3D('',#3732,#3084,#3085);
#2434=AXIS2_PLACEMENT_3D('',#3734,#3087,#3088);
#2435=AXIS2_PLACEMENT_3D('',#3738,#3091,#3092);
#2436=AXIS2_PLACEMENT_3D('',#3739,#3093,#3094);
#2437=AXIS2_PLACEMENT_3D('',#3740,#3095,#3096);
#2438=AXIS2_PLACEMENT_3D('',#3741,#3097,#3098);
#2439=DIRECTION('axis',(0.,0.,1.));
#2440=DIRECTION('refdir',(1.,0.,0.));
#2441=DIRECTION('center_axis',(1.,0.,0.));
#2442=DIRECTION('ref_axis',(0.,1.,0.));
#2443=DIRECTION('',(0.,-1.,0.));
#2444=DIRECTION('',(0.,0.,1.));
#2445=DIRECTION('',(0.,1.,0.));
#2446=DIRECTION('',(0.,0.,1.));
#2447=DIRECTION('center_axis',(0.,0.,1.));
#2448=DIRECTION('ref_axis',(-0.000451563357241601,-0.999999898045262,0.));
#2449=DIRECTION('center_axis',(0.,0.,-1.));
#2450=DIRECTION('ref_axis',(-0.000451563357241601,-0.999999898045262,0.));
#2451=DIRECTION('center_axis',(0.,0.,1.));
#2452=DIRECTION('ref_axis',(-0.000451563357241601,-0.999999898045262,0.));
#2453=DIRECTION('',(0.,0.,1.));
#2454=DIRECTION('center_axis',(-0.000451563357241313,-0.999999898045262,
0.));
#2455=DIRECTION('ref_axis',(0.999999898045262,-0.000451563357241313,0.));
#2456=DIRECTION('',(-0.999999898045262,0.000451563357241313,0.));
#2457=DIRECTION('',(0.999999898045262,-0.000451563357241313,0.));
#2458=DIRECTION('',(0.,0.,1.));
#2459=DIRECTION('center_axis',(0.,0.,1.));
#2460=DIRECTION('ref_axis',(-0.0713169782665408,0.99745370248996,0.));
#2461=DIRECTION('center_axis',(0.,0.,1.));
#2462=DIRECTION('ref_axis',(-0.0713169782665408,0.99745370248996,0.));
#2463=DIRECTION('center_axis',(0.,0.,-1.));
#2464=DIRECTION('ref_axis',(-0.0713169782665408,0.99745370248996,0.));
#2465=DIRECTION('',(0.,0.,1.));
#2466=DIRECTION('center_axis',(0.999999898045262,-0.000451563357240063,
0.));
#2467=DIRECTION('ref_axis',(0.000451563357240063,0.999999898045262,0.));
#2468=DIRECTION('',(-0.000451563357240063,-0.999999898045262,0.));
#2469=DIRECTION('',(0.000451563357240063,0.999999898045262,0.));
#2470=DIRECTION('',(0.,0.,1.));
#2471=DIRECTION('center_axis',(0.,0.,1.));
#2472=DIRECTION('ref_axis',(0.000620337608332922,-0.999999807590607,0.));
#2473=DIRECTION('center_axis',(0.,0.,-1.));
#2474=DIRECTION('ref_axis',(0.000620337608332922,-0.999999807590607,0.));
#2475=DIRECTION('center_axis',(0.,0.,1.));
#2476=DIRECTION('ref_axis',(0.000620337608332922,-0.999999807590607,0.));
#2477=DIRECTION('',(0.,0.,1.));
#2478=DIRECTION('center_axis',(-0.000451561374290626,-0.999999898046158,
0.));
#2479=DIRECTION('ref_axis',(0.999999898046158,-0.000451561374290626,0.));
#2480=DIRECTION('',(-0.999999898046158,0.000451561374290626,0.));
#2481=DIRECTION('',(0.999999898046158,-0.000451561374290626,0.));
#2482=DIRECTION('',(0.,0.,1.));
#2483=DIRECTION('center_axis',(0.,0.,1.));
#2484=DIRECTION('ref_axis',(0.000451563357239825,0.999999898045262,0.));
#2485=DIRECTION('center_axis',(0.,0.,1.));
#2486=DIRECTION('ref_axis',(0.000451563357239825,0.999999898045262,0.));
#2487=DIRECTION('center_axis',(0.,0.,-1.));
#2488=DIRECTION('ref_axis',(0.000451563357239825,0.999999898045262,0.));
#2489=DIRECTION('',(0.,0.,1.));
#2490=DIRECTION('center_axis',(0.999999965484347,-0.00026273809111992,0.));
#2491=DIRECTION('ref_axis',(0.00026273809111992,0.999999965484347,0.));
#2492=DIRECTION('',(-0.00026273809111992,-0.999999965484347,0.));
#2493=DIRECTION('',(0.00026273809111992,0.999999965484347,0.));
#2494=DIRECTION('',(0.,0.,1.));
#2495=DIRECTION('center_axis',(0.,0.,1.));
#2496=DIRECTION('ref_axis',(-0.999072085418158,-0.0430693410468835,0.));
#2497=DIRECTION('center_axis',(0.,0.,1.));
#2498=DIRECTION('ref_axis',(-0.999072085418158,-0.0430693410468835,0.));
#2499=DIRECTION('center_axis',(0.,0.,-1.));
#2500=DIRECTION('ref_axis',(-0.999072085418158,-0.0430693410468835,0.));
#2501=DIRECTION('',(0.,0.,1.));
#2502=DIRECTION('center_axis',(-0.00059269308902699,0.999999824357436,0.));
#2503=DIRECTION('ref_axis',(-0.999999824357436,-0.00059269308902699,0.));
#2504=DIRECTION('',(0.999999824357436,0.00059269308902699,0.));
#2505=DIRECTION('',(-0.999999824357436,-0.00059269308902699,0.));
#2506=DIRECTION('',(0.,0.,1.));
#2507=DIRECTION('center_axis',(0.,0.,1.));
#2508=DIRECTION('ref_axis',(0.0651490450698665,-0.997875544307247,0.));
#2509=DIRECTION('center_axis',(0.,0.,1.));
#2510=DIRECTION('ref_axis',(0.0651490450698665,-0.997875544307247,0.));
#2511=DIRECTION('center_axis',(0.,0.,-1.));
#2512=DIRECTION('ref_axis',(0.0651490450698665,-0.997875544307247,0.));
#2513=DIRECTION('',(0.,0.,1.));
#2514=DIRECTION('center_axis',(-0.99994773702562,0.0102236596843324,0.));
#2515=DIRECTION('ref_axis',(-0.0102236596843324,-0.99994773702562,0.));
#2516=DIRECTION('',(0.0102236596843324,0.99994773702562,0.));
#2517=DIRECTION('',(-0.0102236596843324,-0.99994773702562,0.));
#2518=DIRECTION('',(0.,0.,1.));
#2519=DIRECTION('center_axis',(0.,0.,1.));
#2520=DIRECTION('ref_axis',(0.00211720015925655,0.999997758729231,0.));
#2521=DIRECTION('center_axis',(0.,0.,-1.));
#2522=DIRECTION('ref_axis',(0.00211720015925655,0.999997758729231,0.));
#2523=DIRECTION('center_axis',(0.,0.,1.));
#2524=DIRECTION('ref_axis',(0.00211720015925655,0.999997758729231,0.));
#2525=DIRECTION('',(0.,0.,1.));
#2526=DIRECTION('center_axis',(0.00211720015926813,0.999997758729231,0.));
#2527=DIRECTION('ref_axis',(-0.999997758729231,0.00211720015926813,0.));
#2528=DIRECTION('',(0.999997758729231,-0.00211720015926813,0.));
#2529=DIRECTION('',(-0.999997758729231,0.00211720015926813,0.));
#2530=DIRECTION('',(0.,0.,1.));
#2531=DIRECTION('center_axis',(0.,0.,1.));
#2532=DIRECTION('ref_axis',(0.999970782329448,-0.00764424538010884,0.));
#2533=DIRECTION('center_axis',(0.,0.,-1.));
#2534=DIRECTION('ref_axis',(0.999970782329448,-0.00764424538010884,0.));
#2535=DIRECTION('center_axis',(0.,0.,1.));
#2536=DIRECTION('ref_axis',(0.999970782329448,-0.00764424538010884,0.));
#2537=DIRECTION('',(0.,0.,1.));
#2538=DIRECTION('center_axis',(0.995895072993953,-0.0905152119058942,0.));
#2539=DIRECTION('ref_axis',(0.0905152119058942,0.995895072993953,0.));
#2540=DIRECTION('',(-0.0905152119058942,-0.995895072993953,0.));
#2541=DIRECTION('',(0.0905152119058942,0.995895072993953,0.));
#2542=DIRECTION('',(0.,0.,1.));
#2543=DIRECTION('center_axis',(0.,0.,1.));
#2544=DIRECTION('ref_axis',(-0.999718830106106,0.023712037687202,0.));
#2545=DIRECTION('center_axis',(0.,0.,1.));
#2546=DIRECTION('ref_axis',(-0.999718830106106,0.023712037687202,0.));
#2547=DIRECTION('center_axis',(0.,0.,-1.));
#2548=DIRECTION('ref_axis',(-0.999718830106106,0.023712037687202,0.));
#2549=DIRECTION('',(0.,0.,1.));
#2550=DIRECTION('center_axis',(0.111336656343161,0.99378274736198,0.));
#2551=DIRECTION('ref_axis',(-0.99378274736198,0.111336656343161,0.));
#2552=DIRECTION('',(0.99378274736198,-0.111336656343161,0.));
#2553=DIRECTION('',(-0.99378274736198,0.111336656343161,0.));
#2554=DIRECTION('',(0.,0.,1.));
#2555=DIRECTION('center_axis',(0.0825793019651783,0.996584496611775,0.));
#2556=DIRECTION('ref_axis',(-0.996584496611775,0.0825793019651783,0.));
#2557=DIRECTION('',(0.996584496611775,-0.0825793019651783,0.));
#2558=DIRECTION('',(-0.996584496611775,0.0825793019651783,0.));
#2559=DIRECTION('',(0.,0.,1.));
#2560=DIRECTION('center_axis',(0.243356584104384,0.969936891232128,0.));
#2561=DIRECTION('ref_axis',(-0.969936891232128,0.243356584104384,0.));
#2562=DIRECTION('',(0.969936891232128,-0.243356584104384,0.));
#2563=DIRECTION('',(-0.969936891232128,0.243356584104384,0.));
#2564=DIRECTION('',(0.,0.,1.));
#2565=DIRECTION('center_axis',(0.176758586890885,0.984254236445207,0.));
#2566=DIRECTION('ref_axis',(-0.984254236445207,0.176758586890885,0.));
#2567=DIRECTION('',(0.984254236445207,-0.176758586890885,0.));
#2568=DIRECTION('',(-0.984254236445207,0.176758586890885,0.));
#2569=DIRECTION('',(0.,0.,1.));
#2570=DIRECTION('center_axis',(-0.202518285115711,0.979278481430993,0.));
#2571=DIRECTION('ref_axis',(-0.979278481430993,-0.202518285115711,0.));
#2572=DIRECTION('',(0.979278481430993,0.202518285115711,0.));
#2573=DIRECTION('',(-0.979278481430993,-0.202518285115711,0.));
#2574=DIRECTION('',(0.,0.,1.));
#2575=DIRECTION('center_axis',(0.358708372146921,0.93344967928202,0.));
#2576=DIRECTION('ref_axis',(-0.93344967928202,0.358708372146921,0.));
#2577=DIRECTION('',(0.93344967928202,-0.358708372146921,0.));
#2578=DIRECTION('',(-0.93344967928202,0.358708372146921,0.));
#2579=DIRECTION('',(0.,0.,1.));
#2580=DIRECTION('center_axis',(0.,0.,1.));
#2581=DIRECTION('ref_axis',(-0.257933428340064,-0.966162691550828,0.));
#2582=DIRECTION('center_axis',(0.,0.,1.));
#2583=DIRECTION('ref_axis',(-0.257933428340064,-0.966162691550828,0.));
#2584=DIRECTION('center_axis',(0.,0.,-1.));
#2585=DIRECTION('ref_axis',(-0.257933428340064,-0.966162691550828,0.));
#2586=DIRECTION('',(0.,0.,1.));
#2587=DIRECTION('center_axis',(-0.939631231894683,0.342188760844189,0.));
#2588=DIRECTION('ref_axis',(-0.342188760844189,-0.939631231894682,0.));
#2589=DIRECTION('',(0.342188760844189,0.939631231894682,0.));
#2590=DIRECTION('',(-0.342188760844189,-0.939631231894682,0.));
#2591=DIRECTION('',(0.,0.,1.));
#2592=DIRECTION('center_axis',(0.,0.,1.));
#2593=DIRECTION('ref_axis',(0.966296725181986,-0.257430842951208,0.));
#2594=DIRECTION('center_axis',(0.,0.,1.));
#2595=DIRECTION('ref_axis',(0.966296725181986,-0.257430842951208,0.));
#2596=DIRECTION('center_axis',(0.,0.,-1.));
#2597=DIRECTION('ref_axis',(0.966296725181986,-0.257430842951208,0.));
#2598=DIRECTION('',(0.,0.,1.));
#2599=DIRECTION('center_axis',(-0.342188760844172,-0.939631231894689,0.));
#2600=DIRECTION('ref_axis',(0.939631231894689,-0.342188760844172,0.));
#2601=DIRECTION('',(-0.939631231894689,0.342188760844172,0.));
#2602=DIRECTION('',(0.939631231894689,-0.342188760844172,0.));
#2603=DIRECTION('',(0.,0.,1.));
#2604=DIRECTION('center_axis',(0.,0.,1.));
#2605=DIRECTION('ref_axis',(-0.996360204933583,-0.0852428414865896,0.));
#2606=DIRECTION('center_axis',(0.,0.,-1.));
#2607=DIRECTION('ref_axis',(-0.996360204933583,-0.0852428414865896,0.));
#2608=DIRECTION('center_axis',(0.,0.,1.));
#2609=DIRECTION('ref_axis',(-0.996360204933583,-0.0852428414865896,0.));
#2610=DIRECTION('',(0.,0.,1.));
#2611=DIRECTION('center_axis',(-1.,0.,0.));
#2612=DIRECTION('ref_axis',(0.,-1.,0.));
#2613=DIRECTION('',(0.,1.,0.));
#2614=DIRECTION('',(0.,-1.,0.));
#2615=DIRECTION('',(0.,0.,1.));
#2616=DIRECTION('center_axis',(0.,0.,1.));
#2617=DIRECTION('ref_axis',(-0.773842674260196,0.633377861543824,0.));
#2618=DIRECTION('center_axis',(0.,0.,-1.));
#2619=DIRECTION('ref_axis',(-0.773842674260196,0.633377861543824,0.));
#2620=DIRECTION('center_axis',(0.,0.,1.));
#2621=DIRECTION('ref_axis',(-0.773842674260196,0.633377861543824,0.));
#2622=DIRECTION('',(0.,0.,1.));
#2623=DIRECTION('center_axis',(-0.746683585695576,0.665179391482326,0.));
#2624=DIRECTION('ref_axis',(-0.665179391482326,-0.746683585695576,0.));
#2625=DIRECTION('',(0.665179391482326,0.746683585695576,0.));
#2626=DIRECTION('',(-0.665179391482326,-0.746683585695576,0.));
#2627=DIRECTION('',(0.,0.,1.));
#2628=DIRECTION('center_axis',(0.,0.,1.));
#2629=DIRECTION('ref_axis',(-0.125385146769744,0.992108141771616,0.));
#2630=DIRECTION('center_axis',(0.,0.,-1.));
#2631=DIRECTION('ref_axis',(-0.125385146769744,0.992108141771616,0.));
#2632=DIRECTION('center_axis',(0.,0.,1.));
#2633=DIRECTION('ref_axis',(-0.125385146769744,0.992108141771616,0.));
#2634=DIRECTION('',(0.,0.,1.));
#2635=DIRECTION('center_axis',(0.,1.,0.));
#2636=DIRECTION('ref_axis',(-1.,0.,0.));
#2637=DIRECTION('',(1.,0.,0.));
#2638=DIRECTION('',(-1.,0.,0.));
#2639=DIRECTION('',(0.,0.,1.));
#2640=DIRECTION('center_axis',(0.,0.,1.));
#2641=DIRECTION('ref_axis',(0.0732979023765795,-0.997310090948243,0.));
#2642=DIRECTION('center_axis',(0.,0.,1.));
#2643=DIRECTION('ref_axis',(0.0732979023765795,-0.997310090948243,0.));
#2644=DIRECTION('center_axis',(0.,0.,-1.));
#2645=DIRECTION('ref_axis',(0.0732979023765795,-0.997310090948243,0.));
#2646=DIRECTION('',(0.,0.,1.));
#2647=DIRECTION('center_axis',(-0.964316638060883,0.264751622391548,0.));
#2648=DIRECTION('ref_axis',(-0.264751622391548,-0.964316638060883,0.));
#2649=DIRECTION('',(0.264751622391548,0.964316638060883,0.));
#2650=DIRECTION('',(-0.264751622391548,-0.964316638060883,0.));
#2651=DIRECTION('',(0.,0.,1.));
#2652=DIRECTION('center_axis',(-0.999999962362403,-0.000274363250689649,
0.));
#2653=DIRECTION('ref_axis',(0.000274363250689649,-0.999999962362403,0.));
#2654=DIRECTION('',(-0.000274363250689649,0.999999962362403,0.));
#2655=DIRECTION('',(0.000274363250689649,-0.999999962362403,0.));
#2656=DIRECTION('',(0.,0.,1.));
#2657=DIRECTION('center_axis',(0.,0.,1.));
#2658=DIRECTION('ref_axis',(0.995487583759314,0.0948918889107152,0.));
#2659=DIRECTION('center_axis',(0.,0.,1.));
#2660=DIRECTION('ref_axis',(0.995487583759314,0.0948918889107152,0.));
#2661=DIRECTION('center_axis',(0.,0.,-1.));
#2662=DIRECTION('ref_axis',(0.995487583759314,0.0948918889107152,0.));
#2663=DIRECTION('',(0.,0.,1.));
#2664=DIRECTION('center_axis',(5.29541640302136E-16,-1.,0.));
#2665=DIRECTION('ref_axis',(1.,5.29541640302136E-16,0.));
#2666=DIRECTION('',(-1.,-5.29541640302136E-16,0.));
#2667=DIRECTION('',(1.,5.29541640302136E-16,0.));
#2668=DIRECTION('',(0.,0.,1.));
#2669=DIRECTION('center_axis',(0.,0.,1.));
#2670=DIRECTION('ref_axis',(-0.994161314012069,-0.107904039413718,0.));
#2671=DIRECTION('center_axis',(0.,0.,-1.));
#2672=DIRECTION('ref_axis',(-0.994161314012069,-0.107904039413718,0.));
#2673=DIRECTION('center_axis',(0.,0.,1.));
#2674=DIRECTION('ref_axis',(-0.994161314012069,-0.107904039413718,0.));
#2675=DIRECTION('',(0.,0.,1.));
#2676=DIRECTION('center_axis',(-0.999999803030594,-0.000627645419425393,
0.));
#2677=DIRECTION('ref_axis',(0.000627645419425393,-0.999999803030594,0.));
#2678=DIRECTION('',(-0.000627645419425393,0.999999803030594,0.));
#2679=DIRECTION('',(0.000627645419425393,-0.999999803030594,0.));
#2680=DIRECTION('',(0.,0.,1.));
#2681=DIRECTION('center_axis',(0.,0.,1.));
#2682=DIRECTION('ref_axis',(0.996618416208071,0.0821689264559011,0.));
#2683=DIRECTION('center_axis',(0.,0.,1.));
#2684=DIRECTION('ref_axis',(0.996618416208071,0.0821689264559011,0.));
#2685=DIRECTION('center_axis',(0.,0.,-1.));
#2686=DIRECTION('ref_axis',(0.996618416208071,0.0821689264559011,0.));
#2687=DIRECTION('',(0.,0.,1.));
#2688=DIRECTION('center_axis',(0.,-1.,0.));
#2689=DIRECTION('ref_axis',(1.,0.,0.));
#2690=DIRECTION('',(-1.,0.,0.));
#2691=DIRECTION('',(1.,0.,0.));
#2692=DIRECTION('',(0.,0.,1.));
#2693=DIRECTION('center_axis',(0.,0.,1.));
#2694=DIRECTION('ref_axis',(-0.994785945600795,-0.1019849127819,0.));
#2695=DIRECTION('center_axis',(0.,0.,-1.));
#2696=DIRECTION('ref_axis',(-0.994785945600795,-0.1019849127819,0.));
#2697=DIRECTION('center_axis',(0.,0.,1.));
#2698=DIRECTION('ref_axis',(-0.994785945600795,-0.1019849127819,0.));
#2699=DIRECTION('',(0.,0.,1.));
#2700=DIRECTION('center_axis',(-0.999999803030594,-0.000627645419416343,
0.));
#2701=DIRECTION('ref_axis',(0.000627645419416343,-0.999999803030594,0.));
#2702=DIRECTION('',(-0.000627645419416343,0.999999803030594,0.));
#2703=DIRECTION('',(0.000627645419416343,-0.999999803030594,0.));
#2704=DIRECTION('',(0.,0.,1.));
#2705=DIRECTION('center_axis',(0.,0.,1.));
#2706=DIRECTION('ref_axis',(0.995647426156223,0.0931998003672132,0.));
#2707=DIRECTION('center_axis',(0.,0.,1.));
#2708=DIRECTION('ref_axis',(0.995647426156223,0.0931998003672132,0.));
#2709=DIRECTION('center_axis',(0.,0.,-1.));
#2710=DIRECTION('ref_axis',(0.995647426156223,0.0931998003672132,0.));
#2711=DIRECTION('',(0.,0.,1.));
#2712=DIRECTION('center_axis',(0.000627645419425461,-0.999999803030594,
0.));
#2713=DIRECTION('ref_axis',(0.999999803030594,0.000627645419425461,0.));
#2714=DIRECTION('',(-0.999999803030594,-0.000627645419425461,0.));
#2715=DIRECTION('',(0.999999803030594,0.000627645419425461,0.));
#2716=DIRECTION('',(0.,0.,1.));
#2717=DIRECTION('center_axis',(0.,0.,1.));
#2718=DIRECTION('ref_axis',(-0.996451444196979,-0.0841695868930967,0.));
#2719=DIRECTION('center_axis',(0.,0.,-1.));
#2720=DIRECTION('ref_axis',(-0.996451444196979,-0.0841695868930967,0.));
#2721=DIRECTION('center_axis',(0.,0.,1.));
#2722=DIRECTION('ref_axis',(-0.996451444196979,-0.0841695868930967,0.));
#2723=DIRECTION('',(0.,0.,1.));
#2724=DIRECTION('center_axis',(-0.999992012977083,0.00399674643189445,0.));
#2725=DIRECTION('ref_axis',(-0.00399674643189445,-0.999992012977083,0.));
#2726=DIRECTION('',(0.00399674643189445,0.999992012977083,0.));
#2727=DIRECTION('',(-0.00399674643189445,-0.999992012977083,0.));
#2728=DIRECTION('',(0.,0.,1.));
#2729=DIRECTION('center_axis',(0.,0.,1.));
#2730=DIRECTION('ref_axis',(0.99813313438963,0.0610757401390472,0.));
#2731=DIRECTION('center_axis',(0.,0.,1.));
#2732=DIRECTION('ref_axis',(0.99813313438963,0.0610757401390472,0.));
#2733=DIRECTION('center_axis',(0.,0.,-1.));
#2734=DIRECTION('ref_axis',(0.99813313438963,0.0610757401390472,0.));
#2735=DIRECTION('',(0.,0.,1.));
#2736=DIRECTION('center_axis',(-0.00112268378495889,-0.999999369790361,
0.));
#2737=DIRECTION('ref_axis',(0.999999369790361,-0.00112268378495889,0.));
#2738=DIRECTION('',(-0.999999369790361,0.00112268378495889,0.));
#2739=DIRECTION('',(0.999999369790361,-0.00112268378495889,0.));
#2740=DIRECTION('',(0.,0.,1.));
#2741=DIRECTION('center_axis',(0.,0.,1.));
#2742=DIRECTION('ref_axis',(-0.0368741210411705,0.999319918343191,0.));
#2743=DIRECTION('center_axis',(0.,0.,1.));
#2744=DIRECTION('ref_axis',(-0.0368741210411705,0.999319918343191,0.));
#2745=DIRECTION('center_axis',(0.,0.,-1.));
#2746=DIRECTION('ref_axis',(-0.0368741210411705,0.999319918343191,0.));
#2747=DIRECTION('center_axis',(0.,0.,1.));
#2748=DIRECTION('ref_axis',(1.,0.,0.));
#2749=DIRECTION('center_axis',(0.,0.,1.));
#2750=DIRECTION('ref_axis',(0.000451563357239901,0.999999898045262,0.));
#2751=DIRECTION('',(-0.000262738091119943,-0.999999965484347,0.));
#2752=DIRECTION('center_axis',(0.,0.,1.));
#2753=DIRECTION('ref_axis',(-0.999568297299176,-0.0293805894159166,0.));
#2754=DIRECTION('',(0.999999824357436,0.000592693089032953,0.));
#2755=DIRECTION('center_axis',(0.,0.,1.));
#2756=DIRECTION('ref_axis',(0.0380499465373347,-0.999275838579371,0.));
#2757=DIRECTION('',(0.999997758729231,-0.0021172001592692,0.));
#2758=DIRECTION('',(-0.0905152119058976,-0.995895072993953,0.));
#2759=DIRECTION('center_axis',(0.,0.,1.));
#2760=DIRECTION('ref_axis',(-0.998648484558177,0.0519731112177891,0.));
#2761=DIRECTION('',(0.993782747361942,-0.111336656343496,0.));
#2762=DIRECTION('',(0.996584496611775,-0.0825793019651778,0.));
#2763=DIRECTION('',(0.969936891232128,-0.243356584104387,0.));
#2764=DIRECTION('',(0.984254236445207,-0.176758586890885,0.));
#2765=DIRECTION('',(0.979278481430992,0.202518285115715,0.));
#2766=DIRECTION('',(0.933449679282021,-0.358708372146918,0.));
#2767=DIRECTION('center_axis',(0.,0.,1.));
#2768=DIRECTION('ref_axis',(-0.29960026121358,-0.95406482142502,0.));
#2769=DIRECTION('',(0.34218876084418,0.939631231894685,0.));
#2770=DIRECTION('center_axis',(0.,0.,1.));
#2771=DIRECTION('ref_axis',(0.95715958233023,-0.289560933057999,0.));
#2772=DIRECTION('',(-0.939631231894683,0.342188760844188,0.));
#2773=DIRECTION('',(0.,1.,0.));
#2774=DIRECTION('',(0.665179391482328,0.746683585695574,0.));
#2775=DIRECTION('',(1.,0.,0.));
#2776=DIRECTION('center_axis',(0.,0.,1.));
#2777=DIRECTION('ref_axis',(0.047250386757568,-0.99888307671682,0.));
#2778=DIRECTION('',(0.26475162239157,0.964316638060877,0.));
#2779=DIRECTION('',(-0.000274363250689361,0.999999962362403,0.));
#2780=DIRECTION('center_axis',(0.,0.,1.));
#2781=DIRECTION('ref_axis',(0.999015213163856,0.0443689516122979,0.));
#2782=DIRECTION('',(-1.,-6.34476088907599E-16,0.));
#2783=DIRECTION('',(-0.000627645419427796,0.999999803030594,0.));
#2784=DIRECTION('center_axis',(0.,0.,1.));
#2785=DIRECTION('ref_axis',(0.999060686104917,0.0433329606601243,0.));
#2786=DIRECTION('',(-1.,0.,0.));
#2787=DIRECTION('center_axis',(0.,0.,1.));
#2788=DIRECTION('ref_axis',(0.74924027806634,0.662298275494564,0.));
#2789=DIRECTION('',(-0.999999803030594,-0.00062764541942633,0.));
#2790=DIRECTION('center_axis',(0.,0.,1.));
#2791=DIRECTION('ref_axis',(0.997449305263011,0.071378452143039,0.));
#2792=DIRECTION('',(-0.999999369790361,0.00112268378495822,0.));
#2793=DIRECTION('center_axis',(0.,0.,1.));
#2794=DIRECTION('ref_axis',(-0.0237332091600368,0.999718327721847,0.));
#2795=DIRECTION('',(-0.999999898045262,0.000451563357241712,0.));
#2796=DIRECTION('center_axis',(0.,0.,1.));
#2797=DIRECTION('ref_axis',(-0.042829260339798,0.999082406240219,0.));
#2798=DIRECTION('',(-0.999999898046158,0.000451561374290418,0.));
#2799=DIRECTION('center_axis',(0.,0.,1.));
#2800=DIRECTION('ref_axis',(1.,0.,0.));
#2801=DIRECTION('center_axis',(0.,0.,-1.));
#2802=DIRECTION('ref_axis',(1.,0.,0.));
#2803=DIRECTION('center_axis',(0.,0.,-1.));
#2804=DIRECTION('ref_axis',(1.,0.,0.));
#2805=DIRECTION('center_axis',(0.,0.,-1.));
#2806=DIRECTION('ref_axis',(1.,0.,0.));
#2807=DIRECTION('center_axis',(0.,0.,-1.));
#2808=DIRECTION('ref_axis',(1.,0.,0.));
#2809=DIRECTION('center_axis',(0.,0.,-1.));
#2810=DIRECTION('ref_axis',(1.,0.,0.));
#2811=DIRECTION('center_axis',(0.,0.,-1.));
#2812=DIRECTION('ref_axis',(1.,0.,0.));
#2813=DIRECTION('center_axis',(0.,0.,-1.));
#2814=DIRECTION('ref_axis',(1.,0.,0.));
#2815=DIRECTION('center_axis',(0.,0.,1.));
#2816=DIRECTION('ref_axis',(1.,0.,0.));
#2817=DIRECTION('center_axis',(0.,0.,1.));
#2818=DIRECTION('ref_axis',(1.,0.,0.));
#2819=DIRECTION('',(0.,0.,-1.));
#2820=DIRECTION('center_axis',(0.,0.,1.));
#2821=DIRECTION('ref_axis',(1.,0.,0.));
#2822=DIRECTION('center_axis',(0.,0.,1.));
#2823=DIRECTION('ref_axis',(1.,0.,0.));
#2824=DIRECTION('center_axis',(0.,0.,1.));
#2825=DIRECTION('ref_axis',(1.,0.,0.));
#2826=DIRECTION('',(0.,0.,-1.));
#2827=DIRECTION('center_axis',(0.,0.,1.));
#2828=DIRECTION('ref_axis',(1.,0.,0.));
#2829=DIRECTION('center_axis',(0.,0.,1.));
#2830=DIRECTION('ref_axis',(1.,0.,0.));
#2831=DIRECTION('center_axis',(0.,0.,1.));
#2832=DIRECTION('ref_axis',(1.,0.,0.));
#2833=DIRECTION('',(0.,0.,-1.));
#2834=DIRECTION('center_axis',(0.,0.,1.));
#2835=DIRECTION('ref_axis',(1.,0.,0.));
#2836=DIRECTION('center_axis',(0.,0.,1.));
#2837=DIRECTION('ref_axis',(1.,0.,0.));
#2838=DIRECTION('center_axis',(0.,0.,-1.));
#2839=DIRECTION('ref_axis',(1.,0.,0.));
#2840=DIRECTION('',(0.,0.,-1.));
#2841=DIRECTION('center_axis',(0.,0.,1.));
#2842=DIRECTION('ref_axis',(1.,0.,0.));
#2843=DIRECTION('center_axis',(0.,0.,1.));
#2844=DIRECTION('ref_axis',(1.,0.,0.));
#2845=DIRECTION('center_axis',(0.,0.,-1.));
#2846=DIRECTION('ref_axis',(1.,0.,0.));
#2847=DIRECTION('center_axis',(0.,0.,1.));
#2848=DIRECTION('ref_axis',(1.,0.,0.));
#2849=DIRECTION('center_axis',(0.,0.,-1.));
#2850=DIRECTION('ref_axis',(1.,0.,0.));
#2851=DIRECTION('',(0.,0.,-1.));
#2852=DIRECTION('center_axis',(0.,0.,1.));
#2853=DIRECTION('ref_axis',(1.,0.,0.));
#2854=DIRECTION('center_axis',(0.,0.,1.));
#2855=DIRECTION('ref_axis',(1.,0.,0.));
#2856=DIRECTION('center_axis',(0.,0.,-1.));
#2857=DIRECTION('ref_axis',(1.,0.,0.));
#2858=DIRECTION('center_axis',(0.,0.,1.));
#2859=DIRECTION('ref_axis',(1.,0.,0.));
#2860=DIRECTION('center_axis',(0.,0.,-1.));
#2861=DIRECTION('ref_axis',(1.,0.,0.));
#2862=DIRECTION('',(0.,0.,-1.));
#2863=DIRECTION('center_axis',(0.,0.,1.));
#2864=DIRECTION('ref_axis',(1.,0.,0.));
#2865=DIRECTION('center_axis',(0.,0.,1.));
#2866=DIRECTION('ref_axis',(1.,0.,0.));
#2867=DIRECTION('center_axis',(0.,0.,-1.));
#2868=DIRECTION('ref_axis',(1.,0.,0.));
#2869=DIRECTION('center_axis',(0.,0.,1.));
#2870=DIRECTION('ref_axis',(1.,0.,0.));
#2871=DIRECTION('center_axis',(0.,0.,-1.));
#2872=DIRECTION('ref_axis',(1.,0.,0.));
#2873=DIRECTION('',(0.,0.,-1.));
#2874=DIRECTION('center_axis',(0.,0.,1.));
#2875=DIRECTION('ref_axis',(1.,0.,0.));
#2876=DIRECTION('center_axis',(0.,0.,1.));
#2877=DIRECTION('ref_axis',(1.,0.,0.));
#2878=DIRECTION('center_axis',(0.,0.,-1.));
#2879=DIRECTION('ref_axis',(1.,0.,0.));
#2880=DIRECTION('center_axis',(0.,0.,1.));
#2881=DIRECTION('ref_axis',(1.,0.,0.));
#2882=DIRECTION('center_axis',(0.,0.,1.));
#2883=DIRECTION('ref_axis',(1.,0.,0.));
#2884=DIRECTION('center_axis',(0.,0.,-1.));
#2885=DIRECTION('ref_axis',(1.,0.,0.));
#2886=DIRECTION('center_axis',(0.,0.,1.));
#2887=DIRECTION('ref_axis',(1.,0.,0.));
#2888=DIRECTION('center_axis',(0.,0.,1.));
#2889=DIRECTION('ref_axis',(1.,0.,0.));
#2890=DIRECTION('center_axis',(0.,0.,-1.));
#2891=DIRECTION('ref_axis',(1.,0.,0.));
#2892=DIRECTION('center_axis',(0.,0.,1.));
#2893=DIRECTION('ref_axis',(1.,0.,0.));
#2894=DIRECTION('center_axis',(0.,0.,1.));
#2895=DIRECTION('ref_axis',(1.,0.,0.));
#2896=DIRECTION('center_axis',(0.,0.,-1.));
#2897=DIRECTION('ref_axis',(1.,0.,0.));
#2898=DIRECTION('center_axis',(0.,0.,1.));
#2899=DIRECTION('ref_axis',(1.,0.,0.));
#2900=DIRECTION('center_axis',(0.,0.,1.));
#2901=DIRECTION('ref_axis',(1.,0.,0.));
#2902=DIRECTION('center_axis',(0.,0.,-1.));
#2903=DIRECTION('ref_axis',(1.,0.,0.));
#2904=DIRECTION('center_axis',(0.,0.,1.));
#2905=DIRECTION('ref_axis',(1.,0.,0.));
#2906=DIRECTION('',(0.,0.,-1.));
#2907=DIRECTION('center_axis',(0.,0.,1.));
#2908=DIRECTION('ref_axis',(1.,0.,0.));
#2909=DIRECTION('',(0.,0.,-1.));
#2910=DIRECTION('center_axis',(0.,0.,1.));
#2911=DIRECTION('ref_axis',(1.,0.,0.));
#2912=DIRECTION('',(0.,0.,-1.));
#2913=DIRECTION('center_axis',(0.,0.,1.));
#2914=DIRECTION('ref_axis',(1.,0.,0.));
#2915=DIRECTION('',(0.,0.,-1.));
#2916=DIRECTION('center_axis',(0.,0.,1.));
#2917=DIRECTION('ref_axis',(1.,0.,0.));
#2918=DIRECTION('center_axis',(0.,0.,1.));
#2919=DIRECTION('ref_axis',(1.,0.,0.));
#2920=DIRECTION('',(0.,0.,-1.));
#2921=DIRECTION('center_axis',(0.,0.,1.));
#2922=DIRECTION('ref_axis',(1.,0.,0.));
#2923=DIRECTION('',(0.,0.,-1.));
#2924=DIRECTION('center_axis',(0.,0.,1.));
#2925=DIRECTION('ref_axis',(1.,0.,0.));
#2926=DIRECTION('center_axis',(0.,0.,1.));
#2927=DIRECTION('ref_axis',(1.,0.,0.));
#2928=DIRECTION('',(0.,0.,-1.));
#2929=DIRECTION('center_axis',(0.,0.,1.));
#2930=DIRECTION('ref_axis',(1.,0.,0.));
#2931=DIRECTION('',(0.,0.,-1.));
#2932=DIRECTION('center_axis',(0.,0.,1.));
#2933=DIRECTION('ref_axis',(1.,0.,0.));
#2934=DIRECTION('center_axis',(-0.999999965484347,0.000262738091119943,
0.));
#2935=DIRECTION('ref_axis',(0.000262738091119943,0.999999965484347,0.));
#2936=DIRECTION('',(0.,0.,1.));
#2937=DIRECTION('',(0.000262738091119943,0.999999965484347,0.));
#2938=DIRECTION('',(0.,0.,1.));
#2939=DIRECTION('center_axis',(0.,0.,-1.));
#2940=DIRECTION('ref_axis',(-0.999568297299176,-0.0293805894159166,0.));
#2941=DIRECTION('center_axis',(0.,0.,-1.));
#2942=DIRECTION('ref_axis',(-0.999568297299176,-0.0293805894159166,0.));
#2943=DIRECTION('',(0.,0.,1.));
#2944=DIRECTION('center_axis',(0.000592693089032953,-0.999999824357436,
0.));
#2945=DIRECTION('ref_axis',(-0.999999824357436,-0.000592693089032953,0.));
#2946=DIRECTION('',(-0.999999824357436,-0.000592693089032953,0.));
#2947=DIRECTION('',(0.,0.,1.));
#2948=DIRECTION('center_axis',(0.,0.,-1.));
#2949=DIRECTION('ref_axis',(0.0380499465373347,-0.999275838579371,0.));
#2950=DIRECTION('center_axis',(0.,0.,-1.));
#2951=DIRECTION('ref_axis',(0.0380499465373347,-0.999275838579371,0.));
#2952=DIRECTION('',(0.,0.,1.));
#2953=DIRECTION('center_axis',(-0.0021172001592692,-0.999997758729231,0.));
#2954=DIRECTION('ref_axis',(-0.999997758729231,0.0021172001592692,0.));
#2955=DIRECTION('',(-0.999997758729231,0.0021172001592692,0.));
#2956=DIRECTION('',(0.,0.,1.));
#2957=DIRECTION('center_axis',(-0.995895072993953,0.0905152119058976,0.));
#2958=DIRECTION('ref_axis',(0.0905152119058976,0.995895072993953,0.));
#2959=DIRECTION('',(0.0905152119058976,0.995895072993953,0.));
#2960=DIRECTION('',(0.,0.,1.));
#2961=DIRECTION('center_axis',(0.,0.,-1.));
#2962=DIRECTION('ref_axis',(-0.998648484558177,0.0519731112177891,0.));
#2963=DIRECTION('center_axis',(0.,0.,-1.));
#2964=DIRECTION('ref_axis',(-0.998648484558177,0.0519731112177891,0.));
#2965=DIRECTION('',(0.,0.,1.));
#2966=DIRECTION('center_axis',(-0.111336656343496,-0.993782747361942,0.));
#2967=DIRECTION('ref_axis',(-0.993782747361942,0.111336656343496,0.));
#2968=DIRECTION('',(-0.993782747361942,0.111336656343496,0.));
#2969=DIRECTION('',(0.,0.,1.));
#2970=DIRECTION('center_axis',(-0.0825793019651778,-0.996584496611775,0.));
#2971=DIRECTION('ref_axis',(-0.996584496611775,0.0825793019651778,0.));
#2972=DIRECTION('',(-0.996584496611775,0.0825793019651778,0.));
#2973=DIRECTION('',(0.,0.,1.));
#2974=DIRECTION('center_axis',(-0.243356584104387,-0.969936891232128,0.));
#2975=DIRECTION('ref_axis',(-0.969936891232128,0.243356584104387,0.));
#2976=DIRECTION('',(-0.969936891232128,0.243356584104387,0.));
#2977=DIRECTION('',(0.,0.,1.));
#2978=DIRECTION('center_axis',(-0.176758586890885,-0.984254236445207,0.));
#2979=DIRECTION('ref_axis',(-0.984254236445207,0.176758586890885,0.));
#2980=DIRECTION('',(-0.984254236445207,0.176758586890885,0.));
#2981=DIRECTION('',(0.,0.,1.));
#2982=DIRECTION('center_axis',(0.202518285115715,-0.979278481430992,0.));
#2983=DIRECTION('ref_axis',(-0.979278481430992,-0.202518285115715,0.));
#2984=DIRECTION('',(-0.979278481430992,-0.202518285115715,0.));
#2985=DIRECTION('',(0.,0.,1.));
#2986=DIRECTION('center_axis',(-0.358708372146918,-0.933449679282021,0.));
#2987=DIRECTION('ref_axis',(-0.933449679282021,0.358708372146918,0.));
#2988=DIRECTION('',(-0.933449679282021,0.358708372146918,0.));
#2989=DIRECTION('',(0.,0.,1.));
#2990=DIRECTION('center_axis',(0.,0.,-1.));
#2991=DIRECTION('ref_axis',(-0.29960026121358,-0.95406482142502,0.));
#2992=DIRECTION('center_axis',(0.,0.,-1.));
#2993=DIRECTION('ref_axis',(-0.29960026121358,-0.95406482142502,0.));
#2994=DIRECTION('',(0.,0.,1.));
#2995=DIRECTION('center_axis',(0.939631231894686,-0.342188760844181,0.));
#2996=DIRECTION('ref_axis',(-0.342188760844181,-0.939631231894685,0.));
#2997=DIRECTION('',(-0.34218876084418,-0.939631231894685,0.));
#2998=DIRECTION('',(0.,0.,1.));
#2999=DIRECTION('center_axis',(0.,0.,-1.));
#3000=DIRECTION('ref_axis',(0.95715958233023,-0.289560933057999,0.));
#3001=DIRECTION('center_axis',(0.,0.,-1.));
#3002=DIRECTION('ref_axis',(0.95715958233023,-0.289560933057999,0.));
#3003=DIRECTION('',(0.,0.,1.));
#3004=DIRECTION('center_axis',(0.342188760844188,0.939631231894683,0.));
#3005=DIRECTION('ref_axis',(0.939631231894683,-0.342188760844188,0.));
#3006=DIRECTION('',(0.939631231894683,-0.342188760844188,0.));
#3007=DIRECTION('',(0.,0.,1.));
#3008=DIRECTION('center_axis',(1.,0.,0.));
#3009=DIRECTION('ref_axis',(0.,-1.,0.));
#3010=DIRECTION('',(0.,-1.,0.));
#3011=DIRECTION('',(0.,0.,1.));
#3012=DIRECTION('center_axis',(0.746683585695574,-0.665179391482328,0.));
#3013=DIRECTION('ref_axis',(-0.665179391482328,-0.746683585695574,0.));
#3014=DIRECTION('',(-0.665179391482328,-0.746683585695574,0.));
#3015=DIRECTION('',(0.,0.,1.));
#3016=DIRECTION('center_axis',(0.,-1.,0.));
#3017=DIRECTION('ref_axis',(-1.,0.,0.));
#3018=DIRECTION('',(-1.,0.,0.));
#3019=DIRECTION('',(0.,0.,1.));
#3020=DIRECTION('center_axis',(0.,0.,-1.));
#3021=DIRECTION('ref_axis',(0.047250386757568,-0.99888307671682,0.));
#3022=DIRECTION('center_axis',(0.,0.,-1.));
#3023=DIRECTION('ref_axis',(0.047250386757568,-0.99888307671682,0.));
#3024=DIRECTION('',(0.,0.,1.));
#3025=DIRECTION('center_axis',(0.964316638060876,-0.26475162239157,0.));
#3026=DIRECTION('ref_axis',(-0.26475162239157,-0.964316638060877,0.));
#3027=DIRECTION('',(-0.26475162239157,-0.964316638060877,0.));
#3028=DIRECTION('',(0.,0.,1.));
#3029=DIRECTION('center_axis',(0.999999962362403,0.000274363250689361,0.));
#3030=DIRECTION('ref_axis',(0.000274363250689361,-0.999999962362403,0.));
#3031=DIRECTION('',(0.000274363250689361,-0.999999962362403,0.));
#3032=DIRECTION('',(0.,0.,1.));
#3033=DIRECTION('center_axis',(0.,0.,-1.));
#3034=DIRECTION('ref_axis',(0.999015213163856,0.0443689516122979,0.));
#3035=DIRECTION('center_axis',(0.,0.,-1.));
#3036=DIRECTION('ref_axis',(0.999015213163856,0.0443689516122979,0.));
#3037=DIRECTION('',(0.,0.,1.));
#3038=DIRECTION('center_axis',(-6.34476088907599E-16,1.,0.));
#3039=DIRECTION('ref_axis',(1.,6.34476088907599E-16,0.));
#3040=DIRECTION('',(1.,6.34476088907599E-16,0.));
#3041=DIRECTION('',(0.,0.,1.));
#3042=DIRECTION('center_axis',(0.999999803030594,0.000627645419427797,0.));
#3043=DIRECTION('ref_axis',(0.000627645419427796,-0.999999803030594,0.));
#3044=DIRECTION('',(0.000627645419427796,-0.999999803030594,0.));
#3045=DIRECTION('',(0.,0.,1.));
#3046=DIRECTION('center_axis',(0.,0.,-1.));
#3047=DIRECTION('ref_axis',(0.999060686104917,0.0433329606601243,0.));
#3048=DIRECTION('center_axis',(0.,0.,-1.));
#3049=DIRECTION('ref_axis',(0.999060686104917,0.0433329606601243,0.));
#3050=DIRECTION('',(0.,0.,1.));
#3051=DIRECTION('center_axis',(0.,1.,0.));
#3052=DIRECTION('ref_axis',(1.,0.,0.));
#3053=DIRECTION('',(1.,0.,0.));
#3054=DIRECTION('',(0.,0.,1.));
#3055=DIRECTION('center_axis',(0.,0.,-1.));
#3056=DIRECTION('ref_axis',(0.74924027806634,0.662298275494564,0.));
#3057=DIRECTION('center_axis',(0.,0.,-1.));
#3058=DIRECTION('ref_axis',(0.74924027806634,0.662298275494564,0.));
#3059=DIRECTION('',(0.,0.,1.));
#3060=DIRECTION('center_axis',(-0.00062764541942633,0.999999803030594,0.));
#3061=DIRECTION('ref_axis',(0.999999803030594,0.00062764541942633,0.));
#3062=DIRECTION('',(0.999999803030594,0.00062764541942633,0.));
#3063=DIRECTION('',(0.,0.,1.));
#3064=DIRECTION('center_axis',(0.,0.,-1.));
#3065=DIRECTION('ref_axis',(0.997449305263011,0.071378452143039,0.));
#3066=DIRECTION('center_axis',(0.,0.,-1.));
#3067=DIRECTION('ref_axis',(0.997449305263011,0.071378452143039,0.));
#3068=DIRECTION('',(0.,0.,1.));
#3069=DIRECTION('center_axis',(0.00112268378495822,0.999999369790361,0.));
#3070=DIRECTION('ref_axis',(0.999999369790361,-0.00112268378495822,0.));
#3071=DIRECTION('',(0.999999369790361,-0.00112268378495822,0.));
#3072=DIRECTION('',(0.,0.,1.));
#3073=DIRECTION('center_axis',(0.,0.,-1.));
#3074=DIRECTION('ref_axis',(-0.0237332091600368,0.999718327721847,0.));
#3075=DIRECTION('center_axis',(0.,0.,-1.));
#3076=DIRECTION('ref_axis',(-0.0237332091600368,0.999718327721847,0.));
#3077=DIRECTION('',(0.,0.,1.));
#3078=DIRECTION('center_axis',(0.000451563357241712,0.999999898045262,0.));
#3079=DIRECTION('ref_axis',(0.999999898045262,-0.000451563357241712,0.));
#3080=DIRECTION('',(0.999999898045262,-0.000451563357241712,0.));
#3081=DIRECTION('',(0.,0.,1.));
#3082=DIRECTION('center_axis',(0.,0.,-1.));
#3083=DIRECTION('ref_axis',(-0.042829260339798,0.999082406240219,0.));
#3084=DIRECTION('center_axis',(0.,0.,-1.));
#3085=DIRECTION('ref_axis',(-0.042829260339798,0.999082406240219,0.));
#3086=DIRECTION('',(0.,0.,1.));
#3087=DIRECTION('center_axis',(0.000451561374290419,0.999999898046158,0.));
#3088=DIRECTION('ref_axis',(0.999999898046158,-0.000451561374290418,0.));
#3089=DIRECTION('',(0.999999898046158,-0.000451561374290418,0.));
#3090=DIRECTION('',(0.,0.,-1.));
#3091=DIRECTION('center_axis',(0.,0.,-1.));
#3092=DIRECTION('ref_axis',(0.000451563357239901,0.999999898045262,0.));
#3093=DIRECTION('center_axis',(0.,0.,-1.));
#3094=DIRECTION('ref_axis',(0.000451563357239901,0.999999898045262,0.));
#3095=DIRECTION('center_axis',(0.,0.,1.));
#3096=DIRECTION('ref_axis',(1.,0.,0.));
#3097=DIRECTION('center_axis',(0.,0.,1.));
#3098=DIRECTION('ref_axis',(1.,0.,0.));
#3099=CARTESIAN_POINT('',(0.,0.,0.));
#3100=CARTESIAN_POINT('Origin',(63.9396084315209,-54.0720072380434,-5.));
#3101=CARTESIAN_POINT('',(63.9396084315209,-51.3514188178852,-5.));
#3102=CARTESIAN_POINT('',(63.9396084315209,-54.0720072380434,-5.));
#3103=CARTESIAN_POINT('',(63.9396084315209,-76.3956315690067,-5.));
#3104=CARTESIAN_POINT('',(63.9396084315209,-51.3514188178852,10.));
#3105=CARTESIAN_POINT('',(63.9396084315209,-51.3514188178852,-5.));
#3106=CARTESIAN_POINT('',(63.9396084315209,-54.0720072380434,10.));
#3107=CARTESIAN_POINT('',(63.9396084315209,-54.0720072380434,10.));
#3108=CARTESIAN_POINT('',(63.9396084315209,-54.0720072380434,-5.));
#3109=CARTESIAN_POINT('Origin',(63.2204424959781,-54.0075933154516,-5.));
#3110=CARTESIAN_POINT('',(63.2201164469719,-54.7296381132038,-5.));
#3111=CARTESIAN_POINT('Origin',(63.2204424959781,-54.0075933154516,-5.));
#3112=CARTESIAN_POINT('',(63.2201164469719,-54.7296381132038,10.));
#3113=CARTESIAN_POINT('Origin',(63.2204424959781,-54.0075933154516,10.));
#3114=CARTESIAN_POINT('',(63.2201164469719,-54.7296381132038,-5.));
#3115=CARTESIAN_POINT('Origin',(46.7725142482064,-54.7222109779791,-5.));
#3116=CARTESIAN_POINT('',(46.7725142482064,-54.7222109779791,-5.));
#3117=CARTESIAN_POINT('',(65.5242876762829,-54.7306785926058,-5.));
#3118=CARTESIAN_POINT('',(46.7725142482064,-54.7222109779791,10.));
#3119=CARTESIAN_POINT('',(46.7725142482064,-54.7222109779791,10.));
#3120=CARTESIAN_POINT('',(46.7725142482064,-54.7222109779791,-5.));
#3121=CARTESIAN_POINT('Origin',(46.9353502061164,-56.999667665905,-5.));
#3122=CARTESIAN_POINT('',(44.6576618180082,-56.8401053857637,-5.));
#3123=CARTESIAN_POINT('Origin',(46.9353502061164,-56.999667665905,-5.));
#3124=CARTESIAN_POINT('',(44.6576618180082,-56.8401053857637,10.));
#3125=CARTESIAN_POINT('Origin',(46.9353502061164,-56.999667665905,10.));
#3126=CARTESIAN_POINT('',(44.6576618180082,-56.8401053857637,-5.));
#3127=CARTESIAN_POINT('Origin',(44.6564726751961,-59.4734959648979,-5.));
#3128=CARTESIAN_POINT('',(44.6564726751961,-59.4734959648979,-5.));
#3129=CARTESIAN_POINT('',(44.6476157399225,-79.0874310388535,-5.));
#3130=CARTESIAN_POINT('',(44.6564726751961,-59.4734959648979,10.));
#3131=CARTESIAN_POINT('',(44.6564726751961,-59.4734959648979,10.));
#3132=CARTESIAN_POINT('',(44.6564726751961,-59.4734959648979,-5.));
#3133=CARTESIAN_POINT('Origin',(44.1597414788653,-59.4732716592683,-5.));
#3134=CARTESIAN_POINT('',(44.160049619939,-59.9700028106675,-5.));
#3135=CARTESIAN_POINT('Origin',(44.1597414788653,-59.4732716592683,-5.));
#3136=CARTESIAN_POINT('',(44.160049619939,-59.9700028106675,10.));
#3137=CARTESIAN_POINT('Origin',(44.1597414788653,-59.4732716592683,10.));
#3138=CARTESIAN_POINT('',(44.160049619939,-59.9700028106675,-5.));
#3139=CARTESIAN_POINT('Origin',(28.0298630948671,-59.9627190407301,-5.));
#3140=CARTESIAN_POINT('',(28.0298630948671,-59.9627190407301,-5.));
#3141=CARTESIAN_POINT('',(56.1517769397489,-59.9754178120883,-5.));
#3142=CARTESIAN_POINT('',(28.0298630948671,-59.9627190407301,10.));
#3143=CARTESIAN_POINT('',(28.0298630948671,-59.9627190407301,10.));
#3144=CARTESIAN_POINT('',(28.0298630948671,-59.9627190407301,-5.));
#3145=CARTESIAN_POINT('Origin',(28.0287123422116,-62.5110935262244,-5.));
#3146=CARTESIAN_POINT('',(25.4843750529685,-62.3677003565221,-5.));
#3147=CARTESIAN_POINT('Origin',(28.0287123422116,-62.5110935262244,-5.));
#3148=CARTESIAN_POINT('',(25.4843750529685,-62.3677003565221,10.));
#3149=CARTESIAN_POINT('Origin',(28.0287123422116,-62.5110935262244,10.));
#3150=CARTESIAN_POINT('',(25.4843750529685,-62.3677003565221,-5.));
#3151=CARTESIAN_POINT('Origin',(25.4702291606862,-116.207978078466,-5.));
#3152=CARTESIAN_POINT('',(25.4702291606862,-116.207978078466,-5.));
#3153=CARTESIAN_POINT('',(25.4725286663838,-107.455894936067,-5.));
#3154=CARTESIAN_POINT('',(25.4702291606862,-116.207978078466,10.));
#3155=CARTESIAN_POINT('',(25.4702291606862,-116.207978078466,10.));
#3156=CARTESIAN_POINT('',(25.4702291606862,-116.207978078466,-5.));
#3157=CARTESIAN_POINT('Origin',(28.983966068491,-116.056503189476,-5.));
#3158=CARTESIAN_POINT('',(28.7998079172911,-119.568678793658,-5.));
#3159=CARTESIAN_POINT('Origin',(28.983966068491,-116.056503189476,-5.));
#3160=CARTESIAN_POINT('',(28.7998079172911,-119.568678793658,10.));
#3161=CARTESIAN_POINT('Origin',(28.983966068491,-116.056503189476,10.));
#3162=CARTESIAN_POINT('',(28.7998079172911,-119.568678793658,-5.));
#3163=CARTESIAN_POINT('Origin',(45.3080466232226,-119.558894472947,-5.));
#3164=CARTESIAN_POINT('',(45.3080466232226,-119.558894472947,-5.));
#3165=CARTESIAN_POINT('',(64.7882928726284,-119.547348663594,-5.));
#3166=CARTESIAN_POINT('',(45.3080466232226,-119.558894472947,10.));
#3167=CARTESIAN_POINT('',(45.3080466232226,-119.558894472947,10.));
#3168=CARTESIAN_POINT('',(45.3080466232226,-119.558894472947,-5.));
#3169=CARTESIAN_POINT('Origin',(45.1759282984689,-117.535263196614,-5.));
#3170=CARTESIAN_POINT('',(47.2006133113123,-117.65010827946,-5.));
#3171=CARTESIAN_POINT('Origin',(45.1759282984689,-117.535263196614,-5.));
#3172=CARTESIAN_POINT('',(47.2006133113123,-117.65010827946,10.));
#3173=CARTESIAN_POINT('Origin',(45.1759282984689,-117.535263196614,10.));
#3174=CARTESIAN_POINT('',(47.2006133113123,-117.65010827946,-5.));
#3175=CARTESIAN_POINT('Origin',(47.2138077319291,-116.35959867287,-5.));
#3176=CARTESIAN_POINT('',(47.2138077319291,-116.35959867287,-5.));
#3177=CARTESIAN_POINT('',(47.3059133448344,-107.351004682488,-5.));
#3178=CARTESIAN_POINT('',(47.2138077319291,-116.35959867287,10.));
#3179=CARTESIAN_POINT('',(47.2138077319291,-116.35959867287,10.));
#3180=CARTESIAN_POINT('',(47.2138077319291,-116.35959867287,-5.));
#3181=CARTESIAN_POINT('Origin',(48.7124410377222,-116.464457158223,-5.));
#3182=CARTESIAN_POINT('',(48.7156217017413,-114.962163255367,-5.));
#3183=CARTESIAN_POINT('Origin',(48.7124410377222,-116.464457158223,-5.));
#3184=CARTESIAN_POINT('',(48.7156217017413,-114.962163255367,10.));
#3185=CARTESIAN_POINT('Origin',(48.7124410377222,-116.464457158223,10.));
#3186=CARTESIAN_POINT('',(48.7156217017413,-114.962163255367,-5.));
#3187=CARTESIAN_POINT('Origin',(64.5207529296037,-114.995625956718,-5.));
#3188=CARTESIAN_POINT('',(64.5207529296037,-114.995625956718,-5.));
#3189=CARTESIAN_POINT('',(74.3712027525221,-115.016481377395,-5.));
#3190=CARTESIAN_POINT('',(64.5207529296037,-114.995625956718,10.));
#3191=CARTESIAN_POINT('',(64.5207529296037,-114.995625956718,10.));
#3192=CARTESIAN_POINT('',(64.5207529296037,-114.995625956718,-5.));
#3193=CARTESIAN_POINT('Origin',(64.5188442506256,-115.897134815893,-5.));
#3194=CARTESIAN_POINT('',(65.4203287902824,-115.90402618627,-5.));
#3195=CARTESIAN_POINT('Origin',(64.5188442506256,-115.897134815893,-5.));
#3196=CARTESIAN_POINT('',(65.4203287902824,-115.90402618627,10.));
#3197=CARTESIAN_POINT('Origin',(64.5188442506256,-115.897134815893,10.));
#3198=CARTESIAN_POINT('',(65.4203287902824,-115.90402618627,-5.));
#3199=CARTESIAN_POINT('Origin',(63.7550112774434,-134.226708872261,-5.));
#3200=CARTESIAN_POINT('',(63.7550112774434,-134.226708872261,-5.));
#3201=CARTESIAN_POINT('',(65.4393802090278,-115.694412645489,-5.));
#3202=CARTESIAN_POINT('',(63.7550112774434,-134.226708872261,10.));
#3203=CARTESIAN_POINT('',(63.7550112774434,-134.226708872261,10.));
#3204=CARTESIAN_POINT('',(63.7550112774434,-134.226708872261,-5.));
#3205=CARTESIAN_POINT('Origin',(65.7557482111563,-134.274163764723,-5.));
#3206=CARTESIAN_POINT('',(65.4299568500747,-136.24876758164,-5.));
#3207=CARTESIAN_POINT('Origin',(65.7557482111563,-134.274163764723,-5.));
#3208=CARTESIAN_POINT('',(65.4299568500747,-136.24876758164,10.));
#3209=CARTESIAN_POINT('Origin',(65.7557482111563,-134.274163764723,10.));
#3210=CARTESIAN_POINT('',(65.4299568500747,-136.24876758164,-5.));
#3211=CARTESIAN_POINT('Origin',(65.5683068211748,-136.264267370934,-5.));
#3212=CARTESIAN_POINT('',(65.5683068211748,-136.264267370934,-5.));
#3213=CARTESIAN_POINT('',(72.7193543417647,-137.065422072409,-5.));
#3214=CARTESIAN_POINT('',(65.5683068211748,-136.264267370934,10.));
#3215=CARTESIAN_POINT('',(65.5683068211748,-136.264267370934,10.));
#3216=CARTESIAN_POINT('',(65.5683068211748,-136.264267370934,-5.));
#3217=CARTESIAN_POINT('Origin',(82.7470819331067,-137.687740505608,-5.));
#3218=CARTESIAN_POINT('',(82.7470819331067,-137.687740505608,-5.));
#3219=CARTESIAN_POINT('',(81.8929964144956,-137.616968999344,-5.));
#3220=CARTESIAN_POINT('',(82.7470819331067,-137.687740505608,10.));
#3221=CARTESIAN_POINT('',(82.7470819331067,-137.687740505608,10.));
#3222=CARTESIAN_POINT('',(82.7470819331067,-137.687740505608,-5.));
#3223=CARTESIAN_POINT('Origin',(86.8244071427363,-138.710738954546,-5.));
#3224=CARTESIAN_POINT('',(86.8244071427363,-138.710738954546,-5.));
#3225=CARTESIAN_POINT('',(80.8965465104156,-137.223442278269,-5.));
#3226=CARTESIAN_POINT('',(86.8244071427363,-138.710738954546,10.));
#3227=CARTESIAN_POINT('',(86.8244071427363,-138.710738954546,10.));
#3228=CARTESIAN_POINT('',(86.8244071427363,-138.710738954546,-5.));
#3229=CARTESIAN_POINT('Origin',(106.026685240011,-142.159205230718,-5.));
#3230=CARTESIAN_POINT('',(106.026685240011,-142.159205230718,-5.));
#3231=CARTESIAN_POINT('',(91.702796373688,-139.586830877586,-5.));
#3232=CARTESIAN_POINT('',(106.026685240011,-142.159205230718,10.));
#3233=CARTESIAN_POINT('',(106.026685240011,-142.159205230718,10.));
#3234=CARTESIAN_POINT('',(106.026685240011,-142.159205230718,-5.));
#3235=CARTESIAN_POINT('Origin',(108.390272786549,-141.670406890182,-5.));
#3236=CARTESIAN_POINT('',(108.390272786549,-141.670406890182,-5.));
#3237=CARTESIAN_POINT('',(101.077225052625,-143.182771262653,-5.));
#3238=CARTESIAN_POINT('',(108.390272786549,-141.670406890182,10.));
#3239=CARTESIAN_POINT('',(108.390272786549,-141.670406890182,10.));
#3240=CARTESIAN_POINT('',(108.390272786549,-141.670406890182,-5.));
#3241=CARTESIAN_POINT('Origin',(127.043346213826,-148.838456494936,-5.));
#3242=CARTESIAN_POINT('',(127.043346213826,-148.838456494936,-5.));
#3243=CARTESIAN_POINT('',(100.011659300738,-138.450652391305,-5.));
#3244=CARTESIAN_POINT('',(127.043346213826,-148.838456494936,10.));
#3245=CARTESIAN_POINT('',(127.043346213826,-148.838456494936,10.));
#3246=CARTESIAN_POINT('',(127.043346213826,-148.838456494936,-5.));
#3247=CARTESIAN_POINT('Origin',(127.596667937396,-146.765833302282,-5.));
#3248=CARTESIAN_POINT('',(129.572025247209,-147.602430772438,-5.));
#3249=CARTESIAN_POINT('Origin',(127.596667937396,-146.765833302282,-5.));
#3250=CARTESIAN_POINT('',(129.572025247209,-147.602430772438,10.));
#3251=CARTESIAN_POINT('Origin',(127.596667937396,-146.765833302282,10.));
#3252=CARTESIAN_POINT('',(129.572025247209,-147.602430772438,-5.));
#3253=CARTESIAN_POINT('Origin',(135.575203296771,-131.118039023051,-5.));
#3254=CARTESIAN_POINT('',(135.575203296771,-131.118039023051,-5.));
#3255=CARTESIAN_POINT('',(137.779262114996,-125.065816567153,-5.));
#3256=CARTESIAN_POINT('',(135.575203296771,-131.118039023051,10.));
#3257=CARTESIAN_POINT('',(135.575203296771,-131.118039023051,10.));
#3258=CARTESIAN_POINT('',(135.575203296771,-131.118039023051,-5.));
#3259=CARTESIAN_POINT('Origin',(133.106780565481,-130.460427206809,-5.));
#3260=CARTESIAN_POINT('',(134.077628059844,-128.097585861331,-5.));
#3261=CARTESIAN_POINT('Origin',(133.106780565481,-130.460427206809,-5.));
#3262=CARTESIAN_POINT('',(134.077628059844,-128.097585861331,10.));
#3263=CARTESIAN_POINT('Origin',(133.106780565481,-130.460427206809,10.));
#3264=CARTESIAN_POINT('',(134.077628059844,-128.097585861331,-5.));
#3265=CARTESIAN_POINT('Origin',(124.352340379889,-124.555894156015,-5.));
#3266=CARTESIAN_POINT('',(124.352340379889,-124.555894156015,-5.));
#3267=CARTESIAN_POINT('',(102.498119156063,-116.597166704272,-5.));
#3268=CARTESIAN_POINT('',(124.352340379889,-124.555894156015,10.));
#3269=CARTESIAN_POINT('',(124.352340379889,-124.555894156015,10.));
#3270=CARTESIAN_POINT('',(124.352340379889,-124.555894156015,-5.));
#3271=CARTESIAN_POINT('Origin',(124.961879492282,-123.040867909631,-5.));
#3272=CARTESIAN_POINT('',(123.334776463167,-123.180073474954,-5.));
#3273=CARTESIAN_POINT('Origin',(124.961879492282,-123.040867909631,-5.));
#3274=CARTESIAN_POINT('',(123.334776463167,-123.180073474954,10.));
#3275=CARTESIAN_POINT('Origin',(124.961879492282,-123.040867909631,10.));
#3276=CARTESIAN_POINT('',(123.334776463167,-123.180073474954,-5.));
#3277=CARTESIAN_POINT('Origin',(123.334776463167,-116.588601133936,-5.));
#3278=CARTESIAN_POINT('',(123.334776463167,-116.588601133936,-5.));
#3279=CARTESIAN_POINT('',(123.334776463167,-107.653928516953,-5.));
#3280=CARTESIAN_POINT('',(123.334776463167,-116.588601133936,10.));
#3281=CARTESIAN_POINT('',(123.334776463167,-116.588601133936,10.));
#3282=CARTESIAN_POINT('',(123.334776463167,-116.588601133936,-5.));
#3283=CARTESIAN_POINT('Origin',(124.381565310107,-116.660103224264,-5.));
#3284=CARTESIAN_POINT('',(123.569627892815,-115.995545424369,-5.));
#3285=CARTESIAN_POINT('Origin',(124.381565310107,-116.660103224264,-5.));
#3286=CARTESIAN_POINT('',(123.569627892815,-115.995545424369,10.));
#3287=CARTESIAN_POINT('Origin',(124.381565310107,-116.660103224264,10.));
#3288=CARTESIAN_POINT('',(123.569627892815,-115.995545424369,-5.));
#3289=CARTESIAN_POINT('Origin',(126.078457900534,-113.179309368274,-5.));
#3290=CARTESIAN_POINT('',(126.078457900534,-113.179309368274,-5.));
#3291=CARTESIAN_POINT('',(120.417043387097,-119.5344149881,-5.));
#3292=CARTESIAN_POINT('',(126.078457900534,-113.179309368274,10.));
#3293=CARTESIAN_POINT('',(126.078457900534,-113.179309368274,10.));
#3294=CARTESIAN_POINT('',(126.078457900534,-113.179309368274,-5.));
#3295=CARTESIAN_POINT('Origin',(126.307707574542,-113.436380639696,-5.));
#3296=CARTESIAN_POINT('',(126.264519525442,-113.094655832229,-5.));
#3297=CARTESIAN_POINT('Origin',(126.307707574542,-113.436380639696,-5.));
#3298=CARTESIAN_POINT('',(126.264519525442,-113.094655832229,10.));
#3299=CARTESIAN_POINT('Origin',(126.307707574542,-113.436380639696,10.));
#3300=CARTESIAN_POINT('',(126.264519525442,-113.094655832229,-5.));
#3301=CARTESIAN_POINT('Origin',(137.856077288303,-113.094655832229,-5.));
#3302=CARTESIAN_POINT('',(137.856077288303,-113.094655832229,-5.));
#3303=CARTESIAN_POINT('',(111.056139292327,-113.094655832229,-5.));
#3304=CARTESIAN_POINT('',(137.856077288303,-113.094655832229,10.));
#3305=CARTESIAN_POINT('',(137.856077288303,-113.094655832229,10.));
#3306=CARTESIAN_POINT('',(137.856077288303,-113.094655832229,-5.));
#3307=CARTESIAN_POINT('Origin',(137.647891974976,-110.262032973504,-5.));
#3308=CARTESIAN_POINT('',(140.363681684209,-111.093645647578,-5.));
#3309=CARTESIAN_POINT('Origin',(137.647891974976,-110.262032973504,-5.));
#3310=CARTESIAN_POINT('',(140.363681684209,-111.093645647578,10.));
#3311=CARTESIAN_POINT('Origin',(137.647891974976,-110.262032973504,10.));
#3312=CARTESIAN_POINT('',(140.363681684209,-111.093645647578,-5.));
#3313=CARTESIAN_POINT('Origin',(143.04204388056,-101.338127606317,-5.));
#3314=CARTESIAN_POINT('',(143.04204388056,-101.338127606317,-5.));
#3315=CARTESIAN_POINT('',(141.316098185117,-107.62461656329,-5.));
#3316=CARTESIAN_POINT('',(143.04204388056,-101.338127606317,10.));
#3317=CARTESIAN_POINT('',(143.04204388056,-101.338127606317,10.));
#3318=CARTESIAN_POINT('',(143.04204388056,-101.338127606317,-5.));
#3319=CARTESIAN_POINT('Origin',(143.032251686793,-65.6475117051445,-5.));
#3320=CARTESIAN_POINT('',(143.032251686793,-65.6475117051445,-5.));
#3321=CARTESIAN_POINT('',(143.036786310055,-82.1753195639958,-5.));
#3322=CARTESIAN_POINT('',(143.032251686793,-65.6475117051445,10.));
#3323=CARTESIAN_POINT('',(143.032251686793,-65.6475117051445,10.));
#3324=CARTESIAN_POINT('',(143.032251686793,-65.6475117051445,-5.));
#3325=CARTESIAN_POINT('Origin',(141.93000211264,-65.7525803628042,-5.));
#3326=CARTESIAN_POINT('',(141.93000211264,-64.64533443414,-5.));
#3327=CARTESIAN_POINT('Origin',(141.93000211264,-65.7525803628042,-5.));
#3328=CARTESIAN_POINT('',(141.93000211264,-64.64533443414,10.));
#3329=CARTESIAN_POINT('Origin',(141.93000211264,-65.7525803628042,10.));
#3330=CARTESIAN_POINT('',(141.93000211264,-64.64533443414,-5.));
#3331=CARTESIAN_POINT('Origin',(125.157413290477,-64.64533443414,-5.));
#3332=CARTESIAN_POINT('',(125.157413290477,-64.64533443414,-5.));
#3333=CARTESIAN_POINT('',(104.706807293414,-64.64533443414,-5.));
#3334=CARTESIAN_POINT('',(125.157413290477,-64.64533443414,10.));
#3335=CARTESIAN_POINT('',(125.157413290477,-64.64533443414,10.));
#3336=CARTESIAN_POINT('',(125.157413290477,-64.64533443414,-5.));
#3337=CARTESIAN_POINT('Origin',(125.23066774265,-63.3422750422552,-5.));
#3338=CARTESIAN_POINT('',(123.933171059586,-63.4831024223345,-5.));
#3339=CARTESIAN_POINT('Origin',(125.23066774265,-63.3422750422552,-5.));
#3340=CARTESIAN_POINT('',(123.933171059586,-63.4831024223345,10.));
#3341=CARTESIAN_POINT('Origin',(125.23066774265,-63.3422750422552,10.));
#3342=CARTESIAN_POINT('',(123.933171059586,-63.4831024223345,-5.));
#3343=CARTESIAN_POINT('Origin',(123.929793657009,-58.1020356492318,-5.));
#3344=CARTESIAN_POINT('',(123.929793657009,-58.1020356492318,-5.));
#3345=CARTESIAN_POINT('',(123.942532446135,-78.3981873024456,-5.));
#3346=CARTESIAN_POINT('',(123.929793657009,-58.1020356492318,10.));
#3347=CARTESIAN_POINT('',(123.929793657009,-58.1020356492318,10.));
#3348=CARTESIAN_POINT('',(123.929793657009,-58.1020356492318,-5.));
#3349=CARTESIAN_POINT('Origin',(122.425628780599,-58.2260506293859,-5.));
#3350=CARTESIAN_POINT('',(122.554055334593,-56.7222559921581,-5.));
#3351=CARTESIAN_POINT('Origin',(122.425628780599,-58.2260506293859,-5.));
#3352=CARTESIAN_POINT('',(122.554055334593,-56.7222559921581,10.));
#3353=CARTESIAN_POINT('Origin',(122.425628780599,-58.2260506293859,10.));
#3354=CARTESIAN_POINT('',(122.554055334593,-56.7222559921581,-5.));
#3355=CARTESIAN_POINT('Origin',(104.692952157027,-56.7222559921581,-5.));
#3356=CARTESIAN_POINT('',(104.692952157027,-56.7222559921581,-5.));
#3357=CARTESIAN_POINT('',(94.4745767266886,-56.7222559921581,-5.));
#3358=CARTESIAN_POINT('',(104.692952157027,-56.7222559921581,10.));
#3359=CARTESIAN_POINT('',(104.692952157027,-56.7222559921581,10.));
#3360=CARTESIAN_POINT('',(104.692952157027,-56.7222559921581,-5.));
#3361=CARTESIAN_POINT('Origin',(104.692952157027,-56.257928025619,-5.));
#3362=CARTESIAN_POINT('',(104.231045221765,-56.3052824727887,-5.));
#3363=CARTESIAN_POINT('Origin',(104.692952157027,-56.257928025619,-5.));
#3364=CARTESIAN_POINT('',(104.231045221765,-56.3052824727887,10.));
#3365=CARTESIAN_POINT('Origin',(104.692952157027,-56.257928025619,10.));
#3366=CARTESIAN_POINT('',(104.231045221765,-56.3052824727887,-5.));
#3367=CARTESIAN_POINT('Origin',(104.230934220909,-56.1284296979216,-5.));
#3368=CARTESIAN_POINT('',(104.230934220909,-56.1284296979216,-5.));
#3369=CARTESIAN_POINT('',(104.244296252353,-77.4175658862795,-5.));
#3370=CARTESIAN_POINT('',(104.230934220909,-56.1284296979216,10.));
#3371=CARTESIAN_POINT('',(104.230934220909,-56.1284296979216,10.));
#3372=CARTESIAN_POINT('',(104.230934220909,-56.1284296979216,-5.));
#3373=CARTESIAN_POINT('Origin',(102.906583826822,-56.2523984735168,-5.));
#3374=CARTESIAN_POINT('',(103.016791931477,-54.9268320295736,-5.));
#3375=CARTESIAN_POINT('Origin',(102.906583826822,-56.2523984735168,-5.));
#3376=CARTESIAN_POINT('',(103.016791931477,-54.9268320295736,10.));
#3377=CARTESIAN_POINT('Origin',(102.906583826822,-56.2523984735168,10.));
#3378=CARTESIAN_POINT('',(103.016791931477,-54.9268320295736,-5.));
#3379=CARTESIAN_POINT('Origin',(86.7809247693296,-54.9370223992355,-5.));
#3380=CARTESIAN_POINT('',(86.7809247693296,-54.9370223992355,-5.));
#3381=CARTESIAN_POINT('',(85.5048236736848,-54.9378233384007,-5.));
#3382=CARTESIAN_POINT('',(86.7809247693296,-54.9370223992355,10.));
#3383=CARTESIAN_POINT('',(86.7809247693296,-54.9370223992355,10.));
#3384=CARTESIAN_POINT('',(86.7809247693296,-54.9370223992355,-5.));
#3385=CARTESIAN_POINT('Origin',(86.7799703985817,-53.416465520522,-5.));
#3386=CARTESIAN_POINT('',(85.2648090023636,-53.5444501900599,-5.));
#3387=CARTESIAN_POINT('Origin',(86.7799703985817,-53.416465520522,-5.));
#3388=CARTESIAN_POINT('',(85.2648090023636,-53.5444501900599,10.));
#3389=CARTESIAN_POINT('Origin',(86.7799703985817,-53.416465520522,10.));
#3390=CARTESIAN_POINT('',(85.2648090023636,-53.5444501900599,-5.));
#3391=CARTESIAN_POINT('Origin',(85.2739766679104,-51.2506863797563,-5.));
#3392=CARTESIAN_POINT('',(85.2739766679104,-51.2506863797563,-5.));
#3393=CARTESIAN_POINT('',(85.1791093786675,-74.9866258876222,-5.));
#3394=CARTESIAN_POINT('',(85.2739766679104,-51.2506863797563,10.));
#3395=CARTESIAN_POINT('',(85.2739766679104,-51.2506863797563,10.));
#3396=CARTESIAN_POINT('',(85.2739766679104,-51.2506863797563,-5.));
#3397=CARTESIAN_POINT('Origin',(82.3958402695663,-51.426799469978,-5.));
#3398=CARTESIAN_POINT('',(82.4993902509747,-48.5451398180811,-5.));
#3399=CARTESIAN_POINT('Origin',(82.3958402695663,-51.426799469978,-5.));
#3400=CARTESIAN_POINT('',(82.4993902509747,-48.5451398180811,10.));
#3401=CARTESIAN_POINT('Origin',(82.3958402695663,-51.426799469978,10.));
#3402=CARTESIAN_POINT('',(82.4993902509747,-48.5451398180811,-5.));
#3403=CARTESIAN_POINT('Origin',(66.8158043011623,-48.5275320993486,-5.));
#3404=CARTESIAN_POINT('',(66.8158043011623,-48.5275320993486,-5.));
#3405=CARTESIAN_POINT('',(75.5641665071224,-48.5373537499319,-5.));
#3406=CARTESIAN_POINT('',(66.8158043011623,-48.5275320993486,10.));
#3407=CARTESIAN_POINT('',(66.8158043011623,-48.5275320993486,10.));
#3408=CARTESIAN_POINT('',(66.8158043011623,-48.5275320993486,-5.));
#3409=CARTESIAN_POINT('Origin',(66.9260966364873,-51.5165478214537,-5.));
#3410=CARTESIAN_POINT('Origin',(66.9260966364873,-51.5165478214537,-5.));
#3411=CARTESIAN_POINT('Origin',(66.9260966364873,-51.5165478214537,10.));
#3412=CARTESIAN_POINT('Origin',(84.2562012963499,-98.7192558999699,10.));
#3413=CARTESIAN_POINT('',(28.031669348296,-55.9627194485491,10.));
#3414=CARTESIAN_POINT('',(21.4843978176915,-62.2805307165367,10.));
#3415=CARTESIAN_POINT('Origin',(28.0287123422116,-62.5110935262244,10.));
#3416=CARTESIAN_POINT('',(21.4702107941136,-116.27735709139,10.));
#3417=CARTESIAN_POINT('',(21.4702107941136,-116.27735709139,10.));
#3418=CARTESIAN_POINT('',(28.7160921646505,-123.568729113985,10.));
#3419=CARTESIAN_POINT('Origin',(28.983966068491,-116.056503189476,10.));
#3420=CARTESIAN_POINT('',(45.40529107585,-123.558837539392,10.));
#3421=CARTESIAN_POINT('',(45.40529107585,-123.558837539392,10.));
#3422=CARTESIAN_POINT('',(51.031350558229,-118.967075092962,10.));
#3423=CARTESIAN_POINT('Origin',(45.1759282984689,-117.535263196614,10.));
#3424=CARTESIAN_POINT('',(61.1235040648245,-118.988442249863,10.));
#3425=CARTESIAN_POINT('',(61.1235040648245,-118.988442249863,10.));
#3426=CARTESIAN_POINT('',(59.7625594213692,-133.962257551138,10.));
#3427=CARTESIAN_POINT('',(59.7625594213692,-133.962257551138,10.));
#3428=CARTESIAN_POINT('',(64.9090069460002,-140.215428494221,10.));
#3429=CARTESIAN_POINT('Origin',(65.7557482111563,-134.274163764723,10.));
#3430=CARTESIAN_POINT('',(65.1803939437241,-140.245832846663,10.));
#3431=CARTESIAN_POINT('',(65.1803939437241,-140.245832846663,10.));
#3432=CARTESIAN_POINT('',(82.0908528937697,-141.647072682075,10.));
#3433=CARTESIAN_POINT('',(82.0908528937697,-141.647072682075,10.));
#3434=CARTESIAN_POINT('',(85.9832009427518,-142.623660472382,10.));
#3435=CARTESIAN_POINT('',(85.9832009427518,-142.623660472382,10.));
#3436=CARTESIAN_POINT('',(106.08012687466,-146.232793252348,10.));
#3437=CARTESIAN_POINT('',(106.08012687466,-146.232793252348,10.));
#3438=CARTESIAN_POINT('',(108.050998727653,-145.825209918884,10.));
#3439=CARTESIAN_POINT('',(108.050998727653,-145.825209918884,10.));
#3440=CARTESIAN_POINT('',(125.755561005276,-152.628763292071,10.));
#3441=CARTESIAN_POINT('',(125.755561005276,-152.628763292071,10.));
#3442=CARTESIAN_POINT('',(133.304434475364,-149.04289806832,10.));
#3443=CARTESIAN_POINT('Origin',(127.596667937396,-146.765833302282,10.));
#3444=CARTESIAN_POINT('',(139.380500626866,-132.358359660556,10.));
#3445=CARTESIAN_POINT('',(139.380500626866,-132.358359660556,10.));
#3446=CARTESIAN_POINT('',(135.505045208448,-124.360424115834,10.));
#3447=CARTESIAN_POINT('Origin',(133.106780565481,-130.460427206809,10.));
#3448=CARTESIAN_POINT('',(127.334776463167,-121.385029042945,10.));
#3449=CARTESIAN_POINT('',(127.334776463167,-121.385029042945,10.));
#3450=CARTESIAN_POINT('',(127.334776463167,-117.782469944331,10.));
#3451=CARTESIAN_POINT('',(127.334776463167,-117.782469944331,10.));
#3452=CARTESIAN_POINT('',(127.9475122743,-117.094655832229,10.));
#3453=CARTESIAN_POINT('',(127.9475122743,-117.094655832229,10.));
#3454=CARTESIAN_POINT('',(137.971097042885,-117.094655832229,10.));
#3455=CARTESIAN_POINT('',(137.971097042885,-117.094655832229,10.));
#3456=CARTESIAN_POINT('',(144.208829458129,-112.196792903743,10.));
#3457=CARTESIAN_POINT('Origin',(137.647891974976,-110.262032973504,10.));
#3458=CARTESIAN_POINT('',(147.042191798586,-101.876710926994,10.));
#3459=CARTESIAN_POINT('',(147.042191798586,-101.876710926994,10.));
#3460=CARTESIAN_POINT('',(147.032218492745,-65.5259772153232,10.));
#3461=CARTESIAN_POINT('',(147.032218492745,-65.5259772153232,10.));
#3462=CARTESIAN_POINT('',(141.93000211264,-60.64533443414,10.));
#3463=CARTESIAN_POINT('Origin',(141.93000211264,-65.7525803628042,10.));
#3464=CARTESIAN_POINT('',(127.931390735033,-60.64533443414,10.));
#3465=CARTESIAN_POINT('',(127.931390735033,-60.64533443414,10.));
#3466=CARTESIAN_POINT('',(127.929722442683,-57.9873177101089,10.));
#3467=CARTESIAN_POINT('',(127.929722442683,-57.9873177101089,10.));
#3468=CARTESIAN_POINT('',(122.671158898833,-52.7222559921581,10.));
#3469=CARTESIAN_POINT('Origin',(122.425628780599,-58.2260506293859,10.));
#3470=CARTESIAN_POINT('',(106.900139347365,-52.7222559921581,10.));
#3471=CARTESIAN_POINT('',(106.900139347365,-52.7222559921581,10.));
#3472=CARTESIAN_POINT('',(103.125667016873,-50.9267629067337,10.));
#3473=CARTESIAN_POINT('Origin',(102.906583826822,-56.2523984735168,10.));
#3474=CARTESIAN_POINT('',(89.2618020543126,-50.935464499787,10.));
#3475=CARTESIAN_POINT('',(89.2618020543126,-50.935464499787,10.));
#3476=CARTESIAN_POINT('',(82.5585715841557,-44.5452037392059,10.));
#3477=CARTESIAN_POINT('Origin',(82.3958402695663,-51.426799469978,10.));
#3478=CARTESIAN_POINT('',(66.7601765874308,-44.5274671261369,10.));
#3479=CARTESIAN_POINT('',(66.7601765874308,-44.5274671261369,10.));
#3480=CARTESIAN_POINT('',(59.9796410067065,-50.7281744252667,10.));
#3481=CARTESIAN_POINT('Origin',(66.9260966364873,-51.5165478214537,10.));
#3482=CARTESIAN_POINT('',(46.6662423749127,-50.7221625816713,10.));
#3483=CARTESIAN_POINT('',(46.6662423749127,-50.7221625816713,10.));
#3484=CARTESIAN_POINT('',(40.7372784671764,-55.9684568114489,10.));
#3485=CARTESIAN_POINT('Origin',(46.9353502061164,-56.999667665905,10.));
#3486=CARTESIAN_POINT('',(28.031669348296,-55.9627194485491,10.));
#3487=CARTESIAN_POINT('Origin',(84.2562012963499,-98.7192558999699,-5.));
#3488=CARTESIAN_POINT('',(101.025273394702,-75.6777675411706,-5.));
#3489=CARTESIAN_POINT('Origin',(103.275273394702,-75.6777675411706,-5.));
#3490=CARTESIAN_POINT('',(45.8993624008428,-75.6458200880723,-5.));
#3491=CARTESIAN_POINT('Origin',(48.1493624008428,-75.6458200880723,-5.));
#3492=CARTESIAN_POINT('',(68.0224882548548,-111.099997516721,-5.));
#3493=CARTESIAN_POINT('Origin',(70.2724882548548,-111.099997516721,-5.));
#3494=CARTESIAN_POINT('',(106.272056019558,-119.677603507094,-5.));
#3495=CARTESIAN_POINT('Origin',(108.522056019558,-119.677603507094,-5.));
#3496=CARTESIAN_POINT('',(79.5000012218952,-91.0000013560057,-5.));
#3497=CARTESIAN_POINT('Origin',(82.0000012218952,-91.0000013560057,-5.));
#3498=CARTESIAN_POINT('',(45.5000012218952,-95.0000013560057,-5.));
#3499=CARTESIAN_POINT('Origin',(48.0000012218952,-95.0000013560057,-5.));
#3500=CARTESIAN_POINT('',(83.5000012218952,-126.000001356006,-5.));
#3501=CARTESIAN_POINT('Origin',(86.0000012218952,-126.000001356006,-5.));
#3502=CARTESIAN_POINT('Origin',(86.0000012218952,-126.000001356006,-5.));
#3503=CARTESIAN_POINT('',(83.5000012218952,-126.000001356006,-0.2));
#3504=CARTESIAN_POINT('Origin',(86.0000012218952,-126.000001356006,-0.2));
#3505=CARTESIAN_POINT('',(83.5000012218952,-126.000001356006,-5.));
#3506=CARTESIAN_POINT('Origin',(86.0000012218952,-126.000001356006,-0.2));
#3507=CARTESIAN_POINT('Origin',(48.0000012218952,-95.0000013560057,-5.));
#3508=CARTESIAN_POINT('',(45.5000012218952,-95.0000013560057,-0.2));
#3509=CARTESIAN_POINT('Origin',(48.0000012218952,-95.0000013560057,-0.2));
#3510=CARTESIAN_POINT('',(45.5000012218952,-95.0000013560057,-5.));
#3511=CARTESIAN_POINT('Origin',(48.0000012218952,-95.0000013560057,-0.2));
#3512=CARTESIAN_POINT('Origin',(82.0000012218952,-91.0000013560057,-5.));
#3513=CARTESIAN_POINT('',(79.5000012218952,-91.0000013560057,-0.2));
#3514=CARTESIAN_POINT('Origin',(82.0000012218952,-91.0000013560057,-0.2));
#3515=CARTESIAN_POINT('',(79.5000012218952,-91.0000013560057,-5.));
#3516=CARTESIAN_POINT('Origin',(82.0000012218952,-91.0000013560057,-0.2));
#3517=CARTESIAN_POINT('Origin',(103.275273394702,-75.6777675411706,-5.));
#3518=CARTESIAN_POINT('',(102.225273394702,-75.6777675411706,-3.));
#3519=CARTESIAN_POINT('Origin',(103.275273394702,-75.6777675411706,-3.));
#3520=CARTESIAN_POINT('',(102.225273394702,-75.6777675411706,-5.));
#3521=CARTESIAN_POINT('',(102.225273394702,-75.6777675411706,-5.));
#3522=CARTESIAN_POINT('Origin',(103.275273394702,-75.6777675411706,-5.));
#3523=CARTESIAN_POINT('Origin',(103.275273394702,-75.6777675411706,-3.));
#3524=CARTESIAN_POINT('',(101.825273394702,-75.6777675411706,-3.));
#3525=CARTESIAN_POINT('Origin',(103.275273394702,-75.6777675411706,-3.));
#3526=CARTESIAN_POINT('Origin',(108.522056019558,-119.677603507094,-5.));
#3527=CARTESIAN_POINT('',(107.472056019558,-119.677603507094,-3.));
#3528=CARTESIAN_POINT('Origin',(108.522056019558,-119.677603507094,-3.));
#3529=CARTESIAN_POINT('',(107.472056019558,-119.677603507094,-5.));
#3530=CARTESIAN_POINT('',(107.472056019558,-119.677603507094,-5.));
#3531=CARTESIAN_POINT('Origin',(108.522056019558,-119.677603507094,-5.));
#3532=CARTESIAN_POINT('Origin',(108.522056019558,-119.677603507094,-3.));
#3533=CARTESIAN_POINT('',(107.072056019558,-119.677603507094,-3.));
#3534=CARTESIAN_POINT('Origin',(108.522056019558,-119.677603507094,-3.));
#3535=CARTESIAN_POINT('Origin',(48.1493624008428,-75.6458200880723,-5.));
#3536=CARTESIAN_POINT('',(47.0993624008428,-75.6458200880723,-3.));
#3537=CARTESIAN_POINT('Origin',(48.1493624008428,-75.6458200880723,-3.));
#3538=CARTESIAN_POINT('',(47.0993624008428,-75.6458200880723,-5.));
#3539=CARTESIAN_POINT('',(47.0993624008428,-75.6458200880723,-5.));
#3540=CARTESIAN_POINT('Origin',(48.1493624008428,-75.6458200880723,-5.));
#3541=CARTESIAN_POINT('Origin',(48.1493624008428,-75.6458200880723,-3.));
#3542=CARTESIAN_POINT('',(46.6993624008428,-75.6458200880723,-3.));
#3543=CARTESIAN_POINT('Origin',(48.1493624008428,-75.6458200880723,-3.));
#3544=CARTESIAN_POINT('Origin',(70.2724882548548,-111.099997516721,-5.));
#3545=CARTESIAN_POINT('',(69.2224882548548,-111.099997516721,-3.));
#3546=CARTESIAN_POINT('Origin',(70.2724882548548,-111.099997516721,-3.));
#3547=CARTESIAN_POINT('',(69.2224882548548,-111.099997516721,-5.));
#3548=CARTESIAN_POINT('',(69.2224882548548,-111.099997516721,-5.));
#3549=CARTESIAN_POINT('Origin',(70.2724882548548,-111.099997516721,-5.));
#3550=CARTESIAN_POINT('Origin',(70.2724882548548,-111.099997516721,-3.));
#3551=CARTESIAN_POINT('',(68.8224882548548,-111.099997516721,-3.));
#3552=CARTESIAN_POINT('Origin',(70.2724882548548,-111.099997516721,-3.));
#3553=CARTESIAN_POINT('Origin',(103.275273394702,-75.6777675411706,5.55111512312578E-16));
#3554=CARTESIAN_POINT('',(101.025273394702,-75.6777675411706,5.55111512312578E-16));
#3555=CARTESIAN_POINT('Origin',(103.275273394702,-75.6777675411706,5.55111512312578E-16));
#3556=CARTESIAN_POINT('',(101.825273394702,-75.6777675411706,5.55111512312578E-16));
#3557=CARTESIAN_POINT('Origin',(103.275273394702,-75.6777675411706,5.55111512312578E-16));
#3558=CARTESIAN_POINT('Origin',(70.2724882548548,-111.099997516721,5.55111512312578E-16));
#3559=CARTESIAN_POINT('',(68.0224882548548,-111.099997516721,5.55111512312578E-16));
#3560=CARTESIAN_POINT('Origin',(70.2724882548548,-111.099997516721,5.55111512312578E-16));
#3561=CARTESIAN_POINT('',(68.8224882548548,-111.099997516721,5.55111512312578E-16));
#3562=CARTESIAN_POINT('Origin',(70.2724882548548,-111.099997516721,5.55111512312578E-16));
#3563=CARTESIAN_POINT('Origin',(108.522056019558,-119.677603507094,5.55111512312578E-16));
#3564=CARTESIAN_POINT('',(106.272056019558,-119.677603507094,5.55111512312578E-16));
#3565=CARTESIAN_POINT('Origin',(108.522056019558,-119.677603507094,5.55111512312578E-16));
#3566=CARTESIAN_POINT('',(107.072056019558,-119.677603507094,5.55111512312578E-16));
#3567=CARTESIAN_POINT('Origin',(108.522056019558,-119.677603507094,5.55111512312578E-16));
#3568=CARTESIAN_POINT('Origin',(48.1493624008428,-75.6458200880723,5.55111512312578E-16));
#3569=CARTESIAN_POINT('',(45.8993624008428,-75.6458200880723,5.55111512312578E-16));
#3570=CARTESIAN_POINT('Origin',(48.1493624008428,-75.6458200880723,5.55111512312578E-16));
#3571=CARTESIAN_POINT('',(46.6993624008428,-75.6458200880723,5.55111512312578E-16));
#3572=CARTESIAN_POINT('Origin',(48.1493624008428,-75.6458200880723,5.55111512312578E-16));
#3573=CARTESIAN_POINT('Origin',(103.275273394702,-75.6777675411706,-5.));
#3574=CARTESIAN_POINT('',(101.825273394702,-75.6777675411706,-5.));
#3575=CARTESIAN_POINT('Origin',(103.275273394702,-75.6777675411706,-5.));
#3576=CARTESIAN_POINT('',(101.025273394702,-75.6777675411706,-5.));
#3577=CARTESIAN_POINT('Origin',(108.522056019558,-119.677603507094,-5.));
#3578=CARTESIAN_POINT('',(107.072056019558,-119.677603507094,-5.));
#3579=CARTESIAN_POINT('Origin',(108.522056019558,-119.677603507094,-5.));
#3580=CARTESIAN_POINT('',(106.272056019558,-119.677603507094,-5.));
#3581=CARTESIAN_POINT('Origin',(84.2562012963499,-98.7192558999699,-5.));
#3582=CARTESIAN_POINT('Origin',(48.1493624008428,-75.6458200880723,-5.));
#3583=CARTESIAN_POINT('',(46.6993624008428,-75.6458200880723,-5.));
#3584=CARTESIAN_POINT('Origin',(48.1493624008428,-75.6458200880723,-5.));
#3585=CARTESIAN_POINT('',(45.8993624008428,-75.6458200880723,-5.));
#3586=CARTESIAN_POINT('Origin',(84.2562012963499,-98.7192558999699,-5.));
#3587=CARTESIAN_POINT('Origin',(70.2724882548548,-111.099997516721,-5.));
#3588=CARTESIAN_POINT('',(68.8224882548548,-111.099997516721,-5.));
#3589=CARTESIAN_POINT('Origin',(70.2724882548548,-111.099997516721,-5.));
#3590=CARTESIAN_POINT('',(68.0224882548548,-111.099997516721,-5.));
#3591=CARTESIAN_POINT('Origin',(84.2562012963499,-98.7192558999699,-5.));
#3592=CARTESIAN_POINT('Origin',(21.4702107941136,-116.27735709139,-5.));
#3593=CARTESIAN_POINT('',(21.4843978176915,-62.2805307165367,-8.));
#3594=CARTESIAN_POINT('',(21.4843978176915,-62.2805307165367,-5.));
#3595=CARTESIAN_POINT('',(21.4702107941136,-116.27735709139,-8.));
#3596=CARTESIAN_POINT('',(21.4702107941136,-116.27735709139,-8.));
#3597=CARTESIAN_POINT('',(21.4702107941136,-116.27735709139,-5.));
#3598=CARTESIAN_POINT('Origin',(28.983966068491,-116.056503189476,-5.));
#3599=CARTESIAN_POINT('',(28.7160921646505,-123.568729113985,-8.));
#3600=CARTESIAN_POINT('Origin',(28.983966068491,-116.056503189476,-8.));
#3601=CARTESIAN_POINT('',(28.7160921646505,-123.568729113985,-5.));
#3602=CARTESIAN_POINT('Origin',(45.40529107585,-123.558837539392,-5.));
#3603=CARTESIAN_POINT('',(45.40529107585,-123.558837539392,-8.));
#3604=CARTESIAN_POINT('',(45.40529107585,-123.558837539392,-8.));
#3605=CARTESIAN_POINT('',(45.40529107585,-123.558837539392,-5.));
#3606=CARTESIAN_POINT('Origin',(45.1759282984689,-117.535263196614,-5.));
#3607=CARTESIAN_POINT('',(51.031350558229,-118.967075092962,-8.));
#3608=CARTESIAN_POINT('Origin',(45.1759282984689,-117.535263196614,-8.));
#3609=CARTESIAN_POINT('',(51.031350558229,-118.967075092962,-5.));
#3610=CARTESIAN_POINT('Origin',(61.1235040648245,-118.988442249863,-5.));
#3611=CARTESIAN_POINT('',(61.1235040648245,-118.988442249863,-8.));
#3612=CARTESIAN_POINT('',(61.1235040648245,-118.988442249863,-8.));
#3613=CARTESIAN_POINT('',(61.1235040648245,-118.988442249863,-5.));
#3614=CARTESIAN_POINT('Origin',(59.7625594213692,-133.962257551138,-5.));
#3615=CARTESIAN_POINT('',(59.7625594213692,-133.962257551138,-8.));
#3616=CARTESIAN_POINT('',(59.7625594213692,-133.962257551138,-8.));
#3617=CARTESIAN_POINT('',(59.7625594213692,-133.962257551138,-5.));
#3618=CARTESIAN_POINT('Origin',(65.7557482111563,-134.274163764723,-5.));
#3619=CARTESIAN_POINT('',(64.9090069460002,-140.215428494221,-8.));
#3620=CARTESIAN_POINT('Origin',(65.7557482111563,-134.274163764723,-8.));
#3621=CARTESIAN_POINT('',(64.9090069460002,-140.215428494221,-5.));
#3622=CARTESIAN_POINT('Origin',(65.1803939437241,-140.245832846663,-5.));
#3623=CARTESIAN_POINT('',(65.1803939437241,-140.245832846663,-8.));
#3624=CARTESIAN_POINT('',(65.1803939437241,-140.245832846663,-8.));
#3625=CARTESIAN_POINT('',(65.1803939437241,-140.245832846663,-5.));
#3626=CARTESIAN_POINT('Origin',(82.0908528937697,-141.647072682075,-5.));
#3627=CARTESIAN_POINT('',(82.0908528937697,-141.647072682075,-8.));
#3628=CARTESIAN_POINT('',(82.0908528937697,-141.647072682075,-8.));
#3629=CARTESIAN_POINT('',(82.0908528937697,-141.647072682075,-5.));
#3630=CARTESIAN_POINT('Origin',(85.9832009427518,-142.623660472382,-5.));
#3631=CARTESIAN_POINT('',(85.9832009427518,-142.623660472382,-8.));
#3632=CARTESIAN_POINT('',(85.9832009427518,-142.623660472382,-8.));
#3633=CARTESIAN_POINT('',(85.9832009427518,-142.623660472382,-5.));
#3634=CARTESIAN_POINT('Origin',(106.08012687466,-146.232793252348,-5.));
#3635=CARTESIAN_POINT('',(106.08012687466,-146.232793252348,-8.));
#3636=CARTESIAN_POINT('',(106.08012687466,-146.232793252348,-8.));
#3637=CARTESIAN_POINT('',(106.08012687466,-146.232793252348,-5.));
#3638=CARTESIAN_POINT('Origin',(108.050998727653,-145.825209918884,-5.));
#3639=CARTESIAN_POINT('',(108.050998727653,-145.825209918884,-8.));
#3640=CARTESIAN_POINT('',(108.050998727653,-145.825209918884,-8.));
#3641=CARTESIAN_POINT('',(108.050998727653,-145.825209918884,-5.));
#3642=CARTESIAN_POINT('Origin',(125.755561005276,-152.628763292071,-5.));
#3643=CARTESIAN_POINT('',(125.755561005276,-152.628763292071,-8.));
#3644=CARTESIAN_POINT('',(125.755561005276,-152.628763292071,-8.));
#3645=CARTESIAN_POINT('',(125.755561005276,-152.628763292071,-5.));
#3646=CARTESIAN_POINT('Origin',(127.596667937396,-146.765833302282,-5.));
#3647=CARTESIAN_POINT('',(133.304434475364,-149.04289806832,-8.));
#3648=CARTESIAN_POINT('Origin',(127.596667937396,-146.765833302282,-8.));
#3649=CARTESIAN_POINT('',(133.304434475364,-149.04289806832,-5.));
#3650=CARTESIAN_POINT('Origin',(139.380500626866,-132.358359660556,-5.));
#3651=CARTESIAN_POINT('',(139.380500626866,-132.358359660556,-8.));
#3652=CARTESIAN_POINT('',(139.380500626866,-132.358359660556,-8.));
#3653=CARTESIAN_POINT('',(139.380500626866,-132.358359660556,-5.));
#3654=CARTESIAN_POINT('Origin',(133.106780565481,-130.460427206809,-5.));
#3655=CARTESIAN_POINT('',(135.505045208448,-124.360424115834,-8.));
#3656=CARTESIAN_POINT('Origin',(133.106780565481,-130.460427206809,-8.));
#3657=CARTESIAN_POINT('',(135.505045208448,-124.360424115834,-5.));
#3658=CARTESIAN_POINT('Origin',(127.334776463167,-121.385029042945,-5.));
#3659=CARTESIAN_POINT('',(127.334776463167,-121.385029042945,-8.));
#3660=CARTESIAN_POINT('',(127.334776463167,-121.385029042945,-8.));
#3661=CARTESIAN_POINT('',(127.334776463167,-121.385029042945,-5.));
#3662=CARTESIAN_POINT('Origin',(127.334776463167,-117.782469944331,-5.));
#3663=CARTESIAN_POINT('',(127.334776463167,-117.782469944331,-8.));
#3664=CARTESIAN_POINT('',(127.334776463167,-117.782469944331,-8.));
#3665=CARTESIAN_POINT('',(127.334776463167,-117.782469944331,-5.));
#3666=CARTESIAN_POINT('Origin',(127.9475122743,-117.094655832229,-5.));
#3667=CARTESIAN_POINT('',(127.9475122743,-117.094655832229,-8.));
#3668=CARTESIAN_POINT('',(127.9475122743,-117.094655832229,-8.));
#3669=CARTESIAN_POINT('',(127.9475122743,-117.094655832229,-5.));
#3670=CARTESIAN_POINT('Origin',(137.971097042885,-117.094655832229,-5.));
#3671=CARTESIAN_POINT('',(137.971097042885,-117.094655832229,-8.));
#3672=CARTESIAN_POINT('',(137.971097042885,-117.094655832229,-8.));
#3673=CARTESIAN_POINT('',(137.971097042885,-117.094655832229,-5.));
#3674=CARTESIAN_POINT('Origin',(137.647891974976,-110.262032973504,-5.));
#3675=CARTESIAN_POINT('',(144.208829458129,-112.196792903743,-8.));
#3676=CARTESIAN_POINT('Origin',(137.647891974976,-110.262032973504,-8.));
#3677=CARTESIAN_POINT('',(144.208829458129,-112.196792903743,-5.));
#3678=CARTESIAN_POINT('Origin',(147.042191798586,-101.876710926994,-5.));
#3679=CARTESIAN_POINT('',(147.042191798586,-101.876710926994,-8.));
#3680=CARTESIAN_POINT('',(147.042191798586,-101.876710926994,-8.));
#3681=CARTESIAN_POINT('',(147.042191798586,-101.876710926994,-5.));
#3682=CARTESIAN_POINT('Origin',(147.032218492745,-65.5259772153232,-5.));
#3683=CARTESIAN_POINT('',(147.032218492745,-65.5259772153232,-8.));
#3684=CARTESIAN_POINT('',(147.032218492745,-65.5259772153232,-8.));
#3685=CARTESIAN_POINT('',(147.032218492745,-65.5259772153232,-5.));
#3686=CARTESIAN_POINT('Origin',(141.93000211264,-65.7525803628042,-5.));
#3687=CARTESIAN_POINT('',(141.93000211264,-60.64533443414,-8.));
#3688=CARTESIAN_POINT('Origin',(141.93000211264,-65.7525803628042,-8.));
#3689=CARTESIAN_POINT('',(141.93000211264,-60.64533443414,-5.));
#3690=CARTESIAN_POINT('Origin',(127.931390735033,-60.64533443414,-5.));
#3691=CARTESIAN_POINT('',(127.931390735033,-60.64533443414,-8.));
#3692=CARTESIAN_POINT('',(127.931390735033,-60.64533443414,-8.));
#3693=CARTESIAN_POINT('',(127.931390735033,-60.64533443414,-5.));
#3694=CARTESIAN_POINT('Origin',(127.929722442683,-57.9873177101089,-5.));
#3695=CARTESIAN_POINT('',(127.929722442683,-57.9873177101089,-8.));
#3696=CARTESIAN_POINT('',(127.929722442683,-57.9873177101089,-8.));
#3697=CARTESIAN_POINT('',(127.929722442683,-57.9873177101089,-5.));
#3698=CARTESIAN_POINT('Origin',(122.425628780599,-58.2260506293859,-5.));
#3699=CARTESIAN_POINT('',(122.671158898833,-52.7222559921581,-8.));
#3700=CARTESIAN_POINT('Origin',(122.425628780599,-58.2260506293859,-8.));
#3701=CARTESIAN_POINT('',(122.671158898833,-52.7222559921581,-5.));
#3702=CARTESIAN_POINT('Origin',(106.900139347365,-52.7222559921581,-5.));
#3703=CARTESIAN_POINT('',(106.900139347365,-52.7222559921581,-8.));
#3704=CARTESIAN_POINT('',(106.900139347365,-52.7222559921581,-8.));
#3705=CARTESIAN_POINT('',(106.900139347365,-52.7222559921581,-5.));
#3706=CARTESIAN_POINT('Origin',(102.906583826822,-56.2523984735168,-5.));
#3707=CARTESIAN_POINT('',(103.125667016873,-50.9267629067337,-8.));
#3708=CARTESIAN_POINT('Origin',(102.906583826822,-56.2523984735168,-8.));
#3709=CARTESIAN_POINT('',(103.125667016873,-50.9267629067337,-5.));
#3710=CARTESIAN_POINT('Origin',(89.2618020543126,-50.935464499787,-5.));
#3711=CARTESIAN_POINT('',(89.2618020543126,-50.935464499787,-8.));
#3712=CARTESIAN_POINT('',(89.2618020543126,-50.935464499787,-8.));
#3713=CARTESIAN_POINT('',(89.2618020543126,-50.935464499787,-5.));
#3714=CARTESIAN_POINT('Origin',(82.3958402695663,-51.426799469978,-5.));
#3715=CARTESIAN_POINT('',(82.5585715841557,-44.5452037392059,-8.));
#3716=CARTESIAN_POINT('Origin',(82.3958402695663,-51.426799469978,-8.));
#3717=CARTESIAN_POINT('',(82.5585715841557,-44.5452037392059,-5.));
#3718=CARTESIAN_POINT('Origin',(66.7601765874308,-44.5274671261369,-5.));
#3719=CARTESIAN_POINT('',(66.7601765874308,-44.5274671261369,-8.));
#3720=CARTESIAN_POINT('',(66.7601765874308,-44.5274671261369,-8.));
#3721=CARTESIAN_POINT('',(66.7601765874308,-44.5274671261369,-5.));
#3722=CARTESIAN_POINT('Origin',(66.9260966364873,-51.5165478214537,-5.));
#3723=CARTESIAN_POINT('',(59.9796410067065,-50.7281744252667,-8.));
#3724=CARTESIAN_POINT('Origin',(66.9260966364873,-51.5165478214537,-8.));
#3725=CARTESIAN_POINT('',(59.9796410067065,-50.7281744252667,-5.));
#3726=CARTESIAN_POINT('Origin',(46.6662423749127,-50.7221625816713,-5.));
#3727=CARTESIAN_POINT('',(46.6662423749127,-50.7221625816713,-8.));
#3728=CARTESIAN_POINT('',(46.6662423749127,-50.7221625816713,-8.));
#3729=CARTESIAN_POINT('',(46.6662423749127,-50.7221625816713,-5.));
#3730=CARTESIAN_POINT('Origin',(46.9353502061164,-56.999667665905,-5.));
#3731=CARTESIAN_POINT('',(40.7372784671764,-55.9684568114489,-8.));
#3732=CARTESIAN_POINT('Origin',(46.9353502061164,-56.999667665905,-8.));
#3733=CARTESIAN_POINT('',(40.7372784671764,-55.9684568114489,-5.));
#3734=CARTESIAN_POINT('Origin',(28.031669348296,-55.9627194485491,-5.));
#3735=CARTESIAN_POINT('',(28.031669348296,-55.9627194485491,-8.));
#3736=CARTESIAN_POINT('',(28.031669348296,-55.9627194485491,-8.));
#3737=CARTESIAN_POINT('',(28.031669348296,-55.9627194485491,-5.));
#3738=CARTESIAN_POINT('Origin',(28.0287123422116,-62.5110935262244,-5.));
#3739=CARTESIAN_POINT('Origin',(28.0287123422116,-62.5110935262244,-8.));
#3740=CARTESIAN_POINT('Origin',(84.2562012963499,-98.7192558999699,-5.));
#3741=CARTESIAN_POINT('Origin',(84.2562012963499,-98.7192558999699,-8.));
#3742=UNCERTAINTY_MEASURE_WITH_UNIT(LENGTH_MEASURE(0.01),#3746,
'DISTANCE_ACCURACY_VALUE',
'Maximum model space distance between geometric entities at asserted c
onnectivities');
#3743=UNCERTAINTY_MEASURE_WITH_UNIT(LENGTH_MEASURE(0.01),#3746,
'DISTANCE_ACCURACY_VALUE',
'Maximum model space distance between geometric entities at asserted c
onnectivities');
#3744=(
GEOMETRIC_REPRESENTATION_CONTEXT(3)
GLOBAL_UNCERTAINTY_ASSIGNED_CONTEXT((#3742))
GLOBAL_UNIT_ASSIGNED_CONTEXT((#3746,#3748,#3749))
REPRESENTATION_CONTEXT('','3D')
);
#3745=(
GEOMETRIC_REPRESENTATION_CONTEXT(3)
GLOBAL_UNCERTAINTY_ASSIGNED_CONTEXT((#3743))
GLOBAL_UNIT_ASSIGNED_CONTEXT((#3746,#3748,#3749))
REPRESENTATION_CONTEXT('','3D')
);
#3746=(
LENGTH_UNIT()
NAMED_UNIT(*)
SI_UNIT(.MILLI.,.METRE.)
);
#3747=(
LENGTH_UNIT()
NAMED_UNIT(*)
SI_UNIT($,.METRE.)
);
#3748=(
NAMED_UNIT(*)
PLANE_ANGLE_UNIT()
SI_UNIT($,.RADIAN.)
);
#3749=(
NAMED_UNIT(*)
SI_UNIT($,.STERADIAN.)
SOLID_ANGLE_UNIT()
);
#3750=SHAPE_DEFINITION_REPRESENTATION(#3751,#3752);
#3751=PRODUCT_DEFINITION_SHAPE('',$,#3754);
#3752=SHAPE_REPRESENTATION('',(#2214),#3744);
#3753=PRODUCT_DEFINITION_CONTEXT('part definition',#3758,'design');
#3754=PRODUCT_DEFINITION('2026-08-13-00-36-20-143','MX_Case',#3755,#3753);
#3755=PRODUCT_DEFINITION_FORMATION('',$,#3760);
#3756=PRODUCT_RELATED_PRODUCT_CATEGORY('MX_Case','MX_Case',(#3760));
#3757=APPLICATION_PROTOCOL_DEFINITION('international standard',
'automotive_design',2009,#3758);
#3758=APPLICATION_CONTEXT(
'Core Data for Automotive Mechanical Design Process');
#3759=PRODUCT_CONTEXT('part definition',#3758,'mechanical');
#3760=PRODUCT('2026-08-13-00-36-20-143','MX_Case',$,(#3759));
#3761=PRESENTATION_STYLE_ASSIGNMENT((#3793));
#3762=PRESENTATION_STYLE_ASSIGNMENT((#3794));
#3763=PRESENTATION_STYLE_ASSIGNMENT((#3795));
#3764=PRESENTATION_STYLE_ASSIGNMENT((#3796));
#3765=PRESENTATION_STYLE_ASSIGNMENT((#3797));
#3766=PRESENTATION_STYLE_ASSIGNMENT((#3798));
#3767=PRESENTATION_STYLE_ASSIGNMENT((#3799));
#3768=PRESENTATION_STYLE_ASSIGNMENT((#3800));
#3769=PRESENTATION_STYLE_ASSIGNMENT((#3801));
#3770=PRESENTATION_STYLE_ASSIGNMENT((#3802));
#3771=PRESENTATION_STYLE_ASSIGNMENT((#3803));
#3772=PRESENTATION_STYLE_ASSIGNMENT((#3804));
#3773=PRESENTATION_STYLE_ASSIGNMENT((#3805));
#3774=PRESENTATION_STYLE_ASSIGNMENT((#3806));
#3775=PRESENTATION_STYLE_ASSIGNMENT((#3807));
#3776=PRESENTATION_STYLE_ASSIGNMENT((#3808));
#3777=PRESENTATION_STYLE_ASSIGNMENT((#3809));
#3778=PRESENTATION_STYLE_ASSIGNMENT((#3810));
#3779=PRESENTATION_STYLE_ASSIGNMENT((#3811));
#3780=PRESENTATION_STYLE_ASSIGNMENT((#3812));
#3781=PRESENTATION_STYLE_ASSIGNMENT((#3813));
#3782=PRESENTATION_STYLE_ASSIGNMENT((#3814));
#3783=PRESENTATION_STYLE_ASSIGNMENT((#3815));
#3784=PRESENTATION_STYLE_ASSIGNMENT((#3816));
#3785=PRESENTATION_STYLE_ASSIGNMENT((#3817));
#3786=PRESENTATION_STYLE_ASSIGNMENT((#3818));
#3787=PRESENTATION_STYLE_ASSIGNMENT((#3819));
#3788=PRESENTATION_STYLE_ASSIGNMENT((#3820));
#3789=PRESENTATION_STYLE_ASSIGNMENT((#3821));
#3790=PRESENTATION_STYLE_ASSIGNMENT((#3822));
#3791=PRESENTATION_STYLE_ASSIGNMENT((#3823));
#3792=PRESENTATION_STYLE_ASSIGNMENT((#3824));
#3793=SURFACE_STYLE_USAGE(.BOTH.,#3825);
#3794=SURFACE_STYLE_USAGE(.BOTH.,#3826);
#3795=SURFACE_STYLE_USAGE(.BOTH.,#3827);
#3796=SURFACE_STYLE_USAGE(.BOTH.,#3828);
#3797=SURFACE_STYLE_USAGE(.BOTH.,#3829);
#3798=SURFACE_STYLE_USAGE(.BOTH.,#3830);
#3799=SURFACE_STYLE_USAGE(.BOTH.,#3831);
#3800=SURFACE_STYLE_USAGE(.BOTH.,#3832);
#3801=SURFACE_STYLE_USAGE(.BOTH.,#3833);
#3802=SURFACE_STYLE_USAGE(.BOTH.,#3834);
#3803=SURFACE_STYLE_USAGE(.BOTH.,#3835);
#3804=SURFACE_STYLE_USAGE(.BOTH.,#3836);
#3805=SURFACE_STYLE_USAGE(.BOTH.,#3837);
#3806=SURFACE_STYLE_USAGE(.BOTH.,#3838);
#3807=SURFACE_STYLE_USAGE(.BOTH.,#3839);
#3808=SURFACE_STYLE_USAGE(.BOTH.,#3840);
#3809=SURFACE_STYLE_USAGE(.BOTH.,#3841);
#3810=SURFACE_STYLE_USAGE(.BOTH.,#3842);
#3811=SURFACE_STYLE_USAGE(.BOTH.,#3843);
#3812=SURFACE_STYLE_USAGE(.BOTH.,#3844);
#3813=SURFACE_STYLE_USAGE(.BOTH.,#3845);
#3814=SURFACE_STYLE_USAGE(.BOTH.,#3846);
#3815=SURFACE_STYLE_USAGE(.BOTH.,#3847);
#3816=SURFACE_STYLE_USAGE(.BOTH.,#3848);
#3817=SURFACE_STYLE_USAGE(.BOTH.,#3849);
#3818=SURFACE_STYLE_USAGE(.BOTH.,#3850);
#3819=SURFACE_STYLE_USAGE(.BOTH.,#3851);
#3820=SURFACE_STYLE_USAGE(.BOTH.,#3852);
#3821=SURFACE_STYLE_USAGE(.BOTH.,#3853);
#3822=SURFACE_STYLE_USAGE(.BOTH.,#3854);
#3823=SURFACE_STYLE_USAGE(.BOTH.,#3855);
#3824=SURFACE_STYLE_USAGE(.BOTH.,#3856);
#3825=SURFACE_SIDE_STYLE('',(#3857));
#3826=SURFACE_SIDE_STYLE('',(#3858));
#3827=SURFACE_SIDE_STYLE('',(#3859));
#3828=SURFACE_SIDE_STYLE('',(#3860));
#3829=SURFACE_SIDE_STYLE('',(#3861));
#3830=SURFACE_SIDE_STYLE('',(#3862));
#3831=SURFACE_SIDE_STYLE('',(#3863));
#3832=SURFACE_SIDE_STYLE('',(#3864));
#3833=SURFACE_SIDE_STYLE('',(#3865));
#3834=SURFACE_SIDE_STYLE('',(#3866));
#3835=SURFACE_SIDE_STYLE('',(#3867));
#3836=SURFACE_SIDE_STYLE('',(#3868));
#3837=SURFACE_SIDE_STYLE('',(#3869));
#3838=SURFACE_SIDE_STYLE('',(#3870));
#3839=SURFACE_SIDE_STYLE('',(#3871));
#3840=SURFACE_SIDE_STYLE('',(#3872));
#3841=SURFACE_SIDE_STYLE('',(#3873));
#3842=SURFACE_SIDE_STYLE('',(#3874));
#3843=SURFACE_SIDE_STYLE('',(#3875));
#3844=SURFACE_SIDE_STYLE('',(#3876));
#3845=SURFACE_SIDE_STYLE('',(#3877));
#3846=SURFACE_SIDE_STYLE('',(#3878));
#3847=SURFACE_SIDE_STYLE('',(#3879));
#3848=SURFACE_SIDE_STYLE('',(#3880));
#3849=SURFACE_SIDE_STYLE('',(#3881));
#3850=SURFACE_SIDE_STYLE('',(#3882));
#3851=SURFACE_SIDE_STYLE('',(#3883));
#3852=SURFACE_SIDE_STYLE('',(#3884));
#3853=SURFACE_SIDE_STYLE('',(#3885));
#3854=SURFACE_SIDE_STYLE('',(#3886));
#3855=SURFACE_SIDE_STYLE('',(#3887));
#3856=SURFACE_SIDE_STYLE('',(#3888));
#3857=SURFACE_STYLE_FILL_AREA(#3889);
#3858=SURFACE_STYLE_FILL_AREA(#3890);
#3859=SURFACE_STYLE_FILL_AREA(#3891);
#3860=SURFACE_STYLE_FILL_AREA(#3892);
#3861=SURFACE_STYLE_FILL_AREA(#3893);
#3862=SURFACE_STYLE_FILL_AREA(#3894);
#3863=SURFACE_STYLE_FILL_AREA(#3895);
#3864=SURFACE_STYLE_FILL_AREA(#3896);
#3865=SURFACE_STYLE_FILL_AREA(#3897);
#3866=SURFACE_STYLE_FILL_AREA(#3898);
#3867=SURFACE_STYLE_FILL_AREA(#3899);
#3868=SURFACE_STYLE_FILL_AREA(#3900);
#3869=SURFACE_STYLE_FILL_AREA(#3901);
#3870=SURFACE_STYLE_FILL_AREA(#3902);
#3871=SURFACE_STYLE_FILL_AREA(#3903);
#3872=SURFACE_STYLE_FILL_AREA(#3904);
#3873=SURFACE_STYLE_FILL_AREA(#3905);
#3874=SURFACE_STYLE_FILL_AREA(#3906);
#3875=SURFACE_STYLE_FILL_AREA(#3907);
#3876=SURFACE_STYLE_FILL_AREA(#3908);
#3877=SURFACE_STYLE_FILL_AREA(#3909);
#3878=SURFACE_STYLE_FILL_AREA(#3910);
#3879=SURFACE_STYLE_FILL_AREA(#3911);
#3880=SURFACE_STYLE_FILL_AREA(#3912);
#3881=SURFACE_STYLE_FILL_AREA(#3913);
#3882=SURFACE_STYLE_FILL_AREA(#3914);
#3883=SURFACE_STYLE_FILL_AREA(#3915);
#3884=SURFACE_STYLE_FILL_AREA(#3916);
#3885=SURFACE_STYLE_FILL_AREA(#3917);
#3886=SURFACE_STYLE_FILL_AREA(#3918);
#3887=SURFACE_STYLE_FILL_AREA(#3919);
#3888=SURFACE_STYLE_FILL_AREA(#3920);
#3889=FILL_AREA_STYLE('Steel - Satin',(#3921));
#3890=FILL_AREA_STYLE('Opaque(38,37,37)',(#3922));
#3891=FILL_AREA_STYLE('Opaque(210,209,199)',(#3923));
#3892=FILL_AREA_STYLE('Opaque(176,169,152)',(#3924));
#3893=FILL_AREA_STYLE('Opaque(228,227,207)',(#3925));
#3894=FILL_AREA_STYLE('Opaque(64,64,64)',(#3926));
#3895=FILL_AREA_STYLE('Opaque(255,255,255)',(#3927));
#3896=FILL_AREA_STYLE('Opaque(160,160,160)',(#3928));
#3897=FILL_AREA_STYLE('Opaque(38,38,38)',(#3929));
#3898=FILL_AREA_STYLE('Opaque(204,204,204)',(#3930));
#3899=FILL_AREA_STYLE('Opaque(163,131,49)',(#3931));
#3900=FILL_AREA_STYLE('Opaque(191,191,191)',(#3932));
#3901=FILL_AREA_STYLE('Opaque(255,254,246)',(#3933));
#3902=FILL_AREA_STYLE('Opaque(5,5,5)',(#3934));
#3903=FILL_AREA_STYLE('Opaque(235,235,235)',(#3935));
#3904=FILL_AREA_STYLE('Opaque(243,203,124)',(#3936));
#3905=FILL_AREA_STYLE('Opaque(254,195,40)',(#3937));
#3906=FILL_AREA_STYLE('Opaque(219,188,126)',(#3938));
#3907=FILL_AREA_STYLE('Opaque(87,173,113)',(#3939));
#3908=FILL_AREA_STYLE('Opaque(48,59,150)',(#3940));
#3909=FILL_AREA_STYLE('Opaque(105,105,105)',(#3941));
#3910=FILL_AREA_STYLE('Opaque(255,206,127)',(#3942));
#3911=FILL_AREA_STYLE('Opaque(240,204,134)',(#3943));
#3912=FILL_AREA_STYLE('Opaque(153,153,153)',(#3944));
#3913=FILL_AREA_STYLE('Opaque(191,153,119)',(#3945));
#3914=FILL_AREA_STYLE('Opaque(25,25,25)',(#3946));
#3915=FILL_AREA_STYLE('Opaque(63,63,63)',(#3947));
#3916=FILL_AREA_STYLE('Opaque(245,245,246)',(#3948));
#3917=FILL_AREA_STYLE('Opaque(39,39,39)',(#3949));
#3918=FILL_AREA_STYLE('Opaque(59,59,59)',(#3950));
#3919=FILL_AREA_STYLE('Opaque(227,227,227)',(#3951));
#3920=FILL_AREA_STYLE('Opaque(173,179,147)',(#3952));
#3921=FILL_AREA_STYLE_COLOUR('Steel - Satin',#3953);
#3922=FILL_AREA_STYLE_COLOUR('Opaque(38,37,37)',#3954);
#3923=FILL_AREA_STYLE_COLOUR('Opaque(210,209,199)',#3955);
#3924=FILL_AREA_STYLE_COLOUR('Opaque(176,169,152)',#3956);
#3925=FILL_AREA_STYLE_COLOUR('Opaque(228,227,207)',#3957);
#3926=FILL_AREA_STYLE_COLOUR('Opaque(64,64,64)',#3958);
#3927=FILL_AREA_STYLE_COLOUR('Opaque(255,255,255)',#3959);
#3928=FILL_AREA_STYLE_COLOUR('Opaque(160,160,160)',#3960);
#3929=FILL_AREA_STYLE_COLOUR('Opaque(38,38,38)',#3961);
#3930=FILL_AREA_STYLE_COLOUR('Opaque(204,204,204)',#3962);
#3931=FILL_AREA_STYLE_COLOUR('Opaque(163,131,49)',#3963);
#3932=FILL_AREA_STYLE_COLOUR('Opaque(191,191,191)',#3964);
#3933=FILL_AREA_STYLE_COLOUR('Opaque(255,254,246)',#3965);
#3934=FILL_AREA_STYLE_COLOUR('Opaque(5,5,5)',#3966);
#3935=FILL_AREA_STYLE_COLOUR('Opaque(235,235,235)',#3967);
#3936=FILL_AREA_STYLE_COLOUR('Opaque(243,203,124)',#3968);
#3937=FILL_AREA_STYLE_COLOUR('Opaque(254,195,40)',#3969);
#3938=FILL_AREA_STYLE_COLOUR('Opaque(219,188,126)',#3970);
#3939=FILL_AREA_STYLE_COLOUR('Opaque(87,173,113)',#3971);
#3940=FILL_AREA_STYLE_COLOUR('Opaque(48,59,150)',#3972);
#3941=FILL_AREA_STYLE_COLOUR('Opaque(105,105,105)',#3973);
#3942=FILL_AREA_STYLE_COLOUR('Opaque(255,206,127)',#3974);
#3943=FILL_AREA_STYLE_COLOUR('Opaque(240,204,134)',#3975);
#3944=FILL_AREA_STYLE_COLOUR('Opaque(153,153,153)',#3976);
#3945=FILL_AREA_STYLE_COLOUR('Opaque(191,153,119)',#3977);
#3946=FILL_AREA_STYLE_COLOUR('Opaque(25,25,25)',#3978);
#3947=FILL_AREA_STYLE_COLOUR('Opaque(63,63,63)',#3979);
#3948=FILL_AREA_STYLE_COLOUR('Opaque(245,245,246)',#3980);
#3949=FILL_AREA_STYLE_COLOUR('Opaque(39,39,39)',#3981);
#3950=FILL_AREA_STYLE_COLOUR('Opaque(59,59,59)',#3982);
#3951=FILL_AREA_STYLE_COLOUR('Opaque(227,227,227)',#3983);
#3952=FILL_AREA_STYLE_COLOUR('Opaque(173,179,147)',#3984);
#3953=COLOUR_RGB('Steel - Satin',0.627450980392157,0.627450980392157,0.627450980392157);
#3954=COLOUR_RGB('Opaque(38,37,37)',0.149019607843137,0.145098039215686,
0.145098039215686);
#3955=COLOUR_RGB('Opaque(210,209,199)',0.823529411764706,0.819607843137255,
0.780392156862745);
#3956=COLOUR_RGB('Opaque(176,169,152)',0.690196078431373,0.662745098039216,
0.596078431372549);
#3957=COLOUR_RGB('Opaque(228,227,207)',0.894117647058824,0.890196078431372,
0.811764705882353);
#3958=COLOUR_RGB('Opaque(64,64,64)',0.250980392156863,0.250980392156863,
0.250980392156863);
#3959=COLOUR_RGB('Opaque(255,255,255)',1.,1.,1.);
#3960=COLOUR_RGB('Opaque(160,160,160)',0.627450980392157,0.627450980392157,
0.627450980392157);
#3961=COLOUR_RGB('Opaque(38,38,38)',0.149019607843137,0.149019607843137,
0.149019607843137);
#3962=COLOUR_RGB('Opaque(204,204,204)',0.8,0.8,0.8);
#3963=COLOUR_RGB('Opaque(163,131,49)',0.63921568627451,0.513725490196078,
0.192156862745098);
#3964=COLOUR_RGB('Opaque(191,191,191)',0.749019607843137,0.749019607843137,
0.749019607843137);
#3965=COLOUR_RGB('Opaque(255,254,246)',1.,0.996078431372549,0.964705882352941);
#3966=COLOUR_RGB('Opaque(5,5,5)',0.0196078431372549,0.0196078431372549,
0.0196078431372549);
#3967=COLOUR_RGB('Opaque(235,235,235)',0.92156862745098,0.92156862745098,
0.92156862745098);
#3968=COLOUR_RGB('Opaque(243,203,124)',0.952941176470588,0.796078431372549,
0.486274509803922);
#3969=COLOUR_RGB('Opaque(254,195,40)',0.996078431372549,0.764705882352941,
0.156862745098039);
#3970=COLOUR_RGB('Opaque(219,188,126)',0.858823529411765,0.737254901960784,
0.494117647058824);
#3971=COLOUR_RGB('Opaque(87,173,113)',0.341176470588235,0.67843137254902,
0.443137254901961);
#3972=COLOUR_RGB('Opaque(48,59,150)',0.188235294117647,0.231372549019608,
0.588235294117647);
#3973=COLOUR_RGB('Opaque(105,105,105)',0.411764705882353,0.411764705882353,
0.411764705882353);
#3974=COLOUR_RGB('Opaque(255,206,127)',1.,0.807843137254902,0.498039215686275);
#3975=COLOUR_RGB('Opaque(240,204,134)',0.941176470588235,0.8,0.525490196078431);
#3976=COLOUR_RGB('Opaque(153,153,153)',0.6,0.6,0.6);
#3977=COLOUR_RGB('Opaque(191,153,119)',0.749019607843137,0.6,0.466666666666667);
#3978=COLOUR_RGB('Opaque(25,25,25)',0.0980392156862745,0.0980392156862745,
0.0980392156862745);
#3979=COLOUR_RGB('Opaque(63,63,63)',0.250980392156863,0.250980392156863,
0.250980392156863);
#3980=COLOUR_RGB('Opaque(245,245,246)',0.96078431372549,0.96078431372549,
0.964705882352941);
#3981=COLOUR_RGB('Opaque(39,39,39)',0.152941176470588,0.152941176470588,
0.152941176470588);
#3982=COLOUR_RGB('Opaque(59,59,59)',0.231372549019608,0.231372549019608,
0.231372549019608);
#3983=COLOUR_RGB('Opaque(227,227,227)',0.890196078431372,0.890196078431372,
0.890196078431372);
#3984=COLOUR_RGB('Opaque(173,179,147)',0.67843137254902,0.701960784313725,
0.576470588235294);
ENDSEC;
END-ISO-10303-21;
